Episode,Total Reward,Hits,False Positives,Repeats,Avg Loss
1,-22.0,0,20,1,0.0
2,-12.0,2,18,2,0.0
3,-28.0,0,20,4,0.0
4,-10.0,2,18,1,0.0
5,4.0,4,16,0,0.0
6,-26.0,0,20,3,0.0
7,-10.0,2,18,1,0.0
8,-10.0,2,18,1,0.0
9,-10.0,2,18,1,0.0
10,-6.0,3,17,2,0.0
11,-16.0,1,19,1,0.0
12,-16.0,1,19,1,0.0
13,-26.0,0,20,3,0.0
14,2.0,4,16,1,0.0
15,-10.0,4,16,7,0.0
16,-14.0,1,19,0,0.0
17,-22.0,0,20,1,0.0
18,-16.0,2,18,4,0.0
19,-22.0,0,20,1,0.0
20,-4.0,3,17,1,0.0
21,-14.0,2,18,3,0.0
22,-14.0,2,18,3,0.0
23,-12.0,2,18,2,0.0
24,-18.0,1,19,2,0.0
25,6.0,5,15,2,0.0
26,-22.0,1,19,4,0.0
27,-16.0,2,18,4,0.0
28,-8.0,2,18,0,0.0
29,-2.0,3,17,0,0.0
30,-10.0,2,18,1,0.0
31,-20.0,1,19,3,0.0
32,-14.0,2,18,3,0.36099134882291156
33,-22.0,1,19,4,0.0
34,-16.0,1,19,1,0.0
35,-16.0,1,19,1,0.0
36,-4.0,3,17,1,0.0
37,6.0,5,15,2,0.0
38,-16.0,2,18,4,0.0
39,-12.0,2,18,2,0.0
40,-10.0,3,17,4,0.0
41,-6.0,3,17,2,0.0
42,-12.0,2,18,2,0.0
43,-12.0,2,18,2,0.0
44,-22.0,1,19,4,0.0
45,-6.0,3,17,2,0.0
46,-14.0,2,18,3,0.0
47,-16.0,1,19,1,0.0
48,-16.0,1,19,1,0.0
49,-22.0,0,20,1,0.0
50,-10.0,2,18,1,0.0
51,10.0,5,15,0,0.0
52,-16.0,1,19,1,0.0
53,-18.0,1,19,2,0.0
54,-24.0,0,20,2,0.0
55,-8.0,2,18,0,0.0
56,-16.0,1,19,1,0.0
57,-20.0,1,19,3,0.0
58,-8.0,3,17,3,0.0
59,-12.0,2,18,2,0.0
60,-20.0,2,18,6,0.0
61,2.0,4,16,1,0.0
62,-12.0,2,18,2,0.0
63,-12.0,3,17,5,0.0
64,-10.0,2,18,1,0.35983946174383163
65,-22.0,0,20,1,0.0
66,-14.0,1,19,0,0.0
67,-14.0,1,19,0,0.0
68,-10.0,3,17,4,0.0
69,-16.0,1,19,1,0.0
70,-4.0,3,17,1,0.0
71,-8.0,2,18,0,0.0
72,-12.0,2,18,2,0.0
73,-12.0,2,18,2,0.0
74,-2.0,3,17,0,0.0
75,-12.0,2,18,2,0.0
76,-10.0,2,18,1,0.0
77,-22.0,1,19,4,0.0
78,-10.0,2,18,1,0.0
79,-12.0,2,18,2,0.0
80,-14.0,1,19,0,0.0
81,-14.0,2,18,3,0.0
82,-4.0,3,17,1,0.0
83,-16.0,1,19,1,0.0
84,-2.0,3,17,0,0.0
85,0.0,4,16,2,0.0
86,-18.0,1,19,2,0.0
87,-4.0,3,17,1,0.0
88,-4.0,3,17,1,0.0
89,-8.0,2,18,0,0.0
90,-16.0,1,19,1,0.0
91,-16.0,1,19,1,0.0
92,-4.0,3,17,1,0.0
93,4.0,4,16,0,0.0
94,-4.0,3,17,1,0.0
95,-10.0,2,18,1,0.0
96,-10.0,2,18,1,0.3676234359542529
97,-24.0,0,20,2,0.0
98,-8.0,3,17,3,0.0
99,12.0,6,14,2,0.0
100,-20.0,1,19,3,0.0
101,-18.0,1,19,2,0.0
102,-2.0,4,16,3,0.0
103,-4.0,3,17,1,0.0
104,-28.0,0,20,4,0.0
105,-10.0,2,18,1,0.0
106,-14.0,2,18,3,0.0
107,-12.0,2,18,2,0.0
108,-6.0,3,17,2,0.0
109,-10.0,2,18,1,0.0
110,-14.0,2,18,3,0.0
111,-20.0,1,19,3,0.0
112,-14.0,2,18,3,0.0
113,-12.0,2,18,2,0.0
114,-20.0,2,18,6,0.0
115,-14.0,1,19,0,0.0
116,-20.0,1,19,3,0.0
117,-14.0,1,19,0,0.0
118,-18.0,1,19,2,0.0
119,-22.0,0,20,1,0.0
120,-22.0,0,20,1,0.0
121,-12.0,2,18,2,0.0
122,-6.0,3,17,2,0.0
123,-18.0,1,19,2,0.0
124,-24.0,0,20,2,0.0
125,-14.0,1,19,0,0.0
126,-6.0,3,17,2,0.0
127,-10.0,2,18,1,0.0
128,0.0,4,16,2,0.36642765005429584
129,-2.0,3,17,0,0.0
130,-18.0,1,19,2,0.0
131,-20.0,1,19,3,0.0
132,-22.0,0,20,1,0.0
133,-12.0,2,18,2,0.0
134,-2.0,3,17,0,0.0
135,-12.0,2,18,2,0.0
136,-14.0,2,18,3,0.0
137,-4.0,4,16,4,0.0
138,-2.0,3,17,0,0.0
139,-22.0,0,20,1,0.0
140,-12.0,2,18,2,0.0
141,-12.0,2,18,2,0.0
142,-26.0,0,20,3,0.0
143,-22.0,1,19,4,0.0
144,0.0,4,16,2,0.0
145,-12.0,2,18,2,0.0
146,-12.0,2,18,2,0.0
147,-18.0,1,19,2,0.0
148,-22.0,1,19,4,0.0
149,-2.0,4,16,3,0.0
150,12.0,6,14,2,0.0
151,-12.0,2,18,2,0.0
152,-12.0,2,18,2,0.0
153,-24.0,0,20,2,0.0
154,-14.0,2,18,3,0.0
155,-18.0,2,18,5,0.0
156,-12.0,2,18,2,0.0
157,-14.0,1,19,0,0.0
158,0.0,4,16,2,0.0
159,-22.0,0,20,1,0.0
160,-10.0,3,17,4,0.37004418422778446
161,-18.0,2,18,5,0.0
162,2.0,4,16,1,0.0
163,8.0,5,15,1,0.0
164,-12.0,2,18,2,0.0
165,-20.0,1,19,3,0.0
166,8.0,5,15,1,0.0
167,-4.0,3,17,1,0.0
168,-12.0,2,18,2,0.0
169,-16.0,2,18,4,0.0
170,-10.0,2,18,1,0.0
171,-16.0,1,19,1,0.0
172,-12.0,3,17,5,0.0
173,-2.0,3,17,0,0.0
174,10.0,5,15,0,0.0
175,-24.0,1,19,5,0.0
176,-2.0,3,17,0,0.0
177,-8.0,3,17,3,0.0
178,-2.0,4,16,3,0.0
179,-4.0,3,17,1,0.0
180,-16.0,1,19,1,0.0
181,-14.0,2,18,3,0.0
182,-18.0,1,19,2,0.0
183,6.0,5,15,2,0.0
184,-16.0,1,19,1,0.0
185,-8.0,2,18,0,0.0
186,-16.0,2,18,4,0.0
187,-12.0,2,18,2,0.0
188,0.0,4,16,2,0.0
189,-18.0,1,19,2,0.0
190,-10.0,2,18,1,0.0
191,-24.0,0,20,2,0.0
192,-4.0,4,16,4,0.3715268795688947
193,-18.0,1,19,2,0.0
194,-6.0,3,17,2,0.0
195,-10.0,2,18,1,0.0
196,-22.0,0,20,1,0.0
197,-18.0,1,19,2,0.0
198,-12.0,2,18,2,0.0
199,-20.0,0,20,0,0.0
200,-8.0,3,17,3,0.0
201,-6.0,3,17,2,0.0
202,2.0,4,16,1,0.0
203,-6.0,3,17,2,0.0
204,-16.0,2,18,4,0.0
205,6.0,5,15,2,0.0
206,-22.0,1,19,4,0.0
207,20.0,7,13,1,0.0
208,-2.0,4,16,3,0.0
209,-12.0,2,18,2,0.0
210,-14.0,2,18,3,0.0
211,-12.0,2,18,2,0.0
212,-14.0,2,18,3,0.0
213,-22.0,0,20,1,0.0
214,-4.0,4,16,4,0.0
215,-18.0,1,19,2,0.0
216,4.0,4,16,0,0.0
217,2.0,4,16,1,0.0
218,-8.0,2,18,0,0.0
219,-4.0,3,17,1,0.0
220,-20.0,1,19,3,0.0
221,-12.0,2,18,2,0.0
222,-10.0,2,18,1,0.0
223,-8.0,2,18,0,0.0
224,-16.0,1,19,1,0.3668603152036667
225,2.0,4,16,1,0.0
226,-8.0,2,18,0,0.0
227,-20.0,1,19,3,0.0
228,-16.0,1,19,1,0.0
229,0.0,4,16,2,0.0
230,-12.0,2,18,2,0.0
231,2.0,4,16,1,0.0
232,2.0,4,16,1,0.0
233,6.0,5,15,2,0.0
234,-2.0,4,16,3,0.0
235,2.0,4,16,1,0.0
236,-10.0,3,17,4,0.0
237,-10.0,2,18,1,0.0
238,-18.0,1,19,2,0.0
239,-6.0,3,17,2,0.0
240,-16.0,2,18,4,0.0
241,-10.0,2,18,1,0.0
242,-16.0,2,18,4,0.0
243,-2.0,3,17,0,0.0
244,6.0,5,15,2,0.0
245,2.0,4,16,1,0.0
246,6.0,5,15,2,0.0
247,6.0,5,15,2,0.0
248,14.0,6,14,1,0.0
249,-2.0,3,17,0,0.0
250,-14.0,1,19,0,0.0
251,-6.0,3,17,2,0.0
252,6.0,5,15,2,0.0
253,2.0,4,16,1,0.0
254,-16.0,2,18,4,0.0
255,-12.0,2,18,2,0.0
256,-20.0,1,19,3,0.37065399686495465
257,-2.0,3,17,0,0.0
258,-12.0,2,18,2,0.0
259,-4.0,3,17,1,0.0
260,2.0,4,16,1,0.0
261,-20.0,0,20,0,0.0
262,-14.0,2,18,3,0.0
263,-12.0,2,18,2,0.0
264,0.0,4,16,2,0.0
265,-20.0,1,19,3,0.0
266,-8.0,3,17,3,0.0
267,-16.0,1,19,1,0.0
268,-22.0,1,19,4,0.0
269,-18.0,1,19,2,0.0
270,-6.0,3,17,2,0.0
271,0.0,4,16,2,0.0
272,-26.0,0,20,3,0.0
273,-4.0,3,17,1,0.0
274,-14.0,2,18,3,0.0
275,6.0,5,15,2,0.0
276,2.0,4,16,1,0.0
277,-6.0,3,17,2,0.0
278,-2.0,4,16,3,0.0
279,-14.0,1,19,0,0.0
280,-14.0,2,18,3,0.0
281,2.0,4,16,1,0.0
282,-4.0,4,16,4,0.0
283,-10.0,2,18,1,0.0
284,-14.0,2,18,3,0.0
285,-14.0,2,18,3,0.0
286,-18.0,1,19,2,0.0
287,0.0,4,16,2,0.0
288,-12.0,2,18,2,0.36426891883214313
289,-14.0,1,19,0,0.0
290,-4.0,5,15,7,0.0
291,-22.0,1,19,4,0.0
292,-24.0,0,20,2,0.0
293,-22.0,1,19,4,0.0
294,-4.0,4,16,4,0.0
295,-2.0,4,16,3,0.0
296,-10.0,2,18,1,0.0
297,-12.0,2,18,2,0.0
298,-12.0,2,18,2,0.0
299,-20.0,1,19,3,0.0
300,-14.0,2,18,3,0.0
301,-16.0,1,19,1,0.0
302,-8.0,3,17,3,0.0
303,12.0,6,14,2,0.0
304,-22.0,1,19,4,0.0
305,-6.0,3,17,2,0.0
306,22.0,8,12,3,0.0
307,-8.0,3,17,3,0.0
308,14.0,7,13,4,0.0
309,-10.0,2,18,1,0.0
310,-12.0,2,18,2,0.0
311,0.0,4,16,2,0.0
312,-8.0,3,17,3,0.0
313,12.0,6,14,2,0.0
314,16.0,6,14,0,0.0
315,0.0,4,16,2,0.0
316,16.0,6,14,0,0.0
317,-22.0,0,20,1,0.0
318,-4.0,4,16,4,0.0
319,-14.0,2,18,3,0.0
320,0.0,4,16,2,0.3831407204270363
321,-10.0,3,17,4,0.0
322,-4.0,3,17,1,0.0
323,8.0,5,15,1,0.0
324,-10.0,2,18,1,0.0
325,4.0,4,16,0,0.0
326,-2.0,3,17,0,0.0
327,8.0,6,14,4,0.0
328,-6.0,3,17,2,0.0
329,2.0,4,16,1,0.0
330,-12.0,2,18,2,0.0
331,-4.0,3,17,1,0.0
332,-12.0,2,18,2,0.0
333,4.0,4,16,0,0.0
334,-8.0,3,17,3,0.0
335,6.0,5,15,2,0.0
336,-16.0,1,19,1,0.0
337,-4.0,4,16,4,0.0
338,-12.0,3,17,5,0.0
339,2.0,5,15,4,0.0
340,-2.0,5,15,6,0.0
341,2.0,4,16,1,0.0
342,8.0,5,15,1,0.0
343,-4.0,3,17,1,0.0
344,10.0,5,15,0,0.0
345,-10.0,2,18,1,0.0
346,0.0,4,16,2,0.0
347,0.0,4,16,2,0.0
348,-10.0,2,18,1,0.0
349,2.0,5,15,4,0.0
350,-4.0,3,17,1,0.0
351,-4.0,3,17,1,0.0
352,2.0,4,16,1,0.3900447686513265
353,-10.0,2,18,1,0.0
354,-2.0,3,17,0,0.0
355,-4.0,3,17,1,0.0
356,10.0,5,15,0,0.0
357,-16.0,1,19,1,0.0
358,-4.0,3,17,1,0.0
359,6.0,5,15,2,0.0
360,4.0,4,16,0,0.0
361,-16.0,1,19,1,0.0
362,-8.0,2,18,0,0.0
363,0.0,4,16,2,0.0
364,2.0,5,15,4,0.0
365,-4.0,4,16,4,0.0
366,-16.0,1,19,1,0.0
367,16.0,6,14,0,0.0
368,-4.0,3,17,1,0.0
369,0.0,4,16,2,0.0
370,-18.0,1,19,2,0.0
371,-10.0,3,17,4,0.0
372,-10.0,3,17,4,0.0
373,-10.0,2,18,1,0.0
374,4.0,5,15,3,0.0
375,-4.0,3,17,1,0.0
376,-4.0,3,17,1,0.0
377,-12.0,2,18,2,0.0
378,8.0,5,15,1,0.0
379,-12.0,2,18,2,0.0
380,-10.0,3,17,4,0.0
381,-10.0,2,18,1,0.0
382,6.0,5,15,2,0.0
383,-16.0,2,18,4,0.0
384,-18.0,2,18,5,0.39110830922921497
385,-28.0,0,20,4,0.0
386,-14.0,2,18,3,0.0
387,-6.0,3,17,2,0.0
388,10.0,6,14,3,0.0
389,4.0,4,16,0,0.0
390,2.0,4,16,1,0.0
391,-4.0,4,16,4,0.0
392,18.0,7,13,2,0.0
393,6.0,5,15,2,0.0
394,-12.0,2,18,2,0.0
395,-8.0,2,18,0,0.0
396,20.0,7,13,1,0.0
397,-30.0,0,20,5,0.0
398,-16.0,2,18,4,0.0
399,-14.0,2,18,3,0.0
400,-22.0,1,19,4,0.0
401,-22.0,1,19,4,0.0
402,10.0,6,14,3,0.0
403,2.0,4,16,1,0.0
404,-12.0,2,18,2,0.0
405,2.0,5,15,4,0.0
406,-12.0,2,18,2,0.0
407,-12.0,2,18,2,0.0
408,-14.0,1,19,0,0.0
409,34.0,10,10,3,0.0
410,-10.0,2,18,1,0.0
411,-4.0,3,17,1,0.0
412,-12.0,2,18,2,0.0
413,-16.0,1,19,1,0.0
414,4.0,5,15,3,0.0
415,0.0,4,16,2,0.0
416,0.0,4,16,2,0.3788801257809003
417,-6.0,3,17,2,0.0
418,28.0,9,11,3,0.0
419,-2.0,4,16,3,0.0
420,2.0,4,16,1,0.0
421,-6.0,3,17,2,0.0
422,-24.0,0,20,2,0.0
423,-16.0,2,18,4,0.0
424,14.0,7,13,4,0.0
425,16.0,7,13,3,0.0
426,12.0,6,14,2,0.0
427,-8.0,3,17,3,0.0
428,-2.0,4,16,3,0.0
429,-20.0,1,19,3,0.0
430,-2.0,5,15,6,0.0
431,-6.0,3,17,2,0.0
432,8.0,5,15,1,0.0
433,14.0,6,14,1,0.0
434,-24.0,0,20,2,0.0
435,8.0,5,15,1,0.0
436,-16.0,2,18,4,0.0
437,-8.0,3,17,3,0.0
438,-4.0,3,17,1,0.0
439,-10.0,3,17,4,0.0
440,6.0,5,15,2,0.0
441,28.0,9,11,3,0.0
442,8.0,5,15,1,0.0
443,30.0,9,11,2,0.0
444,-4.0,3,17,1,0.0
445,-16.0,2,18,4,0.0
446,-10.0,2,18,1,0.0
447,-4.0,3,17,1,0.0
448,2.0,4,16,1,0.3917364180088043
449,-14.0,2,18,3,0.0
450,-6.0,4,16,5,0.0
451,-2.0,4,16,3,0.0
452,16.0,8,12,6,0.0
453,-6.0,4,16,5,0.0
454,-18.0,2,18,5,0.0
455,-10.0,2,18,1,0.0
456,-6.0,3,17,2,0.0
457,-2.0,3,17,0,0.0
458,0.0,4,16,2,0.0
459,-4.0,3,17,1,0.0
460,-4.0,3,17,1,0.0
461,-6.0,4,16,5,0.0
462,0.0,4,16,2,0.0
463,-2.0,4,16,3,0.0
464,-8.0,3,17,3,0.0
465,-8.0,2,18,0,0.0
466,-6.0,3,17,2,0.0
467,2.0,4,16,1,0.0
468,18.0,7,13,2,0.0
469,-4.0,4,16,4,0.0
470,6.0,5,15,2,0.0
471,-8.0,3,17,3,0.0
472,4.0,5,15,3,0.0
473,-4.0,3,17,1,0.0
474,-14.0,2,18,3,0.0
475,10.0,6,14,3,0.0
476,-8.0,3,17,3,0.0
477,-2.0,3,17,0,0.0
478,-4.0,4,16,4,0.0
479,8.0,5,15,1,0.0
480,-4.0,4,16,4,0.3809594785173734
481,12.0,6,14,2,0.0
482,-4.0,4,16,4,0.0
483,0.0,4,16,2,0.0
484,2.0,4,16,1,0.0
485,10.0,6,14,3,0.0
486,2.0,4,16,1,0.0
487,14.0,6,14,1,0.0
488,2.0,4,16,1,0.0
489,8.0,5,15,1,0.0
490,-8.0,3,17,3,0.0
491,2.0,4,16,1,0.0
492,22.0,7,13,0,0.0
493,0.0,4,16,2,0.0
494,2.0,5,15,4,0.0
495,-4.0,4,16,4,0.0
496,20.0,7,13,1,0.0
497,-6.0,3,17,2,0.0
498,-8.0,3,17,3,0.0
499,-10.0,2,18,1,0.0
500,10.0,6,14,3,0.0
501,-2.0,4,16,3,0.0
502,-18.0,1,19,2,0.0
503,0.0,4,16,2,0.0
504,-2.0,3,17,0,0.0
505,-6.0,3,17,2,0.0
506,-20.0,1,19,3,0.0
507,0.0,4,16,2,0.0
508,-6.0,3,17,2,0.0
509,-2.0,4,16,3,0.0
510,-4.0,3,17,1,0.0
511,4.0,4,16,0,0.0
512,6.0,5,15,2,0.40110837916533154
513,-10.0,3,17,4,0.0
514,-12.0,2,18,2,0.0
515,6.0,5,15,2,0.0
516,-4.0,3,17,1,0.0
517,0.0,4,16,2,0.0
518,18.0,7,13,2,0.0
519,14.0,6,14,1,0.0
520,8.0,5,15,1,0.0
521,8.0,5,15,1,0.0
522,-10.0,2,18,1,0.0
523,-16.0,1,19,1,0.0
524,16.0,8,12,6,0.0
525,2.0,5,15,4,0.0
526,-2.0,3,17,0,0.0
527,-14.0,2,18,3,0.0
528,8.0,5,15,1,0.0
529,-4.0,3,17,1,0.0
530,-6.0,3,17,2,0.0
531,0.0,5,15,5,0.0
532,2.0,5,15,4,0.0
533,-22.0,2,18,7,0.0
534,-6.0,3,17,2,0.0
535,-10.0,3,17,4,0.0
536,16.0,7,13,3,0.0
537,6.0,5,15,2,0.0
538,-14.0,2,18,3,0.0
539,4.0,5,15,3,0.0
540,-2.0,4,16,3,0.0
541,-8.0,2,18,0,0.0
542,0.0,4,16,2,0.0
543,2.0,4,16,1,0.0
544,-10.0,2,18,1,0.3872750699520111
545,-8.0,2,18,0,0.0
546,-14.0,2,18,3,0.0
547,20.0,7,13,1,0.0
548,-10.0,2,18,1,0.0
549,-4.0,4,16,4,0.0
550,-2.0,4,16,3,0.0
551,-14.0,2,18,3,0.0
552,10.0,6,14,3,0.0
553,0.0,4,16,2,0.0
554,8.0,5,15,1,0.0
555,-2.0,4,16,3,0.0
556,6.0,5,15,2,0.0
557,-24.0,1,19,5,0.0
558,0.0,4,16,2,0.0
559,-18.0,2,18,5,0.0
560,12.0,6,14,2,0.0
561,2.0,5,15,4,0.0
562,-8.0,3,17,3,0.0
563,10.0,5,15,0,0.0
564,0.0,4,16,2,0.0
565,12.0,6,14,2,0.0
566,12.0,6,14,2,0.0
567,0.0,4,16,2,0.0
568,0.0,4,16,2,0.0
569,-2.0,4,16,3,0.0
570,12.0,6,14,2,0.0
571,12.0,6,14,2,0.0
572,-8.0,3,17,3,0.0
573,-16.0,1,19,1,0.0
574,-16.0,2,18,4,0.0
575,-2.0,4,16,3,0.0
576,2.0,4,16,1,0.39240989337364834
577,8.0,5,15,1,0.0
578,0.0,4,16,2,0.0
579,0.0,5,15,5,0.0
580,12.0,6,14,2,0.0
581,-10.0,3,17,4,0.0
582,18.0,7,13,2,0.0
583,-16.0,2,18,4,0.0
584,8.0,5,15,1,0.0
585,2.0,4,16,1,0.0
586,16.0,6,14,0,0.0
587,-6.0,3,17,2,0.0
588,-4.0,3,17,1,0.0
589,4.0,5,15,3,0.0
590,-4.0,4,16,4,0.0
591,-4.0,4,16,4,0.0
592,24.0,8,12,2,0.0
593,-4.0,3,17,1,0.0
594,-14.0,2,18,3,0.0
595,-20.0,1,19,3,0.0
596,26.0,9,11,4,0.0
597,2.0,4,16,1,0.0
598,-4.0,4,16,4,0.0
599,-16.0,1,19,1,0.0
600,14.0,6,14,1,0.0
601,6.0,5,15,2,0.0
602,-2.0,4,16,3,0.0
603,-18.0,1,19,2,0.0
604,-2.0,4,16,3,0.0
605,-6.0,4,16,5,0.0
606,-10.0,2,18,1,0.0
607,-2.0,5,15,6,0.0
608,2.0,5,15,4,0.4054981768131256
609,10.0,6,14,3,0.0
610,4.0,5,15,3,0.0
611,30.0,9,11,2,0.0
612,-10.0,2,18,1,0.0
613,-8.0,3,17,3,0.0
614,6.0,5,15,2,0.0
615,10.0,6,14,3,0.0
616,0.0,4,16,2,0.0
617,4.0,5,15,3,0.0
618,0.0,5,15,5,0.0
619,-12.0,2,18,2,0.0
620,10.0,5,15,0,0.0
621,2.0,4,16,1,0.0
622,-2.0,4,16,3,0.0
623,-4.0,3,17,1,0.0
624,-2.0,3,17,0,0.0
625,-22.0,1,19,4,0.0
626,0.0,5,15,5,0.0
627,12.0,6,14,2,0.0
628,0.0,4,16,2,0.0
629,12.0,6,14,2,0.0
630,4.0,5,15,3,0.0
631,-2.0,4,16,3,0.0
632,0.0,4,16,2,0.0
633,-2.0,4,16,3,0.0
634,10.0,6,14,3,0.0
635,6.0,5,15,2,0.0
636,18.0,7,13,2,0.0
637,-24.0,1,19,5,0.0
638,16.0,7,13,3,0.0
639,6.0,6,14,5,0.0
640,2.0,5,15,4,0.4067420040567716
641,-2.0,4,16,3,0.0
642,10.0,6,14,3,0.0
643,2.0,4,16,1,0.0
644,-10.0,2,18,1,0.0
645,14.0,6,14,1,0.0
646,-18.0,1,19,2,0.0
647,-10.0,2,18,1,0.0
648,-4.0,3,17,1,0.0
649,14.0,7,13,4,0.0
650,-6.0,3,17,2,0.0
651,-4.0,3,17,1,0.0
652,10.0,6,14,3,0.0
653,20.0,7,13,1,0.0
654,30.0,9,11,2,0.0
655,16.0,7,13,3,0.0
656,6.0,5,15,2,0.0
657,14.0,6,14,1,0.0
658,14.0,6,14,1,0.0
659,-8.0,2,18,0,0.0
660,2.0,4,16,1,0.0
661,26.0,8,12,1,0.0
662,6.0,5,15,2,0.0
663,0.0,4,16,2,0.0
664,30.0,9,11,2,0.0
665,-8.0,2,18,0,0.0
666,8.0,6,14,4,0.0
667,14.0,6,14,1,0.0
668,18.0,7,13,2,0.0
669,-8.0,3,17,3,0.0
670,-4.0,3,17,1,0.0
671,-6.0,3,17,2,0.0
672,-14.0,1,19,0,0.3955875138441722
673,-2.0,4,16,3,0.0
674,-10.0,2,18,1,0.0
675,-8.0,3,17,3,0.0
676,12.0,6,14,2,0.0
677,28.0,9,11,3,0.0
678,4.0,5,15,3,0.0
679,-4.0,4,16,4,0.0
680,-4.0,4,16,4,0.0
681,-10.0,2,18,1,0.0
682,-2.0,3,17,0,0.0
683,6.0,5,15,2,0.0
684,6.0,5,15,2,0.0
685,-6.0,3,17,2,0.0
686,-20.0,2,18,6,0.0
687,14.0,7,13,4,0.0
688,8.0,6,14,4,0.0
689,-16.0,1,19,1,0.0
690,-10.0,3,17,4,0.0
691,-24.0,0,20,2,0.0
692,-6.0,3,17,2,0.0
693,-4.0,4,16,4,0.0
694,-4.0,3,17,1,0.0
695,-6.0,3,17,2,0.0
696,0.0,4,16,2,0.0
697,10.0,6,14,3,0.0
698,-10.0,2,18,1,0.0
699,-14.0,2,18,3,0.0
700,10.0,6,14,3,0.0
701,4.0,5,15,3,0.0
702,12.0,6,14,2,0.0
703,10.0,6,14,3,0.0
704,20.0,7,13,1,0.41976821174224216
705,4.0,5,15,3,0.0
706,-8.0,3,17,3,0.0
707,-10.0,3,17,4,0.0
708,-8.0,4,16,6,0.0
709,16.0,8,12,6,0.0
710,-18.0,1,19,2,0.0
711,6.0,5,15,2,0.0
712,10.0,5,15,0,0.0
713,4.0,4,16,0,0.0
714,-6.0,3,17,2,0.0
715,10.0,5,15,0,0.0
716,-8.0,2,18,0,0.0
717,-10.0,2,18,1,0.0
718,-4.0,3,17,1,0.0
719,0.0,4,16,2,0.0
720,4.0,5,15,3,0.0
721,6.0,5,15,2,0.0
722,8.0,5,15,1,0.0
723,20.0,7,13,1,0.0
724,0.0,4,16,2,0.0
725,12.0,6,14,2,0.0
726,8.0,5,15,1,0.0
727,-2.0,4,16,3,0.0
728,24.0,8,12,2,0.0
729,10.0,5,15,0,0.0
730,-16.0,1,19,1,0.0
731,-30.0,0,20,5,0.0
732,-4.0,3,17,1,0.0
733,-14.0,2,18,3,0.0
734,10.0,5,15,0,0.0
735,4.0,5,15,3,0.0
736,8.0,6,14,4,0.4148356070121129
737,2.0,5,15,4,0.0
738,-12.0,2,18,2,0.0
739,8.0,5,15,1,0.0
740,2.0,5,15,4,0.0
741,14.0,6,14,1,0.0
742,0.0,4,16,2,0.0
743,-10.0,3,17,4,0.0
744,18.0,8,12,5,0.0
745,14.0,6,14,1,0.0
746,8.0,5,15,1,0.0
747,8.0,5,15,1,0.0
748,0.0,5,15,5,0.0
749,-12.0,2,18,2,0.0
750,2.0,5,15,4,0.0
751,20.0,7,13,1,0.0
752,14.0,6,14,1,0.0
753,2.0,5,15,4,0.0
754,-12.0,2,18,2,0.0
755,6.0,5,15,2,0.0
756,-4.0,4,16,4,0.0
757,-12.0,2,18,2,0.0
758,0.0,4,16,2,0.0
759,6.0,5,15,2,0.0
760,14.0,6,14,1,0.0
761,18.0,7,13,2,0.0
762,0.0,4,16,2,0.0
763,6.0,5,15,2,0.0
764,-16.0,2,18,4,0.0
765,-18.0,2,18,5,0.0
766,4.0,4,16,0,0.0
767,10.0,6,14,3,0.0
768,-16.0,1,19,1,0.3808228100339572
769,-6.0,3,17,2,0.0
770,-4.0,4,16,4,0.0
771,-2.0,3,17,0,0.0
772,8.0,6,14,4,0.0
773,18.0,7,13,2,0.0
774,-6.0,4,16,5,0.0
775,10.0,5,15,0,0.0
776,2.0,4,16,1,0.0
777,6.0,5,15,2,0.0
778,26.0,9,11,4,0.0
779,-2.0,4,16,3,0.0
780,20.0,8,12,4,0.0
781,4.0,5,15,3,0.0
782,2.0,6,14,7,0.0
783,-10.0,3,17,4,0.0
784,0.0,4,16,2,0.0
785,6.0,5,15,2,0.0
786,4.0,5,15,3,0.0
787,4.0,4,16,0,0.0
788,2.0,4,16,1,0.0
789,-20.0,1,19,3,0.0
790,8.0,6,14,4,0.0
791,-4.0,3,17,1,0.0
792,-6.0,4,16,5,0.0
793,12.0,6,14,2,0.0
794,-14.0,2,18,3,0.0
795,-12.0,2,18,2,0.0
796,-12.0,2,18,2,0.0
797,4.0,6,14,6,0.0
798,4.0,5,15,3,0.0
799,-6.0,3,17,2,0.0
800,-4.0,3,17,1,0.4105004941423734
801,-8.0,3,17,3,0.0
802,2.0,4,16,1,0.0
803,-6.0,3,17,2,0.0
804,2.0,5,15,4,0.0
805,0.0,4,16,2,0.0
806,-8.0,3,17,3,0.0
807,-14.0,3,17,6,0.0
808,20.0,7,13,1,0.0
809,6.0,5,15,2,0.0
810,2.0,4,16,1,0.0
811,4.0,5,15,3,0.0
812,-4.0,3,17,1,0.0
813,-8.0,3,17,3,0.0
814,10.0,6,14,3,0.0
815,4.0,4,16,0,0.0
816,2.0,4,16,1,0.0
817,-8.0,3,17,3,0.0
818,8.0,5,15,1,0.0
819,-6.0,3,17,2,0.0
820,4.0,5,15,3,0.0
821,-6.0,3,17,2,0.0
822,20.0,7,13,1,0.0
823,4.0,4,16,0,0.0
824,12.0,6,14,2,0.0
825,12.0,6,14,2,0.0
826,2.0,4,16,1,0.0
827,4.0,4,16,0,0.0
828,-2.0,4,16,3,0.0
829,2.0,4,16,1,0.0
830,0.0,4,16,2,0.0
831,4.0,5,15,3,0.0
832,22.0,7,13,0,0.4046379451950391
833,8.0,5,15,1,0.0
834,2.0,4,16,1,0.0
835,-10.0,2,18,1,0.0
836,-8.0,3,17,3,0.0
837,-26.0,1,19,6,0.0
838,2.0,4,16,1,0.0
839,14.0,6,14,1,0.0
840,-2.0,4,16,3,0.0
841,20.0,7,13,1,0.0
842,-14.0,2,18,3,0.0
843,-2.0,4,16,3,0.0
844,2.0,5,15,4,0.0
845,4.0,5,15,3,0.0
846,2.0,4,16,1,0.0
847,6.0,5,15,2,0.0
848,4.0,5,15,3,0.0
849,-10.0,2,18,1,0.0
850,0.0,4,16,2,0.0
851,-22.0,1,19,4,0.0
852,12.0,6,14,2,0.0
853,-6.0,4,16,5,0.0
854,-4.0,3,17,1,0.0
855,0.0,4,16,2,0.0
856,4.0,6,14,6,0.0
857,24.0,8,12,2,0.0
858,-10.0,3,17,4,0.0
859,-12.0,3,17,5,0.0
860,4.0,5,15,3,0.0
861,-14.0,2,18,3,0.0
862,8.0,5,15,1,0.0
863,8.0,6,14,4,0.0
864,-8.0,4,16,6,0.4150763874252637
865,16.0,7,13,3,0.0
866,6.0,5,15,2,0.0
867,6.0,6,14,5,0.0
868,8.0,5,15,1,0.0
869,8.0,6,14,4,0.0
870,-12.0,2,18,2,0.0
871,18.0,7,13,2,0.0
872,12.0,6,14,2,0.0
873,10.0,6,14,3,0.0
874,6.0,5,15,2,0.0
875,20.0,7,13,1,0.0
876,-4.0,4,16,4,0.0
877,-4.0,3,17,1,0.0
878,22.0,8,12,3,0.0
879,-8.0,2,18,0,0.0
880,8.0,5,15,1,0.0
881,12.0,6,14,2,0.0
882,12.0,6,14,2,0.0
883,0.0,4,16,2,0.0
884,14.0,6,14,1,0.0
885,6.0,5,15,2,0.0
886,4.0,5,15,3,0.0
887,6.0,5,15,2,0.0
888,16.0,7,13,3,0.0
889,26.0,8,12,1,0.0
890,-4.0,3,17,1,0.0
891,-20.0,1,19,3,0.0
892,8.0,5,15,1,0.0
893,6.0,5,15,2,0.0
894,2.0,4,16,1,0.0
895,8.0,5,15,1,0.0
896,4.0,5,15,3,0.4181353847185771
897,10.0,5,15,0,0.0
898,-4.0,4,16,4,0.0
899,-10.0,3,17,4,0.0
900,-10.0,3,17,4,0.0
901,2.0,4,16,1,0.0
902,4.0,5,15,3,0.0
903,24.0,8,12,2,0.0
904,6.0,5,15,2,0.0
905,-12.0,2,18,2,0.0
906,0.0,4,16,2,0.0
907,14.0,6,14,1,0.0
908,10.0,6,14,3,0.0
909,6.0,5,15,2,0.0
910,8.0,6,14,4,0.0
911,14.0,6,14,1,0.0
912,-6.0,3,17,2,0.0
913,18.0,7,13,2,0.0
914,28.0,8,12,0,0.0
915,8.0,5,15,1,0.0
916,2.0,5,15,4,0.0
917,18.0,7,13,2,0.0
918,0.0,4,16,2,0.0
919,-2.0,4,16,3,0.0
920,26.0,8,12,1,0.0
921,8.0,6,14,4,0.0
922,6.0,5,15,2,0.0
923,0.0,4,16,2,0.0
924,-8.0,3,17,3,0.0
925,-10.0,3,17,4,0.0
926,8.0,5,15,1,0.0
927,2.0,4,16,1,0.0
928,2.0,5,15,4,0.4339221219221751
929,8.0,5,15,1,0.0
930,-2.0,4,16,3,0.0
931,8.0,5,15,1,0.0
932,18.0,7,13,2,0.0
933,2.0,4,16,1,0.0
934,-8.0,3,17,3,0.0
935,14.0,6,14,1,0.0
936,-2.0,5,15,6,0.0
937,14.0,7,13,4,0.0
938,6.0,5,15,2,0.0
939,-2.0,3,17,0,0.0
940,18.0,7,13,2,0.0
941,12.0,6,14,2,0.0
942,2.0,4,16,1,0.0
943,0.0,4,16,2,0.0
944,2.0,4,16,1,0.0
945,28.0,9,11,3,0.0
946,-2.0,5,15,6,0.0
947,4.0,4,16,0,0.0
948,-12.0,3,17,5,0.0
949,0.0,4,16,2,0.0
950,4.0,4,16,0,0.0
951,-2.0,4,16,3,0.0
952,24.0,8,12,2,0.0
953,4.0,5,15,3,0.0
954,6.0,5,15,2,0.0
955,2.0,5,15,4,0.0
956,-14.0,3,17,6,0.0
957,0.0,4,16,2,0.0
958,4.0,5,15,3,0.0
959,20.0,7,13,1,0.0
960,12.0,6,14,2,0.4361986195047696
961,8.0,6,14,4,0.0
962,-10.0,3,17,4,0.0
963,8.0,6,14,4,0.0
964,16.0,7,13,3,0.0
965,-2.0,4,16,3,0.0
966,-8.0,4,16,6,0.0
967,8.0,5,15,1,0.0
968,18.0,7,13,2,0.0
969,-4.0,3,17,1,0.0
970,6.0,5,15,2,0.0
971,8.0,5,15,1,0.0
972,14.0,6,14,1,0.0
973,16.0,7,13,3,0.0
974,-6.0,3,17,2,0.0
975,-4.0,4,16,4,0.0
976,10.0,5,15,0,0.0
977,6.0,5,15,2,0.0
978,-12.0,4,16,8,0.0
979,16.0,7,13,3,0.0
980,22.0,7,13,0,0.0
981,10.0,5,15,0,0.0
982,-2.0,4,16,3,0.0
983,32.0,10,10,4,0.0
984,12.0,6,14,2,0.0
985,16.0,7,13,3,0.0
986,10.0,6,14,3,0.0
987,-8.0,4,16,6,0.0
988,10.0,6,14,3,0.0
989,2.0,4,16,1,0.0
990,16.0,7,13,3,0.0
991,14.0,6,14,1,0.0
992,14.0,6,14,1,0.4130145013332367
993,22.0,8,12,3,0.0
994,-12.0,2,18,2,0.0
995,10.0,6,14,3,0.0
996,0.0,4,16,2,0.0
997,4.0,5,15,3,0.0
998,0.0,4,16,2,0.0
999,0.0,4,16,2,0.0
1000,-22.0,0,20,1,0.0
1001,-12.0,2,18,2,0.0
1002,20.0,7,13,1,0.0
1003,12.0,6,14,2,0.0
1004,12.0,6,14,2,0.0
1005,-6.0,3,17,2,0.0
1006,10.0,5,15,0,0.0
1007,12.0,6,14,2,0.0
1008,-2.0,4,16,3,0.0
1009,2.0,5,15,4,0.0
1010,-10.0,3,17,4,0.0
1011,18.0,7,13,2,0.0
1012,16.0,8,12,6,0.0
1013,10.0,5,15,0,0.0
1014,22.0,7,13,0,0.0
1015,12.0,6,14,2,0.0
1016,8.0,6,14,4,0.0
1017,16.0,7,13,3,0.0
1018,6.0,5,15,2,0.0
1019,-2.0,5,15,6,0.0
1020,6.0,6,14,5,0.0
1021,-4.0,4,16,4,0.0
1022,14.0,6,14,1,0.0
1023,22.0,8,12,3,0.0
1024,-4.0,4,16,4,0.4170190915465355
1025,8.0,6,14,4,0.0
1026,4.0,5,15,3,0.0
1027,12.0,7,13,5,0.0
1028,10.0,6,14,3,0.0
1029,12.0,7,13,5,0.0
1030,-16.0,3,17,7,0.0
1031,18.0,7,13,2,0.0
1032,12.0,6,14,2,0.0
1033,-6.0,3,17,2,0.0
1034,22.0,7,13,0,0.0
1035,10.0,6,14,3,0.0
1036,4.0,5,15,3,0.0
1037,32.0,9,11,1,0.0
1038,-2.0,3,17,0,0.0
1039,0.0,4,16,2,0.0
1040,-4.0,3,17,1,0.0
1041,-2.0,4,16,3,0.0
1042,8.0,5,15,1,0.0
1043,16.0,6,14,0,0.0
1044,0.0,4,16,2,0.0
1045,30.0,9,11,2,0.0
1046,4.0,5,15,3,0.0
1047,18.0,7,13,2,0.0
1048,-4.0,3,17,1,0.0
1049,2.0,4,16,1,0.0
1050,-10.0,3,17,4,0.0
1051,6.0,5,15,2,0.0
1052,0.0,4,16,2,0.0
1053,24.0,8,12,2,0.0
1054,4.0,4,16,0,0.0
1055,2.0,4,16,1,0.0
1056,10.0,6,14,3,0.42964423696200055
1057,4.0,5,15,3,0.0
1058,10.0,6,14,3,0.0
1059,-6.0,3,17,2,0.0
1060,8.0,5,15,1,0.0
1061,8.0,5,15,1,0.0
1062,36.0,10,10,2,0.0
1063,16.0,8,12,6,0.0
1064,22.0,8,12,3,0.0
1065,-4.0,4,16,4,0.0
1066,28.0,10,10,6,0.0
1067,16.0,7,13,3,0.0
1068,2.0,4,16,1,0.0
1069,0.0,4,16,2,0.0
1070,6.0,5,15,2,0.0
1071,18.0,7,13,2,0.0
1072,10.0,6,14,3,0.0
1073,4.0,5,15,3,0.0
1074,4.0,5,15,3,0.0
1075,6.0,5,15,2,0.0
1076,8.0,5,15,1,0.0
1077,6.0,5,15,2,0.0
1078,20.0,7,13,1,0.0
1079,26.0,9,11,4,0.0
1080,2.0,5,15,4,0.0
1081,24.0,8,12,2,0.0
1082,4.0,5,15,3,0.0
1083,-6.0,3,17,2,0.0
1084,8.0,6,14,4,0.0
1085,-10.0,4,16,7,0.0
1086,-16.0,1,19,1,0.0
1087,32.0,10,10,4,0.0
1088,24.0,8,12,2,0.40891332924366
1089,26.0,8,12,1,0.0
1090,8.0,5,15,1,0.0
1091,8.0,6,14,4,0.0
1092,24.0,8,12,2,0.0
1093,6.0,5,15,2,0.0
1094,18.0,7,13,2,0.0
1095,-2.0,3,17,0,0.0
1096,18.0,7,13,2,0.0
1097,16.0,6,14,0,0.0
1098,10.0,6,14,3,0.0
1099,12.0,6,14,2,0.0
1100,10.0,6,14,3,0.0
1101,8.0,5,15,1,0.0
1102,8.0,5,15,1,0.0
1103,-4.0,4,16,4,0.0
1104,8.0,5,15,1,0.0
1105,-4.0,3,17,1,0.0
1106,4.0,5,15,3,0.0
1107,4.0,6,14,6,0.0
1108,-4.0,4,16,4,0.0
1109,6.0,5,15,2,0.0
1110,-10.0,2,18,1,0.0
1111,30.0,9,11,2,0.0
1112,22.0,8,12,3,0.0
1113,24.0,8,12,2,0.0
1114,-2.0,4,16,3,0.0
1115,16.0,6,14,0,0.0
1116,10.0,6,14,3,0.0
1117,16.0,6,14,0,0.0
1118,16.0,7,13,3,0.0
1119,14.0,6,14,1,0.0
1120,24.0,8,12,2,0.41359230627616245
1121,36.0,10,10,2,0.0
1122,16.0,7,13,3,0.0
1123,12.0,7,13,5,0.0
1124,20.0,8,12,4,0.0
1125,18.0,7,13,2,0.0
1126,22.0,8,12,3,0.0
1127,8.0,6,14,4,0.0
1128,2.0,4,16,1,0.0
1129,18.0,7,13,2,0.0
1130,4.0,5,15,3,0.0
1131,24.0,9,11,5,0.0
1132,12.0,6,14,2,0.0
1133,8.0,6,14,4,0.0
1134,16.0,6,14,0,0.0
1135,6.0,5,15,2,0.0
1136,-4.0,4,16,4,0.0
1137,0.0,4,16,2,0.0
1138,14.0,6,14,1,0.0
1139,20.0,7,13,1,0.0
1140,20.0,7,13,1,0.0
1141,32.0,9,11,1,0.0
1142,16.0,7,13,3,0.0
1143,8.0,5,15,1,0.0
1144,10.0,6,14,3,0.0
1145,18.0,7,13,2,0.0
1146,-2.0,4,16,3,0.0
1147,-10.0,2,18,1,0.0
1148,30.0,9,11,2,0.0
1149,-16.0,2,18,4,0.0
1150,-12.0,3,17,5,0.0
1151,18.0,7,13,2,0.0
1152,20.0,7,13,1,0.42851647982994717
1153,-4.0,4,16,4,0.0
1154,12.0,7,13,5,0.0
1155,10.0,6,14,3,0.0
1156,4.0,6,14,6,0.0
1157,-12.0,2,18,2,0.0
1158,-2.0,4,16,3,0.0
1159,6.0,5,15,2,0.0
1160,24.0,8,12,2,0.0
1161,10.0,5,15,0,0.0
1162,4.0,5,15,3,0.0
1163,24.0,8,12,2,0.0
1164,-4.0,5,15,7,0.0
1165,30.0,10,10,5,0.0
1166,2.0,4,16,1,0.0
1167,-2.0,4,16,3,0.0
1168,14.0,7,13,4,0.0
1169,0.0,4,16,2,0.0
1170,22.0,8,12,3,0.0
1171,-2.0,3,17,0,0.0
1172,-2.0,3,17,0,0.0
1173,26.0,8,12,1,0.0
1174,16.0,7,13,3,0.0
1175,-4.0,3,17,1,0.0
1176,8.0,5,15,1,0.0
1177,2.0,5,15,4,0.0
1178,22.0,8,12,3,0.0
1179,-2.0,4,16,3,0.0
1180,-2.0,5,15,6,0.0
1181,10.0,6,14,3,0.0
1182,20.0,7,13,1,0.0
1183,22.0,7,13,0,0.0
1184,-2.0,5,15,6,0.4187102069457372
1185,4.0,5,15,3,0.0
1186,-2.0,4,16,3,0.0
1187,-2.0,4,16,3,0.0
1188,6.0,6,14,5,0.0
1189,4.0,5,15,3,0.0
1190,20.0,8,12,4,0.0
1191,2.0,5,15,4,0.0
1192,10.0,6,14,3,0.0
1193,22.0,7,13,0,0.0
1194,24.0,8,12,2,0.0
1195,10.0,5,15,0,0.0
1196,8.0,5,15,1,0.0
1197,10.0,7,13,6,0.0
1198,4.0,5,15,3,0.0
1199,18.0,7,13,2,0.0
1200,18.0,7,13,2,0.0
1201,18.0,7,13,2,0.0
1202,18.0,7,13,2,0.0
1203,14.0,7,13,4,0.0
1204,18.0,7,13,2,0.0
1205,-8.0,3,17,3,0.0
1206,6.0,5,15,2,0.0
1207,14.0,7,13,4,0.0
1208,18.0,7,13,2,0.0
1209,4.0,5,15,3,0.0
1210,14.0,6,14,1,0.0
1211,20.0,7,13,1,0.0
1212,6.0,6,14,5,0.0
1213,-8.0,3,17,3,0.0
1214,-6.0,3,17,2,0.0
1215,4.0,5,15,3,0.0
1216,8.0,5,15,1,0.4509208872914314
1217,8.0,5,15,1,0.0
1218,0.0,4,16,2,0.0
1219,0.0,4,16,2,0.0
1220,16.0,7,13,3,0.0
1221,28.0,9,11,3,0.0
1222,4.0,5,15,3,0.0
1223,2.0,5,15,4,0.0
1224,-8.0,2,18,0,0.0
1225,14.0,6,14,1,0.0
1226,20.0,7,13,1,0.0
1227,-6.0,3,17,2,0.0
1228,26.0,8,12,1,0.0
1229,20.0,7,13,1,0.0
1230,0.0,4,16,2,0.0
1231,-4.0,3,17,1,0.0
1232,28.0,9,11,3,0.0
1233,6.0,6,14,5,0.0
1234,8.0,6,14,4,0.0
1235,32.0,9,11,1,0.0
1236,44.0,11,9,1,0.0
1237,-2.0,4,16,3,0.0
1238,26.0,8,12,1,0.0
1239,8.0,6,14,4,0.0
1240,20.0,8,12,4,0.0
1241,14.0,6,14,1,0.0
1242,2.0,5,15,4,0.0
1243,28.0,9,11,3,0.0
1244,10.0,7,13,6,0.0
1245,8.0,5,15,1,0.0
1246,20.0,8,12,4,0.0
1247,6.0,5,15,2,0.0
1248,-10.0,2,18,1,0.4465048238635063
1249,2.0,5,15,4,0.0
1250,-4.0,4,16,4,0.0
1251,6.0,5,15,2,0.0
1252,6.0,5,15,2,0.0
1253,4.0,4,16,0,0.0
1254,4.0,4,16,0,0.0
1255,8.0,5,15,1,0.0
1256,-4.0,4,16,4,0.0
1257,-6.0,3,17,2,0.0
1258,14.0,6,14,1,0.0
1259,20.0,7,13,1,0.0
1260,-8.0,3,17,3,0.0
1261,12.0,6,14,2,0.0
1262,6.0,6,14,5,0.0
1263,-6.0,4,16,5,0.0
1264,18.0,7,13,2,0.0
1265,14.0,7,13,4,0.0
1266,6.0,5,15,2,0.0
1267,14.0,6,14,1,0.0
1268,16.0,6,14,0,0.0
1269,16.0,6,14,0,0.0
1270,6.0,5,15,2,0.0
1271,0.0,5,15,5,0.0
1272,0.0,4,16,2,0.0
1273,8.0,5,15,1,0.0
1274,10.0,6,14,3,0.0
1275,26.0,9,11,4,0.0
1276,6.0,5,15,2,0.0
1277,22.0,7,13,0,0.0
1278,12.0,7,13,5,0.0
1279,-2.0,4,16,3,0.0
1280,-2.0,4,16,3,0.4393711984157562
1281,-14.0,2,18,3,0.0
1282,18.0,7,13,2,0.0
1283,-2.0,5,15,6,0.0
1284,-6.0,3,17,2,0.0
1285,14.0,6,14,1,0.0
1286,22.0,8,12,3,0.0
1287,4.0,6,14,6,0.0
1288,6.0,5,15,2,0.0
1289,2.0,4,16,1,0.0
1290,-8.0,3,17,3,0.0
1291,6.0,5,15,2,0.0
1292,0.0,4,16,2,0.0
1293,-6.0,4,16,5,0.0
1294,12.0,6,14,2,0.0
1295,18.0,8,12,5,0.0
1296,30.0,9,11,2,0.0
1297,8.0,5,15,1,0.0
1298,-2.0,4,16,3,0.0
1299,2.0,5,15,4,0.0
1300,-4.0,4,16,4,0.0
1301,18.0,8,12,5,0.0
1302,0.0,5,15,5,0.0
1303,10.0,6,14,3,0.0
1304,6.0,6,14,5,0.0
1305,12.0,6,14,2,0.0
1306,4.0,5,15,3,0.0
1307,0.0,4,16,2,0.0
1308,14.0,7,13,4,0.0
1309,12.0,6,14,2,0.0
1310,12.0,6,14,2,0.0
1311,-10.0,3,17,4,0.0
1312,30.0,11,9,8,0.43387996405363083
1313,0.0,4,16,2,0.0
1314,28.0,9,11,3,0.0
1315,26.0,8,12,1,0.0
1316,6.0,5,15,2,0.0
1317,16.0,7,13,3,0.0
1318,16.0,6,14,0,0.0
1319,2.0,4,16,1,0.0
1320,8.0,5,15,1,0.0
1321,14.0,7,13,4,0.0
1322,30.0,9,11,2,0.0
1323,-6.0,3,17,2,0.0
1324,26.0,9,11,4,0.0
1325,-6.0,3,17,2,0.0
1326,10.0,5,15,0,0.0
1327,26.0,9,11,4,0.0
1328,24.0,8,12,2,0.0
1329,24.0,8,12,2,0.0
1330,22.0,7,13,0,0.0
1331,6.0,5,15,2,0.0
1332,16.0,7,13,3,0.0
1333,8.0,6,14,4,0.0
1334,-10.0,3,17,4,0.0
1335,-6.0,3,17,2,0.0
1336,-20.0,1,19,3,0.0
1337,22.0,7,13,0,0.0
1338,14.0,7,13,4,0.0
1339,-4.0,3,17,1,0.0
1340,-14.0,2,18,3,0.0
1341,12.0,7,13,5,0.0
1342,16.0,6,14,0,0.0
1343,-6.0,3,17,2,0.0
1344,22.0,7,13,0,0.4658469582597415
1345,28.0,9,11,3,0.0
1346,8.0,5,15,1,0.0
1347,2.0,5,15,4,0.0
1348,42.0,11,9,2,0.0
1349,20.0,8,12,4,0.0
1350,14.0,6,14,1,0.0
1351,-4.0,3,17,1,0.0
1352,18.0,7,13,2,0.0
1353,2.0,4,16,1,0.0
1354,4.0,5,15,3,0.0
1355,-16.0,2,18,4,0.0
1356,18.0,7,13,2,0.0
1357,12.0,6,14,2,0.0
1358,14.0,6,14,1,0.0
1359,8.0,5,15,1,0.0
1360,48.0,12,8,2,0.0
1361,18.0,7,13,2,0.0
1362,30.0,9,11,2,0.0
1363,-12.0,3,17,5,0.0
1364,12.0,6,14,2,0.0
1365,28.0,9,11,3,0.0
1366,18.0,7,13,2,0.0
1367,0.0,4,16,2,0.0
1368,4.0,5,15,3,0.0
1369,20.0,8,12,4,0.0
1370,14.0,6,14,1,0.0
1371,-6.0,3,17,2,0.0
1372,26.0,8,12,1,0.0
1373,16.0,6,14,0,0.0
1374,4.0,5,15,3,0.0
1375,20.0,7,13,1,0.0
1376,18.0,7,13,2,0.4483328089118004
1377,8.0,5,15,1,0.0
1378,6.0,6,14,5,0.0
1379,6.0,6,14,5,0.0
1380,26.0,8,12,1,0.0
1381,0.0,5,15,5,0.0
1382,-18.0,2,18,5,0.0
1383,14.0,6,14,1,0.0
1384,16.0,7,13,3,0.0
1385,0.0,4,16,2,0.0
1386,24.0,8,12,2,0.0
1387,40.0,11,9,3,0.0
1388,16.0,7,13,3,0.0
1389,4.0,5,15,3,0.0
1390,14.0,6,14,1,0.0
1391,-10.0,3,17,4,0.0
1392,8.0,5,15,1,0.0
1393,24.0,8,12,2,0.0
1394,14.0,6,14,1,0.0
1395,16.0,6,14,0,0.0
1396,30.0,9,11,2,0.0
1397,4.0,5,15,3,0.0
1398,22.0,8,12,3,0.0
1399,16.0,7,13,3,0.0
1400,26.0,8,12,1,0.0
1401,4.0,5,15,3,0.0
1402,18.0,8,12,5,0.0
1403,2.0,5,15,4,0.0
1404,-2.0,4,16,3,0.0
1405,16.0,7,13,3,0.0
1406,16.0,7,13,3,0.0
1407,12.0,6,14,2,0.0
1408,-6.0,3,17,2,0.43202200531959534
1409,-2.0,4,16,3,0.0
1410,-2.0,4,16,3,0.0
1411,22.0,8,12,3,0.0
1412,4.0,5,15,3,0.0
1413,20.0,8,12,4,0.0
1414,20.0,8,12,4,0.0
1415,16.0,7,13,3,0.0
1416,10.0,6,14,3,0.0
1417,2.0,5,15,4,0.0
1418,-6.0,3,17,2,0.0
1419,10.0,6,14,3,0.0
1420,14.0,6,14,1,0.0
1421,-2.0,4,16,3,0.0
1422,20.0,8,12,4,0.0
1423,18.0,7,13,2,0.0
1424,8.0,6,14,4,0.0
1425,18.0,7,13,2,0.0
1426,4.0,5,15,3,0.0
1427,14.0,6,14,1,0.0
1428,2.0,4,16,1,0.0
1429,8.0,6,14,4,0.0
1430,26.0,9,11,4,0.0
1431,26.0,8,12,1,0.0
1432,46.0,12,8,3,0.0
1433,6.0,5,15,2,0.0
1434,2.0,5,15,4,0.0
1435,14.0,7,13,4,0.0
1436,14.0,6,14,1,0.0
1437,0.0,4,16,2,0.0
1438,24.0,8,12,2,0.0
1439,32.0,9,11,1,0.0
1440,30.0,9,11,2,0.4380107869704564
1441,22.0,8,12,3,0.0
1442,28.0,9,11,3,0.0
1443,2.0,5,15,4,0.0
1444,-2.0,4,16,3,0.0
1445,-4.0,4,16,4,0.0
1446,34.0,9,11,0,0.0
1447,14.0,6,14,1,0.0
1448,18.0,7,13,2,0.0
1449,0.0,4,16,2,0.0
1450,16.0,7,13,3,0.0
1451,2.0,4,16,1,0.0
1452,14.0,7,13,4,0.0
1453,18.0,7,13,2,0.0
1454,4.0,4,16,0,0.0
1455,16.0,7,13,3,0.0
1456,8.0,5,15,1,0.0
1457,20.0,8,12,4,0.0
1458,28.0,10,10,6,0.0
1459,18.0,7,13,2,0.0
1460,20.0,8,12,4,0.0
1461,-6.0,3,17,2,0.0
1462,28.0,9,11,3,0.0
1463,10.0,6,14,3,0.0
1464,18.0,7,13,2,0.0
1465,2.0,5,15,4,0.0
1466,2.0,5,15,4,0.0
1467,4.0,5,15,3,0.0
1468,22.0,8,12,3,0.0
1469,4.0,5,15,3,0.0
1470,-10.0,3,17,4,0.0
1471,12.0,7,13,5,0.0
1472,20.0,7,13,1,0.4449974124630292
1473,18.0,7,13,2,0.0
1474,6.0,5,15,2,0.0
1475,-14.0,2,18,3,0.0
1476,-2.0,3,17,0,0.0
1477,26.0,8,12,1,0.0
1478,6.0,5,15,2,0.0
1479,22.0,8,12,3,0.0
1480,10.0,6,14,3,0.0
1481,-8.0,3,17,3,0.0
1482,-16.0,2,18,4,0.0
1483,12.0,6,14,2,0.0
1484,20.0,8,12,4,0.0
1485,36.0,10,10,2,0.0
1486,6.0,5,15,2,0.0
1487,8.0,7,13,7,0.0
1488,2.0,4,16,1,0.0
1489,16.0,7,13,3,0.0
1490,-6.0,3,17,2,0.0
1491,-4.0,4,16,4,0.0
1492,18.0,7,13,2,0.0
1493,38.0,11,9,4,0.0
1494,6.0,5,15,2,0.0
1495,4.0,5,15,3,0.0
1496,20.0,8,12,4,0.0
1497,14.0,7,13,4,0.0
1498,24.0,8,12,2,0.0
1499,20.0,7,13,1,0.0
1500,18.0,7,13,2,0.0
1501,26.0,9,11,4,0.0
1502,30.0,10,10,5,0.0
1503,18.0,7,13,2,0.0
1504,-4.0,3,17,1,0.4381088266770045
1505,-12.0,3,17,5,0.0
1506,12.0,6,14,2,0.0
1507,16.0,6,14,0,0.0
1508,14.0,7,13,4,0.0
1509,8.0,6,14,4,0.0
1510,16.0,7,13,3,0.0
1511,-2.0,4,16,3,0.0
1512,6.0,5,15,2,0.0
1513,20.0,8,12,4,0.0
1514,32.0,9,11,1,0.0
1515,8.0,5,15,1,0.0
1516,-10.0,2,18,1,0.0
1517,24.0,9,11,5,0.0
1518,14.0,6,14,1,0.0
1519,34.0,10,10,3,0.0
1520,-4.0,3,17,1,0.0
1521,20.0,7,13,1,0.0
1522,12.0,6,14,2,0.0
1523,0.0,4,16,2,0.0
1524,30.0,10,10,5,0.0
1525,8.0,6,14,4,0.0
1526,14.0,7,13,4,0.0
1527,-2.0,3,17,0,0.0
1528,18.0,7,13,2,0.0
1529,6.0,6,14,5,0.0
1530,10.0,5,15,0,0.0
1531,-10.0,3,17,4,0.0
1532,4.0,5,15,3,0.0
1533,-2.0,3,17,0,0.0
1534,8.0,6,14,4,0.0
1535,6.0,6,14,5,0.0
1536,8.0,5,15,1,0.43011556565761566
1537,14.0,6,14,1,0.0
1538,-2.0,4,16,3,0.0
1539,4.0,5,15,3,0.0
1540,22.0,8,12,3,0.0
1541,16.0,6,14,0,0.0
1542,26.0,8,12,1,0.0
1543,0.0,4,16,2,0.0
1544,38.0,10,10,1,0.0
1545,16.0,6,14,0,0.0
1546,10.0,6,14,3,0.0
1547,12.0,6,14,2,0.0
1548,-6.0,3,17,2,0.0
1549,0.0,4,16,2,0.0
1550,2.0,5,15,4,0.0
1551,2.0,6,14,7,0.0
1552,10.0,6,14,3,0.0
1553,10.0,5,15,0,0.0
1554,0.0,5,15,5,0.0
1555,2.0,4,16,1,0.0
1556,22.0,7,13,0,0.0
1557,4.0,5,15,3,0.0
1558,10.0,6,14,3,0.0
1559,26.0,9,11,4,0.0
1560,-4.0,4,16,4,0.0
1561,16.0,7,13,3,0.0
1562,8.0,6,14,4,0.0
1563,32.0,9,11,1,0.0
1564,4.0,5,15,3,0.0
1565,22.0,8,12,3,0.0
1566,30.0,9,11,2,0.0
1567,34.0,11,9,6,0.0
1568,6.0,6,14,5,0.43437807261943817
1569,2.0,4,16,1,0.0
1570,12.0,6,14,2,0.0
1571,16.0,6,14,0,0.0
1572,10.0,6,14,3,0.0
1573,26.0,8,12,1,0.0
1574,-6.0,3,17,2,0.0
1575,0.0,4,16,2,0.0
1576,-10.0,3,17,4,0.0
1577,22.0,10,10,9,0.0
1578,20.0,8,12,4,0.0
1579,22.0,9,11,6,0.0
1580,2.0,5,15,4,0.0
1581,14.0,6,14,1,0.0
1582,14.0,7,13,4,0.0
1583,8.0,5,15,1,0.0
1584,-6.0,3,17,2,0.0
1585,22.0,8,12,3,0.0
1586,18.0,8,12,5,0.0
1587,4.0,5,15,3,0.0
1588,-2.0,4,16,3,0.0
1589,10.0,6,14,3,0.0
1590,-22.0,1,19,4,0.0
1591,38.0,10,10,1,0.0
1592,6.0,5,15,2,0.0
1593,14.0,7,13,4,0.0
1594,30.0,9,11,2,0.0
1595,18.0,7,13,2,0.0
1596,18.0,7,13,2,0.0
1597,36.0,10,10,2,0.0
1598,6.0,5,15,2,0.0
1599,26.0,9,11,4,0.0
1600,12.0,7,13,5,0.4373546515901883
1601,10.0,6,14,3,0.0
1602,28.0,9,11,3,0.0
1603,20.0,8,12,4,0.0
1604,12.0,6,14,2,0.0
1605,22.0,8,12,3,0.0
1606,-4.0,4,16,4,0.0
1607,8.0,5,15,1,0.0
1608,26.0,9,11,4,0.0
1609,14.0,7,13,4,0.0
1610,4.0,5,15,3,0.0
1611,26.0,8,12,1,0.0
1612,24.0,9,11,5,0.0
1613,20.0,8,12,4,0.0
1614,-12.0,2,18,2,0.0
1615,30.0,9,11,2,0.0
1616,16.0,8,12,6,0.0
1617,20.0,7,13,1,0.0
1618,6.0,5,15,2,0.0
1619,10.0,6,14,3,0.0
1620,22.0,8,12,3,0.0
1621,14.0,7,13,4,0.0
1622,-2.0,3,17,0,0.0
1623,20.0,8,12,4,0.0
1624,20.0,7,13,1,0.0
1625,12.0,6,14,2,0.0
1626,-8.0,3,17,3,0.0
1627,42.0,11,9,2,0.0
1628,0.0,4,16,2,0.0
1629,30.0,9,11,2,0.0
1630,34.0,10,10,3,0.0
1631,22.0,8,12,3,0.0
1632,8.0,6,14,4,0.44349950551986694
1633,8.0,6,14,4,0.0
1634,28.0,9,11,3,0.0
1635,16.0,6,14,0,0.0
1636,24.0,9,11,5,0.0
1637,36.0,10,10,2,0.0
1638,-12.0,3,17,5,0.0
1639,24.0,8,12,2,0.0
1640,18.0,7,13,2,0.0
1641,18.0,7,13,2,0.0
1642,8.0,5,15,1,0.0
1643,26.0,8,12,1,0.0
1644,-2.0,4,16,3,0.0
1645,36.0,10,10,2,0.0
1646,2.0,4,16,1,0.0
1647,0.0,4,16,2,0.0
1648,34.0,9,11,0,0.0
1649,6.0,5,15,2,0.0
1650,36.0,10,10,2,0.0
1651,34.0,10,10,3,0.0
1652,24.0,8,12,2,0.0
1653,16.0,7,13,3,0.0
1654,16.0,9,11,9,0.0
1655,2.0,4,16,1,0.0
1656,42.0,11,9,2,0.0
1657,16.0,7,13,3,0.0
1658,22.0,8,12,3,0.0
1659,0.0,5,15,5,0.0
1660,6.0,6,14,5,0.0
1661,14.0,7,13,4,0.0
1662,26.0,9,11,4,0.0
1663,18.0,7,13,2,0.0
1664,0.0,4,16,2,0.4360923394560814
1665,24.0,9,11,5,0.0
1666,8.0,6,14,4,0.0
1667,14.0,6,14,1,0.0
1668,6.0,5,15,2,0.0
1669,8.0,5,15,1,0.0
1670,14.0,6,14,1,0.0
1671,12.0,6,14,2,0.0
1672,2.0,5,15,4,0.0
1673,-12.0,2,18,2,0.0
1674,20.0,7,13,1,0.0
1675,14.0,6,14,1,0.0
1676,32.0,9,11,1,0.0
1677,32.0,10,10,4,0.0
1678,6.0,5,15,2,0.0
1679,26.0,8,12,1,0.0
1680,14.0,6,14,1,0.0
1681,18.0,7,13,2,0.0
1682,-4.0,3,17,1,0.0
1683,30.0,9,11,2,0.0
1684,38.0,11,9,4,0.0
1685,14.0,6,14,1,0.0
1686,6.0,5,15,2,0.0
1687,12.0,6,14,2,0.0
1688,20.0,8,12,4,0.0
1689,12.0,6,14,2,0.0
1690,22.0,7,13,0,0.0
1691,12.0,6,14,2,0.0
1692,34.0,10,10,3,0.0
1693,10.0,6,14,3,0.0
1694,16.0,7,13,3,0.0
1695,22.0,8,12,3,0.0
1696,4.0,6,14,6,0.4438122386733691
1697,14.0,6,14,1,0.0
1698,28.0,9,11,3,0.0
1699,16.0,7,13,3,0.0
1700,18.0,7,13,2,0.0
1701,22.0,8,12,3,0.0
1702,16.0,7,13,3,0.0
1703,24.0,8,12,2,0.0
1704,20.0,8,12,4,0.0
1705,28.0,8,12,0,0.0
1706,26.0,9,11,4,0.0
1707,30.0,9,11,2,0.0
1708,0.0,4,16,2,0.0
1709,20.0,7,13,1,0.0
1710,12.0,6,14,2,0.0
1711,14.0,7,13,4,0.0
1712,2.0,4,16,1,0.0
1713,-8.0,2,18,0,0.0
1714,32.0,10,10,4,0.0
1715,-26.0,1,19,6,0.0
1716,24.0,9,11,5,0.0
1717,28.0,9,11,3,0.0
1718,16.0,7,13,3,0.0
1719,20.0,9,11,7,0.0
1720,36.0,10,10,2,0.0
1721,14.0,6,14,1,0.0
1722,30.0,10,10,5,0.0
1723,40.0,10,10,0,0.0
1724,8.0,5,15,1,0.0
1725,6.0,6,14,5,0.0
1726,4.0,5,15,3,0.0
1727,28.0,9,11,3,0.0
1728,24.0,8,12,2,0.44828446209430695
1729,0.0,5,15,5,0.0
1730,4.0,5,15,3,0.0
1731,-4.0,4,16,4,0.0
1732,0.0,4,16,2,0.0
1733,10.0,6,14,3,0.0
1734,34.0,10,10,3,0.0
1735,38.0,10,10,1,0.0
1736,18.0,7,13,2,0.0
1737,0.0,4,16,2,0.0
1738,24.0,8,12,2,0.0
1739,18.0,7,13,2,0.0
1740,8.0,6,14,4,0.0
1741,14.0,6,14,1,0.0
1742,-2.0,4,16,3,0.0
1743,4.0,4,16,0,0.0
1744,12.0,6,14,2,0.0
1745,38.0,10,10,1,0.0
1746,2.0,4,16,1,0.0
1747,16.0,7,13,3,0.0
1748,32.0,9,11,1,0.0
1749,34.0,10,10,3,0.0
1750,10.0,6,14,3,0.0
1751,-22.0,1,19,4,0.0
1752,-6.0,3,17,2,0.0
1753,12.0,6,14,2,0.0
1754,12.0,6,14,2,0.0
1755,24.0,8,12,2,0.0
1756,38.0,11,9,4,0.0
1757,0.0,4,16,2,0.0
1758,12.0,6,14,2,0.0
1759,26.0,8,12,1,0.0
1760,50.0,12,8,1,0.4451215788722038
1761,8.0,6,14,4,0.0
1762,0.0,5,15,5,0.0
1763,8.0,5,15,1,0.0
1764,-14.0,2,18,3,0.0
1765,0.0,4,16,2,0.0
1766,18.0,7,13,2,0.0
1767,22.0,7,13,0,0.0
1768,22.0,8,12,3,0.0
1769,30.0,9,11,2,0.0
1770,22.0,8,12,3,0.0
1771,20.0,8,12,4,0.0
1772,28.0,9,11,3,0.0
1773,24.0,8,12,2,0.0
1774,8.0,6,14,4,0.0
1775,8.0,5,15,1,0.0
1776,12.0,6,14,2,0.0
1777,16.0,6,14,0,0.0
1778,32.0,9,11,1,0.0
1779,4.0,5,15,3,0.0
1780,12.0,6,14,2,0.0
1781,30.0,9,11,2,0.0
1782,14.0,6,14,1,0.0
1783,24.0,8,12,2,0.0
1784,20.0,8,12,4,0.0
1785,0.0,5,15,5,0.0
1786,18.0,7,13,2,0.0
1787,28.0,9,11,3,0.0
1788,10.0,5,15,0,0.0
1789,-12.0,3,17,5,0.0
1790,10.0,6,14,3,0.0
1791,22.0,8,12,3,0.0
1792,14.0,7,13,4,0.45255480458339054
1793,32.0,9,11,1,0.0
1794,0.0,4,16,2,0.0
1795,8.0,5,15,1,0.0
1796,8.0,5,15,1,0.0
1797,44.0,11,9,1,0.0
1798,44.0,12,8,4,0.0
1799,4.0,4,16,0,0.0
1800,36.0,11,9,5,0.0
1801,16.0,6,14,0,0.0
1802,8.0,5,15,1,0.0
1803,8.0,5,15,1,0.0
1804,24.0,8,12,2,0.0
1805,22.0,8,12,3,0.0
1806,24.0,9,11,5,0.0
1807,8.0,5,15,1,0.0
1808,4.0,4,16,0,0.0
1809,-4.0,4,16,4,0.0
1810,0.0,4,16,2,0.0
1811,10.0,5,15,0,0.0
1812,14.0,7,13,4,0.0
1813,-4.0,4,16,4,0.0
1814,16.0,6,14,0,0.0
1815,16.0,7,13,3,0.0
1816,0.0,4,16,2,0.0
1817,4.0,5,15,3,0.0
1818,24.0,8,12,2,0.0
1819,6.0,6,14,5,0.0
1820,-2.0,4,16,3,0.0
1821,-4.0,4,16,4,0.0
1822,12.0,6,14,2,0.0
1823,14.0,6,14,1,0.0
1824,20.0,8,12,4,0.4495090792576472
1825,10.0,7,13,6,0.0
1826,20.0,7,13,1,0.0
1827,6.0,6,14,5,0.0
1828,36.0,10,10,2,0.0
1829,2.0,4,16,1,0.0
1830,8.0,6,14,4,0.0
1831,40.0,11,9,3,0.0
1832,4.0,5,15,3,0.0
1833,24.0,8,12,2,0.0
1834,-8.0,3,17,3,0.0
1835,8.0,6,14,4,0.0
1836,10.0,6,14,3,0.0
1837,34.0,10,10,3,0.0
1838,-14.0,2,18,3,0.0
1839,30.0,9,11,2,0.0
1840,20.0,7,13,1,0.0
1841,42.0,11,9,2,0.0
1842,24.0,8,12,2,0.0
1843,48.0,12,8,2,0.0
1844,44.0,11,9,1,0.0
1845,6.0,5,15,2,0.0
1846,30.0,10,10,5,0.0
1847,18.0,7,13,2,0.0
1848,6.0,5,15,2,0.0
1849,10.0,5,15,0,0.0
1850,14.0,7,13,4,0.0
1851,22.0,8,12,3,0.0
1852,22.0,8,12,3,0.0
1853,26.0,8,12,1,0.0
1854,22.0,8,12,3,0.0
1855,6.0,5,15,2,0.0
1856,0.0,5,15,5,0.4641137197613716
1857,10.0,6,14,3,0.0
1858,8.0,6,14,4,0.0
1859,24.0,8,12,2,0.0
1860,20.0,8,12,4,0.0
1861,22.0,8,12,3,0.0
1862,40.0,11,9,3,0.0
1863,6.0,5,15,2,0.0
1864,12.0,6,14,2,0.0
1865,-6.0,3,17,2,0.0
1866,42.0,11,9,2,0.0
1867,-12.0,2,18,2,0.0
1868,-4.0,3,17,1,0.0
1869,0.0,4,16,2,0.0
1870,6.0,5,15,2,0.0
1871,-2.0,4,16,3,0.0
1872,20.0,7,13,1,0.0
1873,16.0,7,13,3,0.0
1874,2.0,4,16,1,0.0
1875,6.0,5,15,2,0.0
1876,10.0,7,13,6,0.0
1877,14.0,6,14,1,0.0
1878,-2.0,4,16,3,0.0
1879,0.0,4,16,2,0.0
1880,24.0,8,12,2,0.0
1881,34.0,9,11,0,0.0
1882,8.0,5,15,1,0.0
1883,-2.0,4,16,3,0.0
1884,14.0,6,14,1,0.0
1885,14.0,6,14,1,0.0
1886,28.0,8,12,0,0.0
1887,44.0,12,8,4,0.0
1888,34.0,9,11,0,0.4552191098531087
1889,12.0,6,14,2,0.0
1890,22.0,7,13,0,0.0
1891,16.0,7,13,3,0.0
1892,18.0,8,12,5,0.0
1893,26.0,10,10,7,0.0
1894,30.0,9,11,2,0.0
1895,46.0,12,8,3,0.0
1896,20.0,7,13,1,0.0
1897,-2.0,4,16,3,0.0
1898,0.0,4,16,2,0.0
1899,32.0,9,11,1,0.0
1900,38.0,11,9,4,0.0
1901,4.0,5,15,3,0.0
1902,20.0,7,13,1,0.0
1903,22.0,7,13,0,0.0
1904,6.0,5,15,2,0.0
1905,22.0,7,13,0,0.0
1906,26.0,8,12,1,0.0
1907,16.0,6,14,0,0.0
1908,48.0,12,8,2,0.0
1909,44.0,11,9,1,0.0
1910,16.0,7,13,3,0.0
1911,30.0,9,11,2,0.0
1912,36.0,11,9,5,0.0
1913,6.0,5,15,2,0.0
1914,22.0,9,11,6,0.0
1915,32.0,9,11,1,0.0
1916,22.0,8,12,3,0.0
1917,26.0,8,12,1,0.0
1918,-8.0,3,17,3,0.0
1919,10.0,6,14,3,0.0
1920,0.0,4,16,2,0.4434658040603002
1921,12.0,6,14,2,0.0
1922,4.0,5,15,3,0.0
1923,8.0,5,15,1,0.0
1924,6.0,6,14,5,0.0
1925,8.0,7,13,7,0.0
1926,24.0,9,11,5,0.0
1927,28.0,9,11,3,0.0
1928,8.0,5,15,1,0.0
1929,30.0,9,11,2,0.0
1930,24.0,8,12,2,0.0
1931,28.0,10,10,6,0.0
1932,22.0,7,13,0,0.0
1933,34.0,10,10,3,0.0
1934,2.0,5,15,4,0.0
1935,24.0,8,12,2,0.0
1936,8.0,5,15,1,0.0
1937,12.0,7,13,5,0.0
1938,12.0,6,14,2,0.0
1939,40.0,10,10,0,0.0
1940,10.0,6,14,3,0.0
1941,10.0,6,14,3,0.0
1942,8.0,6,14,4,0.0
1943,16.0,8,12,6,0.0
1944,34.0,10,10,3,0.0
1945,18.0,7,13,2,0.0
1946,16.0,7,13,3,0.0
1947,50.0,12,8,1,0.0
1948,48.0,12,8,2,0.0
1949,10.0,6,14,3,0.0
1950,4.0,5,15,3,0.0
1951,-4.0,4,16,4,0.0
1952,22.0,8,12,3,0.457462377846241
1953,22.0,9,11,6,0.0
1954,12.0,6,14,2,0.0
1955,32.0,9,11,1,0.0
1956,4.0,4,16,0,0.0
1957,8.0,5,15,1,0.0
1958,20.0,8,12,4,0.0
1959,18.0,7,13,2,0.0
1960,16.0,6,14,0,0.0
1961,42.0,11,9,2,0.0
1962,-6.0,3,17,2,0.0
1963,6.0,6,14,5,0.0
1964,38.0,11,9,4,0.0
1965,-2.0,4,16,3,0.0
1966,32.0,9,11,1,0.0
1967,4.0,5,15,3,0.0
1968,-2.0,4,16,3,0.0
1969,44.0,12,8,4,0.0
1970,36.0,10,10,2,0.0
1971,22.0,7,13,0,0.0
1972,12.0,6,14,2,0.0
1973,18.0,7,13,2,0.0
1974,18.0,7,13,2,0.0
1975,44.0,12,8,4,0.0
1976,34.0,9,11,0,0.0
1977,38.0,10,10,1,0.0
1978,26.0,9,11,4,0.0
1979,22.0,7,13,0,0.0
1980,16.0,6,14,0,0.0
1981,16.0,7,13,3,0.0
1982,28.0,8,12,0,0.0
1983,46.0,11,9,0,0.0
1984,28.0,8,12,0,0.46013230830430984
1985,-4.0,4,16,4,0.0
1986,18.0,7,13,2,0.0
1987,20.0,8,12,4,0.0
1988,22.0,7,13,0,0.0
1989,28.0,9,11,3,0.0
1990,24.0,8,12,2,0.0
1991,22.0,8,12,3,0.0
1992,36.0,11,9,5,0.0
1993,14.0,7,13,4,0.0
1994,-8.0,4,16,6,0.0
1995,8.0,5,15,1,0.0
1996,12.0,6,14,2,0.0
1997,20.0,8,12,4,0.0
1998,16.0,7,13,3,0.0
1999,30.0,9,11,2,0.0
2000,8.0,6,14,4,0.0
2001,34.0,10,10,3,0.0
2002,26.0,8,12,1,0.0
2003,38.0,10,10,1,0.0
2004,12.0,6,14,2,0.0
2005,22.0,7,13,0,0.0
2006,4.0,6,14,6,0.0
2007,10.0,7,13,6,0.0
2008,10.0,6,14,3,0.0
2009,32.0,9,11,1,0.0
2010,14.0,6,14,1,0.0
2011,6.0,5,15,2,0.0
2012,-2.0,4,16,3,0.0
2013,-14.0,2,18,3,0.0
2014,4.0,4,16,0,0.0
2015,30.0,9,11,2,0.0
2016,0.0,4,16,2,0.4468781699736913
2017,18.0,7,13,2,0.0
2018,0.0,5,15,5,0.0
2019,8.0,5,15,1,0.0
2020,10.0,6,14,3,0.0
2021,-2.0,4,16,3,0.0
2022,20.0,8,12,4,0.0
2023,14.0,6,14,1,0.0
2024,-6.0,3,17,2,0.0
2025,2.0,4,16,1,0.0
2026,-6.0,3,17,2,0.0
2027,24.0,8,12,2,0.0
2028,24.0,9,11,5,0.0
2029,32.0,10,10,4,0.0
2030,10.0,6,14,3,0.0
2031,22.0,7,13,0,0.0
2032,16.0,7,13,3,0.0
2033,8.0,6,14,4,0.0
2034,22.0,8,12,3,0.0
2035,-2.0,5,15,6,0.0
2036,18.0,7,13,2,0.0
2037,16.0,7,13,3,0.0
2038,18.0,7,13,2,0.0
2039,24.0,8,12,2,0.0
2040,32.0,9,11,1,0.0
2041,26.0,8,12,1,0.0
2042,36.0,11,9,5,0.0
2043,8.0,5,15,1,0.0
2044,20.0,8,12,4,0.0
2045,18.0,7,13,2,0.0
2046,12.0,6,14,2,0.0
2047,16.0,7,13,3,0.0
2048,12.0,6,14,2,0.4637519915898641
2049,14.0,7,13,4,0.0
2050,30.0,9,11,2,0.0
2051,20.0,8,12,4,0.0
2052,14.0,6,14,1,0.0
2053,4.0,5,15,3,0.0
2054,14.0,6,14,1,0.0
2055,14.0,6,14,1,0.0
2056,24.0,9,11,5,0.0
2057,26.0,9,11,4,0.0
2058,24.0,8,12,2,0.0
2059,30.0,10,10,5,0.0
2060,10.0,5,15,0,0.0
2061,26.0,8,12,1,0.0
2062,20.0,8,12,4,0.0
2063,2.0,4,16,1,0.0
2064,12.0,6,14,2,0.0
2065,42.0,11,9,2,0.0
2066,34.0,10,10,3,0.0
2067,6.0,6,14,5,0.0
2068,24.0,8,12,2,0.0
2069,24.0,8,12,2,0.0
2070,18.0,7,13,2,0.0
2071,-2.0,4,16,3,0.0
2072,18.0,7,13,2,0.0
2073,14.0,7,13,4,0.0
2074,42.0,11,9,2,0.0
2075,10.0,5,15,0,0.0
2076,2.0,5,15,4,0.0
2077,20.0,7,13,1,0.0
2078,16.0,7,13,3,0.0
2079,14.0,7,13,4,0.0
2080,20.0,8,12,4,0.45624173680941266
2081,48.0,12,8,2,0.0
2082,18.0,7,13,2,0.0
2083,8.0,5,15,1,0.0
2084,20.0,8,12,4,0.0
2085,-2.0,4,16,3,0.0
2086,36.0,10,10,2,0.0
2087,10.0,6,14,3,0.0
2088,12.0,6,14,2,0.0
2089,0.0,4,16,2,0.0
2090,14.0,6,14,1,0.0
2091,8.0,6,14,4,0.0
2092,14.0,6,14,1,0.0
2093,14.0,7,13,4,0.0
2094,28.0,9,11,3,0.0
2095,16.0,7,13,3,0.0
2096,20.0,7,13,1,0.0
2097,22.0,7,13,0,0.0
2098,14.0,7,13,4,0.0
2099,18.0,7,13,2,0.0
2100,2.0,4,16,1,0.0
2101,44.0,11,9,1,0.0
2102,48.0,12,8,2,0.0
2103,36.0,10,10,2,0.0
2104,44.0,11,9,1,0.0
2105,20.0,7,13,1,0.0
2106,8.0,5,15,1,0.0
2107,34.0,10,10,3,0.0
2108,18.0,7,13,2,0.0
2109,44.0,11,9,1,0.0
2110,28.0,8,12,0,0.0
2111,24.0,9,11,5,0.0
2112,16.0,7,13,3,0.47009603679180145
2113,14.0,6,14,1,0.0
2114,2.0,5,15,4,0.0
2115,20.0,7,13,1,0.0
2116,44.0,11,9,1,0.0
2117,26.0,9,11,4,0.0
2118,34.0,10,10,3,0.0
2119,26.0,9,11,4,0.0
2120,24.0,9,11,5,0.0
2121,20.0,8,12,4,0.0
2122,22.0,8,12,3,0.0
2123,4.0,5,15,3,0.0
2124,24.0,8,12,2,0.0
2125,32.0,11,9,7,0.0
2126,10.0,6,14,3,0.0
2127,36.0,10,10,2,0.0
2128,12.0,6,14,2,0.0
2129,34.0,10,10,3,0.0
2130,-4.0,3,17,1,0.0
2131,10.0,6,14,3,0.0
2132,0.0,4,16,2,0.0
2133,16.0,7,13,3,0.0
2134,4.0,4,16,0,0.0
2135,18.0,7,13,2,0.0
2136,14.0,7,13,4,0.0
2137,10.0,6,14,3,0.0
2138,0.0,4,16,2,0.0
2139,16.0,7,13,3,0.0
2140,6.0,5,15,2,0.0
2141,24.0,8,12,2,0.0
2142,12.0,6,14,2,0.0
2143,10.0,6,14,3,0.0
2144,34.0,9,11,0,0.45187632491191226
2145,30.0,9,11,2,0.0
2146,32.0,10,10,4,0.0
2147,30.0,9,11,2,0.0
2148,40.0,11,9,3,0.0
2149,14.0,7,13,4,0.0
2150,38.0,11,9,4,0.0
2151,30.0,9,11,2,0.0
2152,26.0,8,12,1,0.0
2153,38.0,11,9,4,0.0
2154,-2.0,4,16,3,0.0
2155,10.0,6,14,3,0.0
2156,6.0,6,14,5,0.0
2157,30.0,9,11,2,0.0
2158,18.0,7,13,2,0.0
2159,6.0,6,14,5,0.0
2160,6.0,5,15,2,0.0
2161,10.0,5,15,0,0.0
2162,26.0,9,11,4,0.0
2163,22.0,7,13,0,0.0
2164,18.0,8,12,5,0.0
2165,-4.0,3,17,1,0.0
2166,16.0,6,14,0,0.0
2167,26.0,9,11,4,0.0
2168,16.0,6,14,0,0.0
2169,0.0,4,16,2,0.0
2170,28.0,9,11,3,0.0
2171,14.0,6,14,1,0.0
2172,4.0,6,14,6,0.0
2173,10.0,5,15,0,0.0
2174,10.0,5,15,0,0.0
2175,20.0,8,12,4,0.0
2176,26.0,9,11,4,0.4516950324177742
2177,24.0,9,11,5,0.0
2178,20.0,7,13,1,0.0
2179,36.0,10,10,2,0.0
2180,-10.0,3,17,4,0.0
2181,16.0,6,14,0,0.0
2182,50.0,12,8,1,0.0
2183,16.0,7,13,3,0.0
2184,12.0,6,14,2,0.0
2185,8.0,6,14,4,0.0
2186,24.0,8,12,2,0.0
2187,-12.0,3,17,5,0.0
2188,-16.0,2,18,4,0.0
2189,26.0,8,12,1,0.0
2190,30.0,10,10,5,0.0
2191,2.0,4,16,1,0.0
2192,14.0,6,14,1,0.0
2193,30.0,10,10,5,0.0
2194,16.0,7,13,3,0.0
2195,20.0,7,13,1,0.0
2196,36.0,10,10,2,0.0
2197,18.0,7,13,2,0.0
2198,34.0,10,10,3,0.0
2199,0.0,4,16,2,0.0
2200,40.0,11,9,3,0.0
2201,28.0,9,11,3,0.0
2202,12.0,6,14,2,0.0
2203,12.0,6,14,2,0.0
2204,32.0,9,11,1,0.0
2205,28.0,9,11,3,0.0
2206,24.0,8,12,2,0.0
2207,10.0,6,14,3,0.0
2208,24.0,8,12,2,0.4682459831237793
2209,6.0,6,14,5,0.0
2210,10.0,6,14,3,0.0
2211,12.0,6,14,2,0.0
2212,12.0,6,14,2,0.0
2213,36.0,10,10,2,0.0
2214,12.0,6,14,2,0.0
2215,14.0,7,13,4,0.0
2216,20.0,9,11,7,0.0
2217,32.0,9,11,1,0.0
2218,12.0,6,14,2,0.0
2219,14.0,7,13,4,0.0
2220,20.0,7,13,1,0.0
2221,34.0,10,10,3,0.0
2222,20.0,7,13,1,0.0
2223,22.0,7,13,0,0.0
2224,38.0,10,10,1,0.0
2225,22.0,7,13,0,0.0
2226,14.0,6,14,1,0.0
2227,-10.0,2,18,1,0.0
2228,26.0,9,11,4,0.0
2229,22.0,9,11,6,0.0
2230,22.0,8,12,3,0.0
2231,26.0,8,12,1,0.0
2232,18.0,7,13,2,0.0
2233,24.0,8,12,2,0.0
2234,8.0,6,14,4,0.0
2235,10.0,6,14,3,0.0
2236,16.0,9,11,9,0.0
2237,-8.0,3,17,3,0.0
2238,14.0,7,13,4,0.0
2239,16.0,6,14,0,0.0
2240,26.0,9,11,4,0.46208722392718
2241,48.0,12,8,2,0.0
2242,8.0,6,14,4,0.0
2243,8.0,5,15,1,0.0
2244,26.0,9,11,4,0.0
2245,20.0,7,13,1,0.0
2246,18.0,7,13,2,0.0
2247,12.0,6,14,2,0.0
2248,30.0,9,11,2,0.0
2249,14.0,6,14,1,0.0
2250,14.0,7,13,4,0.0
2251,12.0,6,14,2,0.0
2252,4.0,5,15,3,0.0
2253,24.0,8,12,2,0.0
2254,20.0,7,13,1,0.0
2255,16.0,8,12,6,0.0
2256,8.0,6,14,4,0.0
2257,6.0,6,14,5,0.0
2258,30.0,9,11,2,0.0
2259,44.0,12,8,4,0.0
2260,10.0,6,14,3,0.0
2261,-10.0,3,17,4,0.0
2262,18.0,7,13,2,0.0
2263,20.0,7,13,1,0.0
2264,14.0,7,13,4,0.0
2265,6.0,5,15,2,0.0
2266,38.0,11,9,4,0.0
2267,2.0,4,16,1,0.0
2268,22.0,7,13,0,0.0
2269,16.0,7,13,3,0.0
2270,16.0,7,13,3,0.0
2271,28.0,9,11,3,0.0
2272,26.0,8,12,1,0.5843667387962341
2273,4.0,6,14,6,0.0
2274,34.0,10,10,3,0.0
2275,24.0,8,12,2,0.0
2276,30.0,10,10,5,0.0
2277,28.0,8,12,0,0.0
2278,20.0,7,13,1,0.0
2279,10.0,6,14,3,0.0
2280,28.0,9,11,3,0.0
2281,28.0,9,11,3,0.0
2282,14.0,7,13,4,0.0
2283,26.0,8,12,1,0.0
2284,14.0,7,13,4,0.0
2285,30.0,9,11,2,0.0
2286,14.0,7,13,4,0.0
2287,20.0,7,13,1,0.0
2288,16.0,7,13,3,0.0
2289,4.0,6,14,6,0.0
2290,18.0,7,13,2,0.0
2291,-2.0,4,16,3,0.0
2292,44.0,12,8,4,0.0
2293,16.0,6,14,0,0.0
2294,32.0,9,11,1,0.0
2295,8.0,6,14,4,0.0
2296,4.0,5,15,3,0.0
2297,16.0,7,13,3,0.0
2298,16.0,6,14,0,0.0
2299,48.0,12,8,2,0.0
2300,34.0,9,11,0,0.0
2301,38.0,10,10,1,0.0
2302,8.0,6,14,4,0.0
2303,18.0,7,13,2,0.0
2304,6.0,5,15,2,0.6359390864769617
2305,30.0,9,11,2,0.0
2306,8.0,6,14,4,0.0
2307,0.0,5,15,5,0.0
2308,36.0,10,10,2,0.0
2309,34.0,10,10,3,0.0
2310,30.0,9,11,2,0.0
2311,12.0,6,14,2,0.0
2312,16.0,7,13,3,0.0
2313,38.0,10,10,1,0.0
2314,-12.0,2,18,2,0.0
2315,12.0,7,13,5,0.0
2316,46.0,11,9,0,0.0
2317,2.0,4,16,1,0.0
2318,22.0,8,12,3,0.0
2319,24.0,8,12,2,0.0
2320,40.0,10,10,0,0.0
2321,16.0,6,14,0,0.0
2322,34.0,10,10,3,0.0
2323,12.0,7,13,5,0.0
2324,38.0,11,9,4,0.0
2325,16.0,7,13,3,0.0
2326,24.0,9,11,5,0.0
2327,28.0,9,11,3,0.0
2328,2.0,5,15,4,0.0
2329,42.0,12,8,5,0.0
2330,-4.0,4,16,4,0.0
2331,30.0,9,11,2,0.0
2332,16.0,6,14,0,0.0
2333,16.0,7,13,3,0.0
2334,6.0,5,15,2,0.0
2335,32.0,9,11,1,0.0
2336,14.0,6,14,1,0.5787932574748993
2337,48.0,13,7,5,0.0
2338,26.0,8,12,1,0.0
2339,34.0,9,11,0,0.0
2340,22.0,7,13,0,0.0
2341,16.0,7,13,3,0.0
2342,2.0,4,16,1,0.0
2343,16.0,7,13,3,0.0
2344,20.0,7,13,1,0.0
2345,26.0,8,12,1,0.0
2346,10.0,6,14,3,0.0
2347,0.0,5,15,5,0.0
2348,16.0,7,13,3,0.0
2349,36.0,10,10,2,0.0
2350,28.0,9,11,3,0.0
2351,24.0,9,11,5,0.0
2352,14.0,6,14,1,0.0
2353,16.0,7,13,3,0.0
2354,10.0,6,14,3,0.0
2355,-2.0,4,16,3,0.0
2356,20.0,7,13,1,0.0
2357,-18.0,2,18,5,0.0
2358,18.0,7,13,2,0.0
2359,-14.0,2,18,3,0.0
2360,16.0,6,14,0,0.0
2361,22.0,7,13,0,0.0
2362,20.0,9,11,7,0.0
2363,30.0,9,11,2,0.0
2364,16.0,7,13,3,0.0
2365,24.0,8,12,2,0.0
2366,20.0,8,12,4,0.0
2367,18.0,7,13,2,0.0
2368,22.0,8,12,3,0.4916207566857338
2369,26.0,8,12,1,0.0
2370,44.0,12,8,4,0.0
2371,38.0,10,10,1,0.0
2372,12.0,7,13,5,0.0
2373,26.0,8,12,1,0.0
2374,14.0,6,14,1,0.0
2375,6.0,6,14,5,0.0
2376,26.0,9,11,4,0.0
2377,0.0,4,16,2,0.0
2378,18.0,7,13,2,0.0
2379,-2.0,4,16,3,0.0
2380,20.0,8,12,4,0.0
2381,26.0,8,12,1,0.0
2382,14.0,7,13,4,0.0
2383,16.0,7,13,3,0.0
2384,6.0,5,15,2,0.0
2385,16.0,7,13,3,0.0
2386,34.0,10,10,3,0.0
2387,30.0,9,11,2,0.0
2388,-4.0,4,16,4,0.0
2389,42.0,11,9,2,0.0
2390,32.0,9,11,1,0.0
2391,36.0,10,10,2,0.0
2392,10.0,6,14,3,0.0
2393,22.0,8,12,3,0.0
2394,34.0,10,10,3,0.0
2395,26.0,8,12,1,0.0
2396,16.0,7,13,3,0.0
2397,40.0,10,10,0,0.0
2398,32.0,9,11,1,0.0
2399,24.0,8,12,2,0.0
2400,4.0,5,15,3,0.45420065770546597
2401,28.0,9,11,3,0.0
2402,-4.0,4,16,4,0.0
2403,12.0,6,14,2,0.0
2404,6.0,6,14,5,0.0
2405,14.0,6,14,1,0.0
2406,2.0,5,15,4,0.0
2407,34.0,10,10,3,0.0
2408,14.0,6,14,1,0.0
2409,22.0,8,12,3,0.0
2410,2.0,4,16,1,0.0
2411,22.0,8,12,3,0.0
2412,8.0,5,15,1,0.0
2413,2.0,4,16,1,0.0
2414,10.0,6,14,3,0.0
2415,28.0,9,11,3,0.0
2416,20.0,7,13,1,0.0
2417,30.0,10,10,5,0.0
2418,26.0,9,11,4,0.0
2419,24.0,8,12,2,0.0
2420,20.0,8,12,4,0.0
2421,40.0,11,9,3,0.0
2422,-2.0,3,17,0,0.0
2423,12.0,6,14,2,0.0
2424,14.0,7,13,4,0.0
2425,38.0,11,9,4,0.0
2426,16.0,7,13,3,0.0
2427,8.0,6,14,4,0.0
2428,20.0,7,13,1,0.0
2429,10.0,5,15,0,0.0
2430,6.0,5,15,2,0.0
2431,18.0,7,13,2,0.0
2432,32.0,9,11,1,0.5301013737916946
2433,38.0,10,10,1,0.0
2434,34.0,10,10,3,0.0
2435,8.0,6,14,4,0.0
2436,14.0,6,14,1,0.0
2437,-2.0,4,16,3,0.0
2438,28.0,9,11,3,0.0
2439,14.0,6,14,1,0.0
2440,10.0,5,15,0,0.0
2441,36.0,11,9,5,0.0
2442,10.0,6,14,3,0.0
2443,4.0,5,15,3,0.0
2444,18.0,7,13,2,0.0
2445,46.0,11,9,0,0.0
2446,24.0,8,12,2,0.0
2447,10.0,5,15,0,0.0
2448,8.0,6,14,4,0.0
2449,12.0,6,14,2,0.0
2450,40.0,11,9,3,0.0
2451,36.0,10,10,2,0.0
2452,30.0,9,11,2,0.0
2453,22.0,8,12,3,0.0
2454,26.0,8,12,1,0.0
2455,4.0,5,15,3,0.0
2456,14.0,7,13,4,0.0
2457,10.0,6,14,3,0.0
2458,16.0,6,14,0,0.0
2459,44.0,12,8,4,0.0
2460,28.0,8,12,0,0.0
2461,12.0,6,14,2,0.0
2462,20.0,7,13,1,0.0
2463,38.0,10,10,1,0.0
2464,26.0,9,11,4,0.47152277330557507
2465,20.0,8,12,4,0.0
2466,10.0,5,15,0,0.0
2467,22.0,9,11,6,0.0
2468,36.0,10,10,2,0.0
2469,34.0,10,10,3,0.0
2470,16.0,7,13,3,0.0
2471,-16.0,2,18,4,0.0
2472,4.0,5,15,3,0.0
2473,20.0,7,13,1,0.0
2474,8.0,5,15,1,0.0
2475,0.0,4,16,2,0.0
2476,24.0,8,12,2,0.0
2477,24.0,8,12,2,0.0
2478,14.0,6,14,1,0.0
2479,-4.0,3,17,1,0.0
2480,52.0,13,7,3,0.0
2481,10.0,6,14,3,0.0
2482,8.0,6,14,4,0.0
2483,32.0,9,11,1,0.0
2484,12.0,7,13,5,0.0
2485,20.0,8,12,4,0.0
2486,52.0,13,7,3,0.0
2487,-10.0,3,17,4,0.0
2488,40.0,11,9,3,0.0
2489,16.0,7,13,3,0.0
2490,24.0,8,12,2,0.0
2491,26.0,8,12,1,0.0
2492,10.0,6,14,3,0.0
2493,32.0,9,11,1,0.0
2494,-4.0,3,17,1,0.0
2495,24.0,8,12,2,0.0
2496,18.0,7,13,2,2.0433685183525085
2497,16.0,7,13,3,0.0
2498,-2.0,3,17,0,0.0
2499,30.0,9,11,2,0.0
2500,28.0,9,11,3,0.0
2501,18.0,7,13,2,0.0
2502,44.0,12,8,4,0.0
2503,14.0,7,13,4,0.0
2504,32.0,9,11,1,0.0
2505,12.0,6,14,2,0.0
2506,12.0,6,14,2,0.0
2507,10.0,5,15,0,0.0
2508,32.0,9,11,1,0.0
2509,14.0,7,13,4,0.0
2510,8.0,6,14,4,0.0
2511,-2.0,4,16,3,0.0
2512,6.0,5,15,2,0.0
2513,8.0,5,15,1,0.0
2514,22.0,8,12,3,0.0
2515,14.0,7,13,4,0.0
2516,30.0,9,11,2,0.0
2517,50.0,13,7,4,0.0
2518,34.0,10,10,3,0.0
2519,22.0,8,12,3,0.0
2520,12.0,6,14,2,0.0
2521,42.0,11,9,2,0.0
2522,20.0,7,13,1,0.0
2523,6.0,5,15,2,0.0
2524,20.0,8,12,4,0.0
2525,26.0,9,11,4,0.0
2526,18.0,7,13,2,0.0
2527,20.0,7,13,1,0.0
2528,32.0,10,10,4,0.463388887544473
2529,24.0,8,12,2,0.0
2530,4.0,5,15,3,0.0
2531,8.0,7,13,7,0.0
2532,2.0,5,15,4,0.0
2533,30.0,9,11,2,0.0
2534,40.0,10,10,0,0.0
2535,26.0,8,12,1,0.0
2536,12.0,6,14,2,0.0
2537,4.0,5,15,3,0.0
2538,20.0,7,13,1,0.0
2539,36.0,10,10,2,0.0
2540,0.0,4,16,2,0.0
2541,20.0,9,11,7,0.0
2542,50.0,12,8,1,0.0
2543,6.0,5,15,2,0.0
2544,20.0,8,12,4,0.0
2545,48.0,12,8,2,0.0
2546,22.0,8,12,3,0.0
2547,8.0,6,14,4,0.0
2548,36.0,10,10,2,0.0
2549,4.0,5,15,3,0.0
2550,56.0,13,7,1,0.0
2551,8.0,5,15,1,0.0
2552,20.0,7,13,1,0.0
2553,32.0,9,11,1,0.0
2554,-12.0,2,18,2,0.0
2555,16.0,7,13,3,0.0
2556,24.0,8,12,2,0.0
2557,26.0,9,11,4,0.0
2558,20.0,8,12,4,0.0
2559,20.0,8,12,4,0.0
2560,38.0,11,9,4,0.5028152614831924
2561,32.0,9,11,1,0.0
2562,32.0,10,10,4,0.0
2563,6.0,6,14,5,0.0
2564,22.0,7,13,0,0.0
2565,20.0,7,13,1,0.0
2566,-6.0,3,17,2,0.0
2567,20.0,7,13,1,0.0
2568,44.0,11,9,1,0.0
2569,22.0,8,12,3,0.0
2570,24.0,8,12,2,0.0
2571,28.0,9,11,3,0.0
2572,34.0,10,10,3,0.0
2573,20.0,7,13,1,0.0
2574,10.0,6,14,3,0.0
2575,14.0,6,14,1,0.0
2576,32.0,9,11,1,0.0
2577,20.0,8,12,4,0.0
2578,38.0,10,10,1,0.0
2579,26.0,8,12,1,0.0
2580,12.0,6,14,2,0.0
2581,8.0,6,14,4,0.0
2582,32.0,9,11,1,0.0
2583,4.0,4,16,0,0.0
2584,8.0,5,15,1,0.0
2585,38.0,12,8,7,0.0
2586,14.0,6,14,1,0.0
2587,32.0,10,10,4,0.0
2588,-6.0,3,17,2,0.0
2589,2.0,4,16,1,0.0
2590,28.0,9,11,3,0.0
2591,12.0,6,14,2,0.0
2592,32.0,9,11,1,0.8139512439568838
2593,30.0,9,11,2,0.0
2594,14.0,7,13,4,0.0
2595,0.0,5,15,5,0.0
2596,34.0,11,9,6,0.0
2597,22.0,7,13,0,0.0
2598,24.0,8,12,2,0.0
2599,10.0,6,14,3,0.0
2600,-4.0,4,16,4,0.0
2601,26.0,9,11,4,0.0
2602,10.0,6,14,3,0.0
2603,32.0,10,10,4,0.0
2604,22.0,9,11,6,0.0
2605,40.0,11,9,3,0.0
2606,28.0,9,11,3,0.0
2607,28.0,9,11,3,0.0
2608,28.0,9,11,3,0.0
2609,18.0,7,13,2,0.0
2610,28.0,9,11,3,0.0
2611,30.0,9,11,2,0.0
2612,28.0,8,12,0,0.0
2613,18.0,7,13,2,0.0
2614,18.0,7,13,2,0.0
2615,28.0,9,11,3,0.0
2616,4.0,5,15,3,0.0
2617,18.0,7,13,2,0.0
2618,30.0,9,11,2,0.0
2619,4.0,5,15,3,0.0
2620,38.0,11,9,4,0.0
2621,46.0,11,9,0,0.0
2622,14.0,6,14,1,0.0
2623,4.0,5,15,3,0.0
2624,18.0,7,13,2,0.8101854374011358
2625,30.0,9,11,2,0.0
2626,22.0,8,12,3,0.0
2627,18.0,7,13,2,0.0
2628,32.0,10,10,4,0.0
2629,14.0,6,14,1,0.0
2630,68.0,15,5,1,0.0
2631,30.0,9,11,2,0.0
2632,46.0,12,8,3,0.0
2633,16.0,6,14,0,0.0
2634,-4.0,4,16,4,0.0
2635,2.0,5,15,4,0.0
2636,-2.0,4,16,3,0.0
2637,18.0,7,13,2,0.0
2638,12.0,6,14,2,0.0
2639,4.0,5,15,3,0.0
2640,30.0,9,11,2,0.0
2641,16.0,7,13,3,0.0
2642,10.0,6,14,3,0.0
2643,-6.0,3,17,2,0.0
2644,32.0,10,10,4,0.0
2645,26.0,9,11,4,0.0
2646,34.0,10,10,3,0.0
2647,24.0,8,12,2,0.0
2648,24.0,9,11,5,0.0
2649,20.0,8,12,4,0.0
2650,28.0,9,11,3,0.0
2651,14.0,7,13,4,0.0
2652,2.0,5,15,4,0.0
2653,18.0,7,13,2,0.0
2654,12.0,7,13,5,0.0
2655,26.0,9,11,4,0.0
2656,10.0,6,14,3,0.7967750380436579
2657,26.0,9,11,4,0.0
2658,10.0,6,14,3,0.0
2659,10.0,6,14,3,0.0
2660,42.0,12,8,5,0.0
2661,34.0,9,11,0,0.0
2662,28.0,9,11,3,0.0
2663,8.0,6,14,4,0.0
2664,2.0,5,15,4,0.0
2665,4.0,5,15,3,0.0
2666,36.0,10,10,2,0.0
2667,26.0,9,11,4,0.0
2668,16.0,6,14,0,0.0
2669,20.0,8,12,4,0.0
2670,28.0,9,11,3,0.0
2671,56.0,13,7,1,0.0
2672,24.0,8,12,2,0.0
2673,30.0,10,10,5,0.0
2674,28.0,9,11,3,0.0
2675,18.0,7,13,2,0.0
2676,30.0,9,11,2,0.0
2677,32.0,9,11,1,0.0
2678,4.0,5,15,3,0.0
2679,34.0,9,11,0,0.0
2680,18.0,7,13,2,0.0
2681,42.0,11,9,2,0.0
2682,14.0,7,13,4,0.0
2683,18.0,7,13,2,0.0
2684,18.0,8,12,5,0.0
2685,8.0,5,15,1,0.0
2686,18.0,7,13,2,0.0
2687,26.0,9,11,4,0.0
2688,36.0,10,10,2,1.5790279805660248
2689,24.0,8,12,2,0.0
2690,28.0,9,11,3,0.0
2691,32.0,10,10,4,0.0
2692,26.0,8,12,1,0.0
2693,0.0,4,16,2,0.0
2694,30.0,9,11,2,0.0
2695,20.0,8,12,4,0.0
2696,20.0,8,12,4,0.0
2697,26.0,9,11,4,0.0
2698,34.0,10,10,3,0.0
2699,18.0,7,13,2,0.0
2700,18.0,7,13,2,0.0
2701,24.0,8,12,2,0.0
2702,18.0,7,13,2,0.0
2703,40.0,10,10,0,0.0
2704,-4.0,3,17,1,0.0
2705,20.0,7,13,1,0.0
2706,32.0,9,11,1,0.0
2707,28.0,9,11,3,0.0
2708,14.0,7,13,4,0.0
2709,10.0,6,14,3,0.0
2710,12.0,6,14,2,0.0
2711,10.0,6,14,3,0.0
2712,6.0,5,15,2,0.0
2713,14.0,7,13,4,0.0
2714,22.0,8,12,3,0.0
2715,18.0,7,13,2,0.0
2716,0.0,5,15,5,0.0
2717,26.0,8,12,1,0.0
2718,20.0,7,13,1,0.0
2719,30.0,9,11,2,0.0
2720,56.0,13,7,1,1.82894363005956
2721,26.0,8,12,1,0.0
2722,12.0,6,14,2,0.0
2723,0.0,5,15,5,0.0
2724,28.0,9,11,3,0.0
2725,12.0,6,14,2,0.0
2726,32.0,10,10,4,0.0
2727,22.0,8,12,3,0.0
2728,18.0,8,12,5,0.0
2729,30.0,10,10,5,0.0
2730,40.0,11,9,3,0.0
2731,-2.0,5,15,6,0.0
2732,56.0,13,7,1,0.0
2733,12.0,6,14,2,0.0
2734,28.0,8,12,0,0.0
2735,-6.0,3,17,2,0.0
2736,24.0,8,12,2,0.0
2737,28.0,9,11,3,0.0
2738,28.0,9,11,3,0.0
2739,32.0,9,11,1,0.0
2740,42.0,11,9,2,0.0
2741,38.0,10,10,1,0.0
2742,-6.0,3,17,2,0.0
2743,20.0,7,13,1,0.0
2744,54.0,13,7,2,0.0
2745,20.0,8,12,4,0.0
2746,8.0,6,14,4,0.0
2747,34.0,10,10,3,0.0
2748,10.0,7,13,6,0.0
2749,16.0,8,12,6,0.0
2750,8.0,6,14,4,0.0
2751,20.0,7,13,1,0.0
2752,34.0,9,11,0,1.348189115524292
2753,36.0,10,10,2,0.0
2754,12.0,6,14,2,0.0
2755,12.0,6,14,2,0.0
2756,8.0,5,15,1,0.0
2757,10.0,6,14,3,0.0
2758,8.0,6,14,4,0.0
2759,-14.0,3,17,6,0.0
2760,18.0,7,13,2,0.0
2761,56.0,13,7,1,0.0
2762,16.0,7,13,3,0.0
2763,24.0,9,11,5,0.0
2764,30.0,9,11,2,0.0
2765,40.0,12,8,6,0.0
2766,30.0,9,11,2,0.0
2767,6.0,5,15,2,0.0
2768,10.0,5,15,0,0.0
2769,44.0,12,8,4,0.0
2770,10.0,6,14,3,0.0
2771,22.0,8,12,3,0.0
2772,-12.0,2,18,2,0.0
2773,24.0,8,12,2,0.0
2774,-2.0,4,16,3,0.0
2775,2.0,6,14,7,0.0
2776,32.0,9,11,1,0.0
2777,34.0,9,11,0,0.0
2778,30.0,9,11,2,0.0
2779,8.0,5,15,1,0.0
2780,-2.0,3,17,0,0.0
2781,2.0,5,15,4,0.0
2782,24.0,8,12,2,0.0
2783,12.0,7,13,5,0.0
2784,36.0,10,10,2,17.807698090871174
2785,6.0,5,15,2,0.0
2786,20.0,8,12,4,0.0
2787,30.0,10,10,5,0.0
2788,10.0,6,14,3,0.0
2789,16.0,7,13,3,0.0
2790,50.0,12,8,1,0.0
2791,30.0,10,10,5,0.0
2792,22.0,8,12,3,0.0
2793,32.0,9,11,1,0.0
2794,0.0,4,16,2,0.0
2795,26.0,9,11,4,0.0
2796,30.0,10,10,5,0.0
2797,58.0,14,6,3,0.0
2798,24.0,10,10,8,0.0
2799,44.0,11,9,1,0.0
2800,2.0,6,14,7,0.0
2801,34.0,10,10,3,0.0
2802,44.0,12,8,4,0.0
2803,20.0,7,13,1,0.0
2804,6.0,5,15,2,0.0
2805,38.0,10,10,1,0.0
2806,18.0,7,13,2,0.0
2807,42.0,11,9,2,0.0
2808,42.0,11,9,2,0.0
2809,32.0,10,10,4,0.0
2810,30.0,9,11,2,0.0
2811,32.0,9,11,1,0.0
2812,20.0,8,12,4,0.0
2813,32.0,10,10,4,0.0
2814,40.0,11,9,3,0.0
2815,32.0,10,10,4,0.0
2816,14.0,6,14,1,5.357110420862834
2817,4.0,4,16,0,0.0
2818,20.0,8,12,4,0.0
2819,44.0,12,8,4,0.0
2820,30.0,9,11,2,0.0
2821,28.0,9,11,3,0.0
2822,26.0,8,12,1,0.0
2823,50.0,13,7,4,0.0
2824,18.0,7,13,2,0.0
2825,12.0,6,14,2,0.0
2826,32.0,9,11,1,0.0
2827,6.0,5,15,2,0.0
2828,14.0,7,13,4,0.0
2829,26.0,9,11,4,0.0
2830,16.0,7,13,3,0.0
2831,16.0,7,13,3,0.0
2832,12.0,7,13,5,0.0
2833,36.0,10,10,2,0.0
2834,18.0,7,13,2,0.0
2835,18.0,7,13,2,0.0
2836,26.0,8,12,1,0.0
2837,2.0,5,15,4,0.0
2838,62.0,14,6,1,0.0
2839,8.0,5,15,1,0.0
2840,62.0,14,6,1,0.0
2841,0.0,5,15,5,0.0
2842,38.0,11,9,4,0.0
2843,28.0,9,11,3,0.0
2844,42.0,13,7,8,0.0
2845,16.0,6,14,0,0.0
2846,16.0,7,13,3,0.0
2847,-2.0,4,16,3,0.0
2848,30.0,9,11,2,10.364521900812784
2849,-6.0,4,16,5,0.0
2850,22.0,8,12,3,0.0
2851,40.0,11,9,3,0.0
2852,32.0,9,11,1,0.0
2853,36.0,10,10,2,0.0
2854,18.0,7,13,2,0.0
2855,36.0,10,10,2,0.0
2856,4.0,5,15,3,0.0
2857,24.0,8,12,2,0.0
2858,28.0,8,12,0,0.0
2859,2.0,4,16,1,0.0
2860,4.0,5,15,3,0.0
2861,6.0,5,15,2,0.0
2862,12.0,6,14,2,0.0
2863,34.0,10,10,3,0.0
2864,34.0,10,10,3,0.0
2865,16.0,7,13,3,0.0
2866,58.0,14,6,3,0.0
2867,18.0,7,13,2,0.0
2868,38.0,10,10,1,0.0
2869,28.0,9,11,3,0.0
2870,50.0,12,8,1,0.0
2871,28.0,9,11,3,0.0
2872,20.0,7,13,1,0.0
2873,14.0,7,13,4,0.0
2874,42.0,11,9,2,0.0
2875,2.0,4,16,1,0.0
2876,20.0,8,12,4,0.0
2877,40.0,10,10,0,0.0
2878,40.0,11,9,3,0.0
2879,26.0,9,11,4,0.0
2880,16.0,8,12,6,27.461373805999756
2881,38.0,10,10,1,0.0
2882,46.0,12,8,3,0.0
2883,44.0,11,9,1,0.0
2884,32.0,10,10,4,0.0
2885,24.0,9,11,5,0.0
2886,28.0,9,11,3,0.0
2887,28.0,9,11,3,0.0
2888,8.0,6,14,4,0.0
2889,36.0,10,10,2,0.0
2890,16.0,7,13,3,0.0
2891,14.0,7,13,4,0.0
2892,36.0,10,10,2,0.0
2893,20.0,7,13,1,0.0
2894,18.0,7,13,2,0.0
2895,18.0,7,13,2,0.0
2896,34.0,10,10,3,0.0
2897,-12.0,3,17,5,0.0
2898,22.0,8,12,3,0.0
2899,42.0,12,8,5,0.0
2900,26.0,8,12,1,0.0
2901,28.0,9,11,3,0.0
2902,16.0,7,13,3,0.0
2903,24.0,9,11,5,0.0
2904,34.0,10,10,3,0.0
2905,24.0,8,12,2,0.0
2906,34.0,10,10,3,0.0
2907,40.0,12,8,6,0.0
2908,28.0,9,11,3,0.0
2909,26.0,8,12,1,0.0
2910,16.0,7,13,3,0.0
2911,28.0,8,12,0,0.0
2912,10.0,6,14,3,49.61009120941162
2913,0.0,4,16,2,0.0
2914,18.0,7,13,2,0.0
2915,20.0,7,13,1,0.0
2916,26.0,8,12,1,0.0
2917,-2.0,3,17,0,0.0
2918,26.0,9,11,4,0.0
2919,26.0,9,11,4,0.0
2920,20.0,8,12,4,0.0
2921,38.0,11,9,4,0.0
2922,26.0,9,11,4,0.0
2923,2.0,5,15,4,0.0
2924,20.0,7,13,1,0.0
2925,6.0,5,15,2,0.0
2926,8.0,6,14,4,0.0
2927,16.0,7,13,3,0.0
2928,36.0,10,10,2,0.0
2929,24.0,8,12,2,0.0
2930,12.0,6,14,2,0.0
2931,26.0,8,12,1,0.0
2932,18.0,7,13,2,0.0
2933,34.0,10,10,3,0.0
2934,16.0,7,13,3,0.0
2935,16.0,7,13,3,0.0
2936,28.0,9,11,3,0.0
2937,28.0,9,11,3,0.0
2938,26.0,8,12,1,0.0
2939,26.0,8,12,1,0.0
2940,34.0,9,11,0,0.0
2941,10.0,6,14,3,0.0
2942,28.0,9,11,3,0.0
2943,10.0,7,13,6,0.0
2944,46.0,12,8,3,9.613297462463379
2945,22.0,7,13,0,0.0
2946,44.0,13,7,7,0.0
2947,24.0,8,12,2,0.0
2948,28.0,8,12,0,0.0
2949,16.0,8,12,6,0.0
2950,34.0,10,10,3,0.0
2951,10.0,6,14,3,0.0
2952,-6.0,4,16,5,0.0
2953,24.0,8,12,2,0.0
2954,20.0,8,12,4,0.0
2955,10.0,6,14,3,0.0
2956,20.0,8,12,4,0.0
2957,26.0,8,12,1,0.0
2958,12.0,6,14,2,0.0
2959,42.0,11,9,2,0.0
2960,28.0,8,12,0,0.0
2961,12.0,7,13,5,0.0
2962,36.0,10,10,2,0.0
2963,22.0,8,12,3,0.0
2964,12.0,6,14,2,0.0
2965,30.0,9,11,2,0.0
2966,34.0,10,10,3,0.0
2967,52.0,12,8,0,0.0
2968,48.0,12,8,2,0.0
2969,22.0,8,12,3,0.0
2970,8.0,5,15,1,0.0
2971,22.0,8,12,3,0.0
2972,18.0,7,13,2,0.0
2973,26.0,9,11,4,0.0
2974,36.0,11,9,5,0.0
2975,38.0,10,10,1,0.0
2976,6.0,7,13,8,129.56409708658853
2977,32.0,10,10,4,0.0
2978,42.0,11,9,2,0.0
2979,40.0,11,9,3,0.0
2980,36.0,10,10,2,0.0
2981,-2.0,5,15,6,0.0
2982,28.0,8,12,0,0.0
2983,34.0,10,10,3,0.0
2984,44.0,11,9,1,0.0
2985,44.0,11,9,1,0.0
2986,24.0,8,12,2,0.0
2987,10.0,6,14,3,0.0
2988,-4.0,4,16,4,0.0
2989,22.0,8,12,3,0.0
2990,10.0,5,15,0,0.0
2991,30.0,9,11,2,0.0
2992,10.0,6,14,3,0.0
2993,32.0,10,10,4,0.0
2994,20.0,7,13,1,0.0
2995,14.0,7,13,4,0.0
2996,18.0,7,13,2,0.0
2997,4.0,5,15,3,0.0
2998,32.0,9,11,1,0.0
2999,24.0,8,12,2,0.0
3000,38.0,10,10,1,0.0
3001,26.0,8,12,1,0.0
3002,36.0,11,9,5,0.0
3003,54.0,13,7,2,0.0
3004,26.0,8,12,1,0.0
3005,24.0,8,12,2,0.0
3006,40.0,11,9,3,0.0
3007,24.0,9,11,5,0.0
3008,22.0,8,12,3,13.635539690653482
3009,20.0,8,12,4,0.0
3010,10.0,6,14,3,0.0
3011,18.0,7,13,2,0.0
3012,20.0,8,12,4,0.0
3013,38.0,10,10,1,0.0
3014,34.0,10,10,3,0.0
3015,44.0,11,9,1,0.0
3016,6.0,5,15,2,0.0
3017,20.0,7,13,1,0.0
3018,22.0,8,12,3,0.0
3019,20.0,8,12,4,0.0
3020,12.0,6,14,2,0.0
3021,32.0,9,11,1,0.0
3022,64.0,14,6,0,0.0
3023,18.0,7,13,2,0.0
3024,16.0,7,13,3,0.0
3025,28.0,9,11,3,0.0
3026,6.0,5,15,2,0.0
3027,18.0,7,13,2,0.0
3028,18.0,9,11,8,0.0
3029,8.0,6,14,4,0.0
3030,42.0,12,8,5,0.0
3031,36.0,10,10,2,0.0
3032,20.0,8,12,4,0.0
3033,22.0,7,13,0,0.0
3034,46.0,12,8,3,0.0
3035,16.0,6,14,0,0.0
3036,10.0,6,14,3,0.0
3037,6.0,5,15,2,0.0
3038,22.0,9,11,6,0.0
3039,30.0,9,11,2,0.0
3040,10.0,5,15,0,7.678408821423848
3041,28.0,10,10,6,0.0
3042,32.0,9,11,1,0.0
3043,30.0,9,11,2,0.0
3044,44.0,11,9,1,0.0
3045,20.0,7,13,1,0.0
3046,36.0,10,10,2,0.0
3047,44.0,11,9,1,0.0
3048,22.0,8,12,3,0.0
3049,4.0,5,15,3,0.0
3050,18.0,7,13,2,0.0
3051,34.0,10,10,3,0.0
3052,10.0,6,14,3,0.0
3053,26.0,8,12,1,0.0
3054,42.0,11,9,2,0.0
3055,20.0,7,13,1,0.0
3056,28.0,9,11,3,0.0
3057,28.0,9,11,3,0.0
3058,18.0,7,13,2,0.0
3059,36.0,10,10,2,0.0
3060,38.0,10,10,1,0.0
3061,42.0,11,9,2,0.0
3062,24.0,8,12,2,0.0
3063,2.0,4,16,1,0.0
3064,30.0,10,10,5,0.0
3065,36.0,10,10,2,0.0
3066,20.0,8,12,4,0.0
3067,16.0,7,13,3,0.0
3068,8.0,5,15,1,0.0
3069,38.0,11,9,4,0.0
3070,28.0,9,11,3,0.0
3071,28.0,9,11,3,0.0
3072,36.0,10,10,2,7.441558440526326
3073,8.0,5,15,1,0.0
3074,48.0,12,8,2,0.0
3075,36.0,11,9,5,0.0
3076,-4.0,3,17,1,0.0
3077,22.0,8,12,3,0.0
3078,44.0,11,9,1,0.0
3079,20.0,7,13,1,0.0
3080,24.0,8,12,2,0.0
3081,30.0,9,11,2,0.0
3082,28.0,8,12,0,0.0
3083,12.0,6,14,2,0.0
3084,36.0,10,10,2,0.0
3085,6.0,5,15,2,0.0
3086,20.0,7,13,1,0.0
3087,30.0,9,11,2,0.0
3088,46.0,12,8,3,0.0
3089,28.0,8,12,0,0.0
3090,20.0,8,12,4,0.0
3091,28.0,9,11,3,0.0
3092,30.0,9,11,2,0.0
3093,32.0,10,10,4,0.0
3094,8.0,5,15,1,0.0
3095,22.0,8,12,3,0.0
3096,12.0,6,14,2,0.0
3097,32.0,9,11,1,0.0
3098,28.0,8,12,0,0.0
3099,20.0,7,13,1,0.0
3100,14.0,7,13,4,0.0
3101,28.0,9,11,3,0.0
3102,24.0,9,11,5,0.0
3103,40.0,11,9,3,0.0
3104,22.0,9,11,6,24.074180285135906
3105,40.0,11,9,3,0.0
3106,38.0,10,10,1,0.0
3107,30.0,9,11,2,0.0
3108,26.0,10,10,7,0.0
3109,36.0,10,10,2,0.0
3110,28.0,9,11,3,0.0
3111,26.0,9,11,4,0.0
3112,30.0,9,11,2,0.0
3113,32.0,9,11,1,0.0
3114,24.0,8,12,2,0.0
3115,32.0,9,11,1,0.0
3116,10.0,6,14,3,0.0
3117,50.0,12,8,1,0.0
3118,10.0,5,15,0,0.0
3119,32.0,9,11,1,0.0
3120,24.0,8,12,2,0.0
3121,30.0,9,11,2,0.0
3122,44.0,11,9,1,0.0
3123,0.0,4,16,2,0.0
3124,30.0,9,11,2,0.0
3125,20.0,8,12,4,0.0
3126,-2.0,4,16,3,0.0
3127,2.0,4,16,1,0.0
3128,12.0,7,13,5,0.0
3129,34.0,10,10,3,0.0
3130,54.0,13,7,2,0.0
3131,18.0,7,13,2,0.0
3132,32.0,9,11,1,0.0
3133,36.0,10,10,2,0.0
3134,38.0,11,9,4,0.0
3135,10.0,6,14,3,0.0
3136,6.0,5,15,2,309.81493123372394
3137,8.0,5,15,1,0.0
3138,34.0,10,10,3,0.0
3139,20.0,7,13,1,0.0
3140,34.0,10,10,3,0.0
3141,16.0,7,13,3,0.0
3142,30.0,9,11,2,0.0
3143,38.0,10,10,1,0.0
3144,28.0,9,11,3,0.0
3145,48.0,12,8,2,0.0
3146,10.0,7,13,6,0.0
3147,36.0,10,10,2,0.0
3148,26.0,8,12,1,0.0
3149,20.0,7,13,1,0.0
3150,18.0,8,12,5,0.0
3151,22.0,8,12,3,0.0
3152,20.0,7,13,1,0.0
3153,26.0,8,12,1,0.0
3154,28.0,9,11,3,0.0
3155,38.0,10,10,1,0.0
3156,36.0,10,10,2,0.0
3157,8.0,6,14,4,0.0
3158,44.0,11,9,1,0.0
3159,26.0,8,12,1,0.0
3160,22.0,8,12,3,0.0
3161,18.0,7,13,2,0.0
3162,28.0,9,11,3,0.0
3163,22.0,8,12,3,0.0
3164,4.0,5,15,3,0.0
3165,24.0,9,11,5,0.0
3166,10.0,6,14,3,0.0
3167,22.0,8,12,3,0.0
3168,26.0,9,11,4,15.052903811136881
3169,20.0,8,12,4,0.0
3170,50.0,12,8,1,0.0
3171,42.0,11,9,2,0.0
3172,2.0,4,16,1,0.0
3173,32.0,9,11,1,0.0
3174,26.0,8,12,1,0.0
3175,36.0,10,10,2,0.0
3176,20.0,7,13,1,0.0
3177,4.0,5,15,3,0.0
3178,10.0,6,14,3,0.0
3179,52.0,12,8,0,0.0
3180,24.0,8,12,2,0.0
3181,40.0,10,10,0,0.0
3182,14.0,7,13,4,0.0
3183,10.0,6,14,3,0.0
3184,42.0,11,9,2,0.0
3185,22.0,8,12,3,0.0
3186,20.0,8,12,4,0.0
3187,16.0,8,12,6,0.0
3188,50.0,12,8,1,0.0
3189,32.0,9,11,1,0.0
3190,30.0,9,11,2,0.0
3191,20.0,8,12,4,0.0
3192,30.0,9,11,2,0.0
3193,10.0,7,13,6,0.0
3194,30.0,9,11,2,0.0
3195,58.0,14,6,3,0.0
3196,16.0,8,12,6,0.0
3197,30.0,9,11,2,0.0
3198,36.0,10,10,2,0.0
3199,36.0,10,10,2,0.0
3200,34.0,10,10,3,35979.176432291664
3201,46.0,12,8,3,0.0
3202,20.0,7,13,1,0.0
3203,42.0,11,9,2,0.0
3204,30.0,9,11,2,0.0
3205,54.0,13,7,2,0.0
3206,48.0,12,8,2,0.0
3207,38.0,11,9,4,0.0
3208,28.0,9,11,3,0.0
3209,22.0,7,13,0,0.0
3210,16.0,7,13,3,0.0
3211,16.0,7,13,3,0.0
3212,38.0,10,10,1,0.0
3213,36.0,10,10,2,0.0
3214,24.0,8,12,2,0.0
3215,2.0,4,16,1,0.0
3216,26.0,9,11,4,0.0
3217,34.0,10,10,3,0.0
3218,20.0,7,13,1,0.0
3219,30.0,10,10,5,0.0
3220,72.0,16,4,2,0.0
3221,12.0,6,14,2,0.0
3222,34.0,10,10,3,0.0
3223,18.0,7,13,2,0.0
3224,26.0,9,11,4,0.0
3225,16.0,7,13,3,0.0
3226,8.0,6,14,4,0.0
3227,24.0,8,12,2,0.0
3228,26.0,8,12,1,0.0
3229,48.0,12,8,2,0.0
3230,18.0,7,13,2,0.0
3231,26.0,8,12,1,0.0
3232,16.0,7,13,3,158.40800603230795
3233,32.0,9,11,1,0.0
3234,40.0,10,10,0,0.0
3235,26.0,8,12,1,0.0
3236,22.0,8,12,3,0.0
3237,24.0,8,12,2,0.0
3238,52.0,12,8,0,0.0
3239,12.0,6,14,2,0.0
3240,30.0,9,11,2,0.0
3241,18.0,8,12,5,0.0
3242,18.0,7,13,2,0.0
3243,38.0,10,10,1,0.0
3244,40.0,10,10,0,0.0
3245,8.0,7,13,7,0.0
3246,22.0,7,13,0,0.0
3247,30.0,9,11,2,0.0
3248,36.0,10,10,2,0.0
3249,10.0,5,15,0,0.0
3250,18.0,7,13,2,0.0
3251,18.0,8,12,5,0.0
3252,26.0,8,12,1,0.0
3253,28.0,9,11,3,0.0
3254,36.0,10,10,2,0.0
3255,14.0,7,13,4,0.0
3256,24.0,9,11,5,0.0
3257,22.0,8,12,3,0.0
3258,32.0,10,10,4,0.0
3259,40.0,11,9,3,0.0
3260,38.0,10,10,1,0.0
3261,16.0,7,13,3,0.0
3262,32.0,9,11,1,0.0
3263,16.0,7,13,3,0.0
3264,24.0,8,12,2,357.47912851969403
3265,26.0,9,11,4,0.0
3266,32.0,10,10,4,0.0
3267,38.0,10,10,1,0.0
3268,38.0,10,10,1,0.0
3269,32.0,9,11,1,0.0
3270,12.0,6,14,2,0.0
3271,22.0,7,13,0,0.0
3272,60.0,14,6,2,0.0
3273,2.0,5,15,4,0.0
3274,38.0,10,10,1,0.0
3275,54.0,13,7,2,0.0
3276,38.0,10,10,1,0.0
3277,12.0,6,14,2,0.0
3278,18.0,7,13,2,0.0
3279,44.0,12,8,4,0.0
3280,16.0,7,13,3,0.0
3281,12.0,6,14,2,0.0
3282,64.0,15,5,3,0.0
3283,10.0,6,14,3,0.0
3284,20.0,8,12,4,0.0
3285,44.0,11,9,1,0.0
3286,28.0,9,11,3,0.0
3287,18.0,7,13,2,0.0
3288,22.0,8,12,3,0.0
3289,24.0,8,12,2,0.0
3290,28.0,9,11,3,0.0
3291,38.0,10,10,1,0.0
3292,28.0,9,11,3,0.0
3293,16.0,7,13,3,0.0
3294,14.0,7,13,4,0.0
3295,20.0,8,12,4,0.0
3296,42.0,11,9,2,1761.150146484375
3297,16.0,8,12,6,0.0
3298,14.0,8,12,7,0.0
3299,40.0,11,9,3,0.0
3300,30.0,9,11,2,0.0
3301,-4.0,4,16,4,0.0
3302,32.0,9,11,1,0.0
3303,24.0,8,12,2,0.0
3304,36.0,10,10,2,0.0
3305,42.0,11,9,2,0.0
3306,36.0,11,9,5,0.0
3307,26.0,8,12,1,0.0
3308,20.0,7,13,1,0.0
3309,12.0,6,14,2,0.0
3310,32.0,9,11,1,0.0
3311,36.0,10,10,2,0.0
3312,30.0,9,11,2,0.0
3313,18.0,7,13,2,0.0
3314,30.0,9,11,2,0.0
3315,8.0,5,15,1,0.0
3316,18.0,7,13,2,0.0
3317,30.0,9,11,2,0.0
3318,18.0,7,13,2,0.0
3319,38.0,10,10,1,0.0
3320,32.0,9,11,1,0.0
3321,6.0,6,14,5,0.0
3322,30.0,9,11,2,0.0
3323,0.0,4,16,2,0.0
3324,50.0,12,8,1,0.0
3325,36.0,10,10,2,0.0
3326,22.0,8,12,3,0.0
3327,2.0,4,16,1,0.0
3328,30.0,10,10,5,615.1392923990885
3329,26.0,8,12,1,0.0
3330,20.0,7,13,1,0.0
3331,12.0,6,14,2,0.0
3332,26.0,9,11,4,0.0
3333,22.0,8,12,3,0.0
3334,2.0,5,15,4,0.0
3335,38.0,10,10,1,0.0
3336,10.0,6,14,3,0.0
3337,26.0,9,11,4,0.0
3338,26.0,8,12,1,0.0
3339,0.0,4,16,2,0.0
3340,40.0,11,9,3,0.0
3341,26.0,8,12,1,0.0
3342,38.0,10,10,1,0.0
3343,40.0,11,9,3,0.0
3344,18.0,7,13,2,0.0
3345,14.0,6,14,1,0.0
3346,30.0,9,11,2,0.0
3347,32.0,9,11,1,0.0
3348,4.0,4,16,0,0.0
3349,26.0,8,12,1,0.0
3350,26.0,8,12,1,0.0
3351,36.0,10,10,2,0.0
3352,28.0,8,12,0,0.0
3353,16.0,7,13,3,0.0
3354,2.0,4,16,1,0.0
3355,44.0,12,8,4,0.0
3356,42.0,11,9,2,0.0
3357,26.0,9,11,4,0.0
3358,8.0,5,15,1,0.0
3359,34.0,9,11,0,0.0
3360,26.0,9,11,4,517.1042022705078
3361,46.0,11,9,0,0.0
3362,22.0,8,12,3,0.0
3363,38.0,10,10,1,0.0
3364,46.0,12,8,3,0.0
3365,6.0,6,14,5,0.0
3366,22.0,8,12,3,0.0
3367,26.0,9,11,4,0.0
3368,44.0,12,8,4,0.0
3369,30.0,9,11,2,0.0
3370,14.0,7,13,4,0.0
3371,20.0,7,13,1,0.0
3372,30.0,9,11,2,0.0
3373,16.0,8,12,6,0.0
3374,18.0,7,13,2,0.0
3375,18.0,7,13,2,0.0
3376,36.0,10,10,2,0.0
3377,16.0,7,13,3,0.0
3378,14.0,6,14,1,0.0
3379,40.0,11,9,3,0.0
3380,24.0,8,12,2,0.0
3381,16.0,7,13,3,0.0
3382,20.0,8,12,4,0.0
3383,26.0,8,12,1,0.0
3384,58.0,14,6,3,0.0
3385,26.0,9,11,4,0.0
3386,18.0,7,13,2,0.0
3387,20.0,8,12,4,0.0
3388,34.0,10,10,3,0.0
3389,32.0,9,11,1,0.0
3390,4.0,5,15,3,0.0
3391,-4.0,3,17,1,0.0
3392,16.0,7,13,3,15149.779459635416
3393,40.0,11,9,3,0.0
3394,30.0,10,10,5,0.0
3395,36.0,10,10,2,0.0
3396,40.0,10,10,0,0.0
3397,40.0,11,9,3,0.0
3398,26.0,8,12,1,0.0
3399,22.0,8,12,3,0.0
3400,18.0,7,13,2,0.0
3401,20.0,7,13,1,0.0
3402,34.0,9,11,0,0.0
3403,10.0,7,13,6,0.0
3404,24.0,8,12,2,0.0
3405,14.0,8,12,7,0.0
3406,16.0,7,13,3,0.0
3407,16.0,6,14,0,0.0
3408,50.0,13,7,4,0.0
3409,20.0,7,13,1,0.0
3410,16.0,7,13,3,0.0
3411,20.0,9,11,7,0.0
3412,28.0,9,11,3,0.0
3413,20.0,7,13,1,0.0
3414,48.0,12,8,2,0.0
3415,28.0,9,11,3,0.0
3416,40.0,10,10,0,0.0
3417,24.0,8,12,2,0.0
3418,34.0,10,10,3,0.0
3419,38.0,10,10,1,0.0
3420,0.0,4,16,2,0.0
3421,22.0,8,12,3,0.0
3422,28.0,9,11,3,0.0
3423,32.0,9,11,1,0.0
3424,14.0,6,14,1,39899.536783854164
3425,12.0,6,14,2,0.0
3426,10.0,6,14,3,0.0
3427,38.0,11,9,4,0.0
3428,4.0,5,15,3,0.0
3429,26.0,8,12,1,0.0
3430,18.0,7,13,2,0.0
3431,30.0,9,11,2,0.0
3432,16.0,7,13,3,0.0
3433,46.0,12,8,3,0.0
3434,44.0,12,8,4,0.0
3435,42.0,11,9,2,0.0
3436,20.0,7,13,1,0.0
3437,28.0,8,12,0,0.0
3438,44.0,11,9,1,0.0
3439,42.0,11,9,2,0.0
3440,22.0,8,12,3,0.0
3441,30.0,10,10,5,0.0
3442,22.0,8,12,3,0.0
3443,32.0,9,11,1,0.0
3444,50.0,12,8,1,0.0
3445,44.0,11,9,1,0.0
3446,0.0,4,16,2,0.0
3447,22.0,8,12,3,0.0
3448,20.0,8,12,4,0.0
3449,44.0,12,8,4,0.0
3450,24.0,8,12,2,0.0
3451,42.0,11,9,2,0.0
3452,14.0,7,13,4,0.0
3453,20.0,7,13,1,0.0
3454,28.0,9,11,3,0.0
3455,24.0,8,12,2,0.0
3456,28.0,8,12,0,71476.35677083333
3457,16.0,7,13,3,0.0
3458,44.0,11,9,1,0.0
3459,30.0,10,10,5,0.0
3460,20.0,8,12,4,0.0
3461,22.0,8,12,3,0.0
3462,28.0,9,11,3,0.0
3463,16.0,7,13,3,0.0
3464,2.0,5,15,4,0.0
3465,36.0,10,10,2,0.0
3466,38.0,10,10,1,0.0
3467,22.0,8,12,3,0.0
3468,20.0,7,13,1,0.0
3469,32.0,9,11,1,0.0
3470,16.0,7,13,3,0.0
3471,20.0,7,13,1,0.0
3472,18.0,7,13,2,0.0
3473,32.0,10,10,4,0.0
3474,30.0,9,11,2,0.0
3475,22.0,8,12,3,0.0
3476,32.0,9,11,1,0.0
3477,-2.0,4,16,3,0.0
3478,34.0,10,10,3,0.0
3479,32.0,9,11,1,0.0
3480,26.0,9,11,4,0.0
3481,34.0,10,10,3,0.0
3482,48.0,12,8,2,0.0
3483,4.0,5,15,3,0.0
3484,40.0,11,9,3,0.0
3485,18.0,7,13,2,0.0
3486,12.0,6,14,2,0.0
3487,16.0,7,13,3,0.0
3488,40.0,10,10,0,4173.978597005208
3489,22.0,8,12,3,0.0
3490,22.0,7,13,0,0.0
3491,20.0,7,13,1,0.0
3492,24.0,9,11,5,0.0
3493,14.0,7,13,4,0.0
3494,6.0,5,15,2,0.0
3495,16.0,7,13,3,0.0
3496,40.0,10,10,0,0.0
3497,50.0,13,7,4,0.0
3498,32.0,9,11,1,0.0
3499,16.0,7,13,3,0.0
3500,52.0,13,7,3,0.0
3501,30.0,9,11,2,0.0
3502,30.0,9,11,2,0.0
3503,42.0,11,9,2,0.0
3504,44.0,12,8,4,0.0
3505,44.0,11,9,1,0.0
3506,28.0,9,11,3,0.0
3507,50.0,12,8,1,0.0
3508,22.0,8,12,3,0.0
3509,28.0,9,11,3,0.0
3510,36.0,10,10,2,0.0
3511,56.0,13,7,1,0.0
3512,-2.0,4,16,3,0.0
3513,34.0,10,10,3,0.0
3514,44.0,12,8,4,0.0
3515,42.0,11,9,2,0.0
3516,20.0,8,12,4,0.0
3517,2.0,5,15,4,0.0
3518,12.0,6,14,2,0.0
3519,18.0,7,13,2,0.0
3520,50.0,12,8,1,95729.47265625
3521,34.0,10,10,3,0.0
3522,26.0,8,12,1,0.0
3523,28.0,8,12,0,0.0
3524,8.0,7,13,7,0.0
3525,32.0,10,10,4,0.0
3526,28.0,9,11,3,0.0
3527,28.0,8,12,0,0.0
3528,38.0,10,10,1,0.0
3529,30.0,9,11,2,0.0
3530,46.0,11,9,0,0.0
3531,34.0,9,11,0,0.0
3532,50.0,12,8,1,0.0
3533,38.0,10,10,1,0.0
3534,40.0,11,9,3,0.0
3535,32.0,9,11,1,0.0
3536,12.0,6,14,2,0.0
3537,34.0,9,11,0,0.0
3538,8.0,5,15,1,0.0
3539,34.0,9,11,0,0.0
3540,50.0,12,8,1,0.0
3541,18.0,7,13,2,0.0
3542,42.0,11,9,2,0.0
3543,34.0,10,10,3,0.0
3544,32.0,10,10,4,0.0
3545,48.0,13,7,5,0.0
3546,8.0,6,14,4,0.0
3547,4.0,4,16,0,0.0
3548,28.0,9,11,3,0.0
3549,30.0,9,11,2,0.0
3550,38.0,11,9,4,0.0
3551,30.0,9,11,2,0.0
3552,30.0,9,11,2,4795.870198567708
3553,34.0,10,10,3,0.0
3554,26.0,8,12,1,0.0
3555,12.0,6,14,2,0.0
3556,54.0,13,7,2,0.0
3557,4.0,5,15,3,0.0
3558,32.0,10,10,4,0.0
3559,12.0,6,14,2,0.0
3560,26.0,9,11,4,0.0
3561,32.0,9,11,1,0.0
3562,10.0,6,14,3,0.0
3563,18.0,7,13,2,0.0
3564,34.0,10,10,3,0.0
3565,20.0,8,12,4,0.0
3566,30.0,9,11,2,0.0
3567,2.0,5,15,4,0.0
3568,46.0,12,8,3,0.0
3569,26.0,9,11,4,0.0
3570,40.0,11,9,3,0.0
3571,18.0,7,13,2,0.0
3572,-10.0,3,17,4,0.0
3573,6.0,6,14,5,0.0
3574,40.0,10,10,0,0.0
3575,24.0,9,11,5,0.0
3576,24.0,8,12,2,0.0
3577,42.0,11,9,2,0.0
3578,14.0,7,13,4,0.0
3579,-14.0,2,18,3,0.0
3580,22.0,7,13,0,0.0
3581,48.0,12,8,2,0.0
3582,6.0,6,14,5,0.0
3583,24.0,8,12,2,0.0
3584,24.0,8,12,2,1210.8617045084636
3585,42.0,11,9,2,0.0
3586,8.0,5,15,1,0.0
3587,30.0,9,11,2,0.0
3588,26.0,8,12,1,0.0
3589,22.0,8,12,3,0.0
3590,-4.0,5,15,7,0.0
3591,26.0,8,12,1,0.0
3592,12.0,6,14,2,0.0
3593,22.0,8,12,3,0.0
3594,32.0,9,11,1,0.0
3595,22.0,8,12,3,0.0
3596,10.0,6,14,3,0.0
3597,40.0,11,9,3,0.0
3598,56.0,14,6,4,0.0
3599,28.0,9,11,3,0.0
3600,28.0,9,11,3,0.0
3601,38.0,11,9,4,0.0
3602,30.0,10,10,5,0.0
3603,16.0,7,13,3,0.0
3604,6.0,5,15,2,0.0
3605,32.0,9,11,1,0.0
3606,34.0,10,10,3,0.0
3607,18.0,7,13,2,0.0
3608,44.0,11,9,1,0.0
3609,42.0,11,9,2,0.0
3610,40.0,11,9,3,0.0
3611,48.0,12,8,2,0.0
3612,56.0,13,7,1,0.0
3613,34.0,10,10,3,0.0
3614,36.0,11,9,5,0.0
3615,10.0,6,14,3,0.0
3616,12.0,6,14,2,217.4729321797689
3617,16.0,7,13,3,0.0
3618,22.0,9,11,6,0.0
3619,-2.0,4,16,3,0.0
3620,26.0,9,11,4,0.0
3621,24.0,8,12,2,0.0
3622,36.0,10,10,2,0.0
3623,42.0,11,9,2,0.0
3624,32.0,9,11,1,0.0
3625,42.0,11,9,2,0.0
3626,46.0,11,9,0,0.0
3627,18.0,7,13,2,0.0
3628,22.0,8,12,3,0.0
3629,48.0,12,8,2,0.0
3630,6.0,5,15,2,0.0
3631,30.0,9,11,2,0.0
3632,46.0,12,8,3,0.0
3633,36.0,10,10,2,0.0
3634,44.0,11,9,1,0.0
3635,22.0,8,12,3,0.0
3636,8.0,6,14,4,0.0
3637,32.0,11,9,7,0.0
3638,16.0,7,13,3,0.0
3639,14.0,7,13,4,0.0
3640,32.0,10,10,4,0.0
3641,58.0,14,6,3,0.0
3642,26.0,8,12,1,0.0
3643,46.0,11,9,0,0.0
3644,4.0,5,15,3,0.0
3645,26.0,8,12,1,0.0
3646,42.0,11,9,2,0.0
3647,14.0,7,13,4,0.0
3648,22.0,7,13,0,2830.0388793945312
3649,28.0,9,11,3,0.0
3650,24.0,8,12,2,0.0
3651,14.0,7,13,4,0.0
3652,28.0,9,11,3,0.0
3653,26.0,8,12,1,0.0
3654,32.0,9,11,1,0.0
3655,28.0,8,12,0,0.0
3656,30.0,10,10,5,0.0
3657,38.0,10,10,1,0.0
3658,28.0,10,10,6,0.0
3659,8.0,6,14,4,0.0
3660,32.0,9,11,1,0.0
3661,48.0,12,8,2,0.0
3662,28.0,9,11,3,0.0
3663,36.0,10,10,2,0.0
3664,32.0,9,11,1,0.0
3665,14.0,6,14,1,0.0
3666,28.0,8,12,0,0.0
3667,40.0,11,9,3,0.0
3668,14.0,6,14,1,0.0
3669,20.0,8,12,4,0.0
3670,46.0,11,9,0,0.0
3671,10.0,6,14,3,0.0
3672,38.0,10,10,1,0.0
3673,40.0,11,9,3,0.0
3674,54.0,13,7,2,0.0
3675,38.0,10,10,1,0.0
3676,40.0,11,9,3,0.0
3677,16.0,6,14,0,0.0
3678,14.0,7,13,4,0.0
3679,44.0,12,8,4,0.0
3680,28.0,9,11,3,28958.840657552082
3681,20.0,7,13,1,0.0
3682,14.0,6,14,1,0.0
3683,24.0,8,12,2,0.0
3684,42.0,11,9,2,0.0
3685,20.0,8,12,4,0.0
3686,26.0,9,11,4,0.0
3687,22.0,8,12,3,0.0
3688,42.0,11,9,2,0.0
3689,16.0,6,14,0,0.0
3690,20.0,8,12,4,0.0
3691,34.0,10,10,3,0.0
3692,34.0,10,10,3,0.0
3693,40.0,11,9,3,0.0
3694,48.0,12,8,2,0.0
3695,10.0,6,14,3,0.0
3696,40.0,11,9,3,0.0
3697,42.0,11,9,2,0.0
3698,28.0,9,11,3,0.0
3699,46.0,11,9,0,0.0
3700,12.0,6,14,2,0.0
3701,50.0,12,8,1,0.0
3702,42.0,11,9,2,0.0
3703,10.0,6,14,3,0.0
3704,54.0,13,7,2,0.0
3705,34.0,9,11,0,0.0
3706,34.0,10,10,3,0.0
3707,32.0,9,11,1,0.0
3708,38.0,11,9,4,0.0
3709,24.0,9,11,5,0.0
3710,24.0,9,11,5,0.0
3711,18.0,7,13,2,0.0
3712,30.0,10,10,5,5979.84521484375
3713,32.0,9,11,1,0.0
3714,50.0,12,8,1,0.0
3715,10.0,7,13,6,0.0
3716,38.0,10,10,1,0.0
3717,24.0,9,11,5,0.0
3718,20.0,8,12,4,0.0
3719,38.0,10,10,1,0.0
3720,46.0,12,8,3,0.0
3721,20.0,7,13,1,0.0
3722,28.0,8,12,0,0.0
3723,44.0,12,8,4,0.0
3724,34.0,10,10,3,0.0
3725,42.0,11,9,2,0.0
3726,30.0,9,11,2,0.0
3727,32.0,10,10,4,0.0
3728,20.0,7,13,1,0.0
3729,40.0,11,9,3,0.0
3730,26.0,9,11,4,0.0
3731,42.0,12,8,5,0.0
3732,10.0,6,14,3,0.0
3733,38.0,11,9,4,0.0
3734,22.0,8,12,3,0.0
3735,48.0,12,8,2,0.0
3736,26.0,9,11,4,0.0
3737,26.0,8,12,1,0.0
3738,24.0,8,12,2,0.0
3739,28.0,9,11,3,0.0
3740,42.0,12,8,5,0.0
3741,32.0,9,11,1,0.0
3742,22.0,7,13,0,0.0
3743,8.0,6,14,4,0.0
3744,26.0,9,11,4,355266.9166666667
3745,12.0,6,14,2,0.0
3746,24.0,8,12,2,0.0
3747,42.0,11,9,2,0.0
3748,8.0,5,15,1,0.0
3749,28.0,8,12,0,0.0
3750,12.0,6,14,2,0.0
3751,18.0,7,13,2,0.0
3752,36.0,10,10,2,0.0
3753,28.0,8,12,0,0.0
3754,36.0,11,9,5,0.0
3755,32.0,10,10,4,0.0
3756,18.0,7,13,2,0.0
3757,40.0,10,10,0,0.0
3758,48.0,12,8,2,0.0
3759,20.0,8,12,4,0.0
3760,6.0,6,14,5,0.0
3761,32.0,10,10,4,0.0
3762,54.0,13,7,2,0.0
3763,42.0,11,9,2,0.0
3764,44.0,11,9,1,0.0
3765,28.0,9,11,3,0.0
3766,20.0,7,13,1,0.0
3767,2.0,5,15,4,0.0
3768,44.0,11,9,1,0.0
3769,18.0,7,13,2,0.0
3770,46.0,12,8,3,0.0
3771,36.0,10,10,2,0.0
3772,10.0,6,14,3,0.0
3773,20.0,7,13,1,0.0
3774,32.0,10,10,4,0.0
3775,40.0,11,9,3,0.0
3776,30.0,9,11,2,1060.695576985677
3777,30.0,9,11,2,0.0
3778,48.0,13,7,5,0.0
3779,22.0,8,12,3,0.0
3780,24.0,8,12,2,0.0
3781,12.0,6,14,2,0.0
3782,6.0,5,15,2,0.0
3783,34.0,9,11,0,0.0
3784,34.0,9,11,0,0.0
3785,40.0,11,9,3,0.0
3786,26.0,8,12,1,0.0
3787,24.0,8,12,2,0.0
3788,26.0,9,11,4,0.0
3789,32.0,9,11,1,0.0
3790,22.0,7,13,0,0.0
3791,26.0,9,11,4,0.0
3792,34.0,10,10,3,0.0
3793,30.0,10,10,5,0.0
3794,32.0,10,10,4,0.0
3795,38.0,10,10,1,0.0
3796,44.0,12,8,4,0.0
3797,32.0,9,11,1,0.0
3798,26.0,8,12,1,0.0
3799,52.0,13,7,3,0.0
3800,24.0,8,12,2,0.0
3801,40.0,11,9,3,0.0
3802,46.0,12,8,3,0.0
3803,46.0,12,8,3,0.0
3804,32.0,10,10,4,0.0
3805,8.0,6,14,4,0.0
3806,28.0,9,11,3,0.0
3807,10.0,5,15,0,0.0
3808,10.0,6,14,3,77985848.0
3809,38.0,10,10,1,0.0
3810,48.0,12,8,2,0.0
3811,44.0,11,9,1,0.0
3812,14.0,7,13,4,0.0
3813,30.0,9,11,2,0.0
3814,56.0,13,7,1,0.0
3815,4.0,6,14,6,0.0
3816,28.0,9,11,3,0.0
3817,22.0,8,12,3,0.0
3818,46.0,12,8,3,0.0
3819,32.0,10,10,4,0.0
3820,36.0,11,9,5,0.0
3821,18.0,7,13,2,0.0
3822,64.0,14,6,0,0.0
3823,18.0,7,13,2,0.0
3824,14.0,6,14,1,0.0
3825,66.0,15,5,2,0.0
3826,42.0,12,8,5,0.0
3827,34.0,10,10,3,0.0
3828,22.0,8,12,3,0.0
3829,20.0,7,13,1,0.0
3830,10.0,7,13,6,0.0
3831,50.0,12,8,1,0.0
3832,38.0,11,9,4,0.0
3833,26.0,8,12,1,0.0
3834,26.0,8,12,1,0.0
3835,22.0,8,12,3,0.0
3836,8.0,5,15,1,0.0
3837,26.0,9,11,4,0.0
3838,30.0,9,11,2,0.0
3839,26.0,9,11,4,0.0
3840,12.0,6,14,2,9093.043863932291
3841,-4.0,3,17,1,0.0
3842,26.0,9,11,4,0.0
3843,34.0,11,9,6,0.0
3844,42.0,11,9,2,0.0
3845,38.0,11,9,4,0.0
3846,42.0,12,8,5,0.0
3847,20.0,9,11,7,0.0
3848,18.0,7,13,2,0.0
3849,20.0,7,13,1,0.0
3850,4.0,5,15,3,0.0
3851,16.0,7,13,3,0.0
3852,44.0,12,8,4,0.0
3853,62.0,14,6,1,0.0
3854,32.0,10,10,4,0.0
3855,18.0,8,12,5,0.0
3856,40.0,11,9,3,0.0
3857,32.0,9,11,1,0.0
3858,20.0,7,13,1,0.0
3859,44.0,11,9,1,0.0
3860,48.0,12,8,2,0.0
3861,34.0,9,11,0,0.0
3862,8.0,5,15,1,0.0
3863,24.0,8,12,2,0.0
3864,44.0,11,9,1,0.0
3865,8.0,6,14,4,0.0
3866,20.0,7,13,1,0.0
3867,12.0,6,14,2,0.0
3868,22.0,7,13,0,0.0
3869,38.0,10,10,1,0.0
3870,30.0,9,11,2,0.0
3871,44.0,11,9,1,0.0
3872,48.0,13,7,5,22459.661458333332
3873,40.0,11,9,3,0.0
3874,28.0,8,12,0,0.0
3875,50.0,12,8,1,0.0
3876,14.0,6,14,1,0.0
3877,54.0,14,6,5,0.0
3878,20.0,7,13,1,0.0
3879,16.0,7,13,3,0.0
3880,46.0,12,8,3,0.0
3881,12.0,6,14,2,0.0
3882,34.0,10,10,3,0.0
3883,44.0,11,9,1,0.0
3884,36.0,10,10,2,0.0
3885,28.0,9,11,3,0.0
3886,40.0,11,9,3,0.0
3887,22.0,8,12,3,0.0
3888,36.0,10,10,2,0.0
3889,28.0,8,12,0,0.0
3890,22.0,9,11,6,0.0
3891,26.0,9,11,4,0.0
3892,40.0,11,9,3,0.0
3893,38.0,10,10,1,0.0
3894,28.0,8,12,0,0.0
3895,28.0,9,11,3,0.0
3896,20.0,8,12,4,0.0
3897,20.0,7,13,1,0.0
3898,24.0,8,12,2,0.0
3899,18.0,7,13,2,0.0
3900,48.0,12,8,2,0.0
3901,8.0,6,14,4,0.0
3902,22.0,8,12,3,0.0
3903,16.0,6,14,0,0.0
3904,40.0,11,9,3,2411578.75
3905,46.0,13,7,6,0.0
3906,22.0,7,13,0,0.0
3907,4.0,5,15,3,0.0
3908,2.0,5,15,4,0.0
3909,20.0,8,12,4,0.0
3910,18.0,8,12,5,0.0
3911,18.0,7,13,2,0.0
3912,22.0,9,11,6,0.0
3913,32.0,9,11,1,0.0
3914,28.0,9,11,3,0.0
3915,24.0,8,12,2,0.0
3916,22.0,8,12,3,0.0
3917,20.0,7,13,1,0.0
3918,52.0,13,7,3,0.0
3919,34.0,10,10,3,0.0
3920,46.0,13,7,6,0.0
3921,22.0,7,13,0,0.0
3922,10.0,6,14,3,0.0
3923,22.0,7,13,0,0.0
3924,16.0,7,13,3,0.0
3925,32.0,9,11,1,0.0
3926,58.0,13,7,0,0.0
3927,8.0,5,15,1,0.0
3928,28.0,9,11,3,0.0
3929,38.0,11,9,4,0.0
3930,50.0,12,8,1,0.0
3931,32.0,10,10,4,0.0
3932,16.0,7,13,3,0.0
3933,44.0,11,9,1,0.0
3934,26.0,9,11,4,0.0
3935,18.0,7,13,2,0.0
3936,34.0,9,11,0,280424.4192708333
3937,36.0,11,9,5,0.0
3938,14.0,7,13,4,0.0
3939,14.0,7,13,4,0.0
3940,26.0,9,11,4,0.0
3941,10.0,6,14,3,0.0
3942,18.0,7,13,2,0.0
3943,36.0,10,10,2,0.0
3944,58.0,14,6,3,0.0
3945,38.0,11,9,4,0.0
3946,24.0,9,11,5,0.0
3947,4.0,4,16,0,0.0
3948,18.0,7,13,2,0.0
3949,52.0,13,7,3,0.0
3950,22.0,8,12,3,0.0
3951,8.0,5,15,1,0.0
3952,6.0,6,14,5,0.0
3953,18.0,7,13,2,0.0
3954,22.0,8,12,3,0.0
3955,14.0,7,13,4,0.0
3956,24.0,8,12,2,0.0
3957,30.0,9,11,2,0.0
3958,46.0,12,8,3,0.0
3959,38.0,10,10,1,0.0
3960,28.0,8,12,0,0.0
3961,10.0,6,14,3,0.0
3962,22.0,8,12,3,0.0
3963,44.0,11,9,1,0.0
3964,20.0,8,12,4,0.0
3965,42.0,11,9,2,0.0
3966,12.0,6,14,2,0.0
3967,40.0,11,9,3,0.0
3968,32.0,10,10,4,151779.30338541666
3969,22.0,8,12,3,0.0
3970,34.0,11,9,6,0.0
3971,36.0,10,10,2,0.0
3972,22.0,8,12,3,0.0
3973,30.0,9,11,2,0.0
3974,48.0,13,7,5,0.0
3975,26.0,8,12,1,0.0
3976,-14.0,1,19,0,0.0
3977,30.0,9,11,2,0.0
3978,32.0,9,11,1,0.0
3979,26.0,8,12,1,0.0
3980,42.0,11,9,2,0.0
3981,8.0,6,14,4,0.0
3982,16.0,6,14,0,0.0
3983,36.0,10,10,2,0.0
3984,38.0,10,10,1,0.0
3985,30.0,9,11,2,0.0
3986,18.0,8,12,5,0.0
3987,22.0,8,12,3,0.0
3988,10.0,6,14,3,0.0
3989,42.0,12,8,5,0.0
3990,50.0,12,8,1,0.0
3991,20.0,7,13,1,0.0
3992,50.0,13,7,4,0.0
3993,18.0,7,13,2,0.0
3994,18.0,8,12,5,0.0
3995,32.0,10,10,4,0.0
3996,26.0,9,11,4,0.0
3997,28.0,10,10,6,0.0
3998,36.0,10,10,2,0.0
3999,16.0,7,13,3,0.0
4000,28.0,9,11,3,3080618.25
4001,10.0,6,14,3,0.0
4002,38.0,11,9,4,0.0
4003,28.0,9,11,3,0.0
4004,14.0,7,13,4,0.0
4005,16.0,6,14,0,0.0
4006,38.0,10,10,1,0.0
4007,34.0,10,10,3,0.0
4008,28.0,9,11,3,0.0
4009,48.0,12,8,2,0.0
4010,8.0,5,15,1,0.0
4011,40.0,11,9,3,0.0
4012,22.0,8,12,3,0.0
4013,18.0,7,13,2,0.0
4014,30.0,9,11,2,0.0
4015,42.0,11,9,2,0.0
4016,38.0,10,10,1,0.0
4017,26.0,8,12,1,0.0
4018,70.0,16,4,3,0.0
4019,28.0,9,11,3,0.0
4020,30.0,9,11,2,0.0
4021,26.0,9,11,4,0.0
4022,42.0,12,8,5,0.0
4023,24.0,9,11,5,0.0
4024,54.0,13,7,2,0.0
4025,42.0,11,9,2,0.0
4026,36.0,10,10,2,0.0
4027,34.0,10,10,3,0.0
4028,22.0,8,12,3,0.0
4029,38.0,10,10,1,0.0
4030,38.0,10,10,1,0.0
4031,20.0,8,12,4,0.0
4032,38.0,10,10,1,4510425.5
4033,18.0,7,13,2,0.0
4034,50.0,12,8,1,0.0
4035,30.0,9,11,2,0.0
4036,30.0,9,11,2,0.0
4037,42.0,11,9,2,0.0
4038,28.0,9,11,3,0.0
4039,50.0,12,8,1,0.0
4040,30.0,9,11,2,0.0
4041,42.0,11,9,2,0.0
4042,36.0,11,9,5,0.0
4043,10.0,6,14,3,0.0
4044,42.0,11,9,2,0.0
4045,32.0,10,10,4,0.0
4046,18.0,7,13,2,0.0
4047,38.0,10,10,1,0.0
4048,16.0,6,14,0,0.0
4049,-2.0,4,16,3,0.0
4050,42.0,11,9,2,0.0
4051,32.0,9,11,1,0.0
4052,46.0,12,8,3,0.0
4053,34.0,10,10,3,0.0
4054,18.0,8,12,5,0.0
4055,12.0,6,14,2,0.0
4056,10.0,6,14,3,0.0
4057,24.0,9,11,5,0.0
4058,28.0,9,11,3,0.0
4059,30.0,9,11,2,0.0
4060,20.0,7,13,1,0.0
4061,6.0,5,15,2,0.0
4062,36.0,10,10,2,0.0
4063,24.0,8,12,2,0.0
4064,42.0,11,9,2,8153358.0
4065,12.0,6,14,2,0.0
4066,36.0,10,10,2,0.0
4067,-8.0,3,17,3,0.0
4068,26.0,9,11,4,0.0
4069,14.0,7,13,4,0.0
4070,26.0,8,12,1,0.0
4071,38.0,11,9,4,0.0
4072,42.0,11,9,2,0.0
4073,44.0,11,9,1,0.0
4074,0.0,5,15,5,0.0
4075,14.0,8,12,7,0.0
4076,24.0,8,12,2,0.0
4077,32.0,10,10,4,0.0
4078,38.0,11,9,4,0.0
4079,16.0,7,13,3,0.0
4080,40.0,11,9,3,0.0
4081,30.0,10,10,5,0.0
4082,34.0,10,10,3,0.0
4083,24.0,8,12,2,0.0
4084,48.0,13,7,5,0.0
4085,24.0,9,11,5,0.0
4086,18.0,7,13,2,0.0
4087,12.0,6,14,2,0.0
4088,12.0,6,14,2,0.0
4089,54.0,13,7,2,0.0
4090,40.0,11,9,3,0.0
4091,36.0,11,9,5,0.0
4092,36.0,10,10,2,0.0
4093,30.0,10,10,5,0.0
4094,48.0,13,7,5,0.0
4095,34.0,10,10,3,0.0
4096,14.0,6,14,1,113573864.0
4097,26.0,9,11,4,0.0
4098,36.0,10,10,2,0.0
4099,38.0,11,9,4,0.0
4100,34.0,11,9,6,0.0
4101,14.0,6,14,1,0.0
4102,38.0,11,9,4,0.0
4103,18.0,7,13,2,0.0
4104,20.0,7,13,1,0.0
4105,46.0,11,9,0,0.0
4106,40.0,11,9,3,0.0
4107,34.0,10,10,3,0.0
4108,18.0,7,13,2,0.0
4109,20.0,8,12,4,0.0
4110,28.0,9,11,3,0.0
4111,40.0,11,9,3,0.0
4112,40.0,11,9,3,0.0
4113,32.0,9,11,1,0.0
4114,20.0,7,13,1,0.0
4115,28.0,9,11,3,0.0
4116,16.0,7,13,3,0.0
4117,30.0,9,11,2,0.0
4118,20.0,8,12,4,0.0
4119,44.0,12,8,4,0.0
4120,4.0,4,16,0,0.0
4121,40.0,11,9,3,0.0
4122,22.0,8,12,3,0.0
4123,22.0,8,12,3,0.0
4124,20.0,7,13,1,0.0
4125,40.0,12,8,6,0.0
4126,28.0,10,10,6,0.0
4127,24.0,8,12,2,0.0
4128,12.0,7,13,5,18878.54541015625
4129,20.0,8,12,4,0.0
4130,60.0,14,6,2,0.0
4131,18.0,7,13,2,0.0
4132,28.0,8,12,0,0.0
4133,38.0,10,10,1,0.0
4134,36.0,10,10,2,0.0
4135,28.0,9,11,3,0.0
4136,32.0,9,11,1,0.0
4137,0.0,4,16,2,0.0
4138,44.0,11,9,1,0.0
4139,34.0,10,10,3,0.0
4140,22.0,7,13,0,0.0
4141,6.0,5,15,2,0.0
4142,42.0,11,9,2,0.0
4143,18.0,7,13,2,0.0
4144,40.0,11,9,3,0.0
4145,34.0,10,10,3,0.0
4146,20.0,7,13,1,0.0
4147,18.0,8,12,5,0.0
4148,34.0,9,11,0,0.0
4149,30.0,9,11,2,0.0
4150,26.0,9,11,4,0.0
4151,30.0,9,11,2,0.0
4152,26.0,8,12,1,0.0
4153,10.0,6,14,3,0.0
4154,30.0,9,11,2,0.0
4155,58.0,14,6,3,0.0
4156,16.0,7,13,3,0.0
4157,38.0,10,10,1,0.0
4158,50.0,12,8,1,0.0
4159,16.0,6,14,0,0.0
4160,28.0,9,11,3,481685.4973958333
4161,34.0,9,11,0,0.0
4162,36.0,10,10,2,0.0
4163,44.0,11,9,1,0.0
4164,40.0,11,9,3,0.0
4165,48.0,12,8,2,0.0
4166,2.0,4,16,1,0.0
4167,8.0,5,15,1,0.0
4168,22.0,8,12,3,0.0
4169,16.0,7,13,3,0.0
4170,2.0,4,16,1,0.0
4171,38.0,11,9,4,0.0
4172,18.0,7,13,2,0.0
4173,40.0,12,8,6,0.0
4174,18.0,7,13,2,0.0
4175,20.0,7,13,1,0.0
4176,20.0,7,13,1,0.0
4177,46.0,12,8,3,0.0
4178,12.0,7,13,5,0.0
4179,40.0,11,9,3,0.0
4180,32.0,10,10,4,0.0
4181,32.0,10,10,4,0.0
4182,24.0,8,12,2,0.0
4183,18.0,7,13,2,0.0
4184,44.0,11,9,1,0.0
4185,40.0,11,9,3,0.0
4186,16.0,6,14,0,0.0
4187,18.0,7,13,2,0.0
4188,28.0,8,12,0,0.0
4189,16.0,7,13,3,0.0
4190,18.0,7,13,2,0.0
4191,10.0,5,15,0,0.0
4192,22.0,8,12,3,3508017920.0
4193,18.0,7,13,2,0.0
4194,14.0,6,14,1,0.0
4195,32.0,10,10,4,0.0
4196,48.0,12,8,2,0.0
4197,20.0,8,12,4,0.0
4198,32.0,9,11,1,0.0
4199,30.0,9,11,2,0.0
4200,44.0,11,9,1,0.0
4201,34.0,10,10,3,0.0
4202,8.0,6,14,4,0.0
4203,18.0,7,13,2,0.0
4204,26.0,8,12,1,0.0
4205,52.0,13,7,3,0.0
4206,36.0,10,10,2,0.0
4207,26.0,8,12,1,0.0
4208,30.0,9,11,2,0.0
4209,50.0,12,8,1,0.0
4210,40.0,11,9,3,0.0
4211,30.0,9,11,2,0.0
4212,22.0,8,12,3,0.0
4213,16.0,7,13,3,0.0
4214,12.0,6,14,2,0.0
4215,44.0,11,9,1,0.0
4216,24.0,8,12,2,0.0
4217,48.0,12,8,2,0.0
4218,42.0,11,9,2,0.0
4219,12.0,6,14,2,0.0
4220,46.0,12,8,3,0.0
4221,24.0,8,12,2,0.0
4222,18.0,7,13,2,0.0
4223,28.0,9,11,3,0.0
4224,30.0,10,10,5,523488832.0
4225,20.0,7,13,1,0.0
4226,16.0,7,13,3,0.0
4227,12.0,6,14,2,0.0
4228,40.0,11,9,3,0.0
4229,44.0,11,9,1,0.0
4230,34.0,10,10,3,0.0
4231,26.0,9,11,4,0.0
4232,28.0,9,11,3,0.0
4233,30.0,10,10,5,0.0
4234,24.0,8,12,2,0.0
4235,28.0,9,11,3,0.0
4236,28.0,9,11,3,0.0
4237,50.0,12,8,1,0.0
4238,30.0,10,10,5,0.0
4239,36.0,10,10,2,0.0
4240,16.0,7,13,3,0.0
4241,38.0,12,8,7,0.0
4242,46.0,12,8,3,0.0
4243,60.0,14,6,2,0.0
4244,24.0,9,11,5,0.0
4245,28.0,10,10,6,0.0
4246,26.0,9,11,4,0.0
4247,20.0,7,13,1,0.0
4248,22.0,9,11,6,0.0
4249,24.0,8,12,2,0.0
4250,20.0,7,13,1,0.0
4251,10.0,6,14,3,0.0
4252,32.0,10,10,4,0.0
4253,26.0,9,11,4,0.0
4254,36.0,10,10,2,0.0
4255,36.0,10,10,2,0.0
4256,26.0,8,12,1,1117016.625
4257,30.0,9,11,2,0.0
4258,30.0,9,11,2,0.0
4259,22.0,8,12,3,0.0
4260,60.0,14,6,2,0.0
4261,30.0,10,10,5,0.0
4262,22.0,8,12,3,0.0
4263,4.0,5,15,3,0.0
4264,52.0,13,7,3,0.0
4265,44.0,11,9,1,0.0
4266,0.0,4,16,2,0.0
4267,20.0,7,13,1,0.0
4268,34.0,10,10,3,0.0
4269,48.0,12,8,2,0.0
4270,44.0,11,9,1,0.0
4271,50.0,12,8,1,0.0
4272,20.0,8,12,4,0.0
4273,22.0,8,12,3,0.0
4274,48.0,12,8,2,0.0
4275,12.0,6,14,2,0.0
4276,54.0,13,7,2,0.0
4277,36.0,10,10,2,0.0
4278,20.0,8,12,4,0.0
4279,24.0,9,11,5,0.0
4280,32.0,10,10,4,0.0
4281,24.0,8,12,2,0.0
4282,30.0,9,11,2,0.0
4283,14.0,7,13,4,0.0
4284,16.0,7,13,3,0.0
4285,18.0,7,13,2,0.0
4286,24.0,8,12,2,0.0
4287,36.0,10,10,2,0.0
4288,28.0,9,11,3,161816.140625
4289,42.0,11,9,2,0.0
4290,10.0,7,13,6,0.0
4291,28.0,9,11,3,0.0
4292,22.0,8,12,3,0.0
4293,48.0,12,8,2,0.0
4294,10.0,6,14,3,0.0
4295,20.0,8,12,4,0.0
4296,36.0,10,10,2,0.0
4297,18.0,8,12,5,0.0
4298,46.0,11,9,0,0.0
4299,24.0,8,12,2,0.0
4300,36.0,10,10,2,0.0
4301,34.0,10,10,3,0.0
4302,34.0,9,11,0,0.0
4303,34.0,9,11,0,0.0
4304,16.0,7,13,3,0.0
4305,24.0,8,12,2,0.0
4306,28.0,9,11,3,0.0
4307,38.0,10,10,1,0.0
4308,42.0,11,9,2,0.0
4309,54.0,13,7,2,0.0
4310,20.0,8,12,4,0.0
4311,8.0,5,15,1,0.0
4312,42.0,11,9,2,0.0
4313,18.0,7,13,2,0.0
4314,8.0,6,14,4,0.0
4315,10.0,6,14,3,0.0
4316,44.0,11,9,1,0.0
4317,18.0,7,13,2,0.0
4318,32.0,9,11,1,0.0
4319,34.0,9,11,0,0.0
4320,34.0,10,10,3,236780.50390625
4321,36.0,10,10,2,0.0
4322,40.0,11,9,3,0.0
4323,44.0,11,9,1,0.0
4324,38.0,10,10,1,0.0
4325,4.0,6,14,6,0.0
4326,22.0,8,12,3,0.0
4327,40.0,11,9,3,0.0
4328,26.0,8,12,1,0.0
4329,6.0,5,15,2,0.0
4330,50.0,12,8,1,0.0
4331,42.0,11,9,2,0.0
4332,34.0,10,10,3,0.0
4333,40.0,10,10,0,0.0
4334,24.0,9,11,5,0.0
4335,18.0,8,12,5,0.0
4336,48.0,12,8,2,0.0
4337,14.0,7,13,4,0.0
4338,36.0,10,10,2,0.0
4339,54.0,14,6,5,0.0
4340,40.0,11,9,3,0.0
4341,56.0,13,7,1,0.0
4342,34.0,10,10,3,0.0
4343,10.0,5,15,0,0.0
4344,50.0,12,8,1,0.0
4345,44.0,11,9,1,0.0
4346,32.0,9,11,1,0.0
4347,36.0,10,10,2,0.0
4348,38.0,11,9,4,0.0
4349,32.0,10,10,4,0.0
4350,16.0,7,13,3,0.0
4351,18.0,8,12,5,0.0
4352,20.0,8,12,4,135501.60416666666
4353,20.0,8,12,4,0.0
4354,0.0,4,16,2,0.0
4355,44.0,12,8,4,0.0
4356,28.0,9,11,3,0.0
4357,22.0,8,12,3,0.0
4358,18.0,7,13,2,0.0
4359,28.0,9,11,3,0.0
4360,42.0,11,9,2,0.0
4361,44.0,11,9,1,0.0
4362,38.0,10,10,1,0.0
4363,30.0,9,11,2,0.0
4364,38.0,10,10,1,0.0
4365,20.0,7,13,1,0.0
4366,40.0,11,9,3,0.0
4367,32.0,10,10,4,0.0
4368,14.0,6,14,1,0.0
4369,56.0,13,7,1,0.0
4370,34.0,10,10,3,0.0
4371,10.0,6,14,3,0.0
4372,26.0,9,11,4,0.0
4373,44.0,11,9,1,0.0
4374,20.0,8,12,4,0.0
4375,44.0,11,9,1,0.0
4376,20.0,8,12,4,0.0
4377,30.0,9,11,2,0.0
4378,8.0,6,14,4,0.0
4379,12.0,7,13,5,0.0
4380,38.0,11,9,4,0.0
4381,32.0,9,11,1,0.0
4382,58.0,14,6,3,0.0
4383,30.0,9,11,2,0.0
4384,28.0,8,12,0,1355647.0
4385,42.0,11,9,2,0.0
4386,20.0,8,12,4,0.0
4387,28.0,8,12,0,0.0
4388,34.0,10,10,3,0.0
4389,30.0,9,11,2,0.0
4390,16.0,7,13,3,0.0
4391,30.0,9,11,2,0.0
4392,48.0,12,8,2,0.0
4393,20.0,7,13,1,0.0
4394,44.0,11,9,1,0.0
4395,32.0,9,11,1,0.0
4396,38.0,10,10,1,0.0
4397,26.0,9,11,4,0.0
4398,18.0,7,13,2,0.0
4399,0.0,4,16,2,0.0
4400,26.0,8,12,1,0.0
4401,44.0,11,9,1,0.0
4402,72.0,16,4,2,0.0
4403,26.0,8,12,1,0.0
4404,30.0,9,11,2,0.0
4405,38.0,11,9,4,0.0
4406,34.0,9,11,0,0.0
4407,10.0,7,13,6,0.0
4408,34.0,10,10,3,0.0
4409,20.0,8,12,4,0.0
4410,14.0,7,13,4,0.0
4411,28.0,8,12,0,0.0
4412,58.0,14,6,3,0.0
4413,40.0,11,9,3,0.0
4414,16.0,7,13,3,0.0
4415,58.0,14,6,3,0.0
4416,18.0,7,13,2,2677321.0
4417,48.0,12,8,2,0.0
4418,42.0,11,9,2,0.0
4419,4.0,5,15,3,0.0
4420,38.0,11,9,4,0.0
4421,44.0,13,7,7,0.0
4422,30.0,9,11,2,0.0
4423,28.0,9,11,3,0.0
4424,18.0,8,12,5,0.0
4425,30.0,9,11,2,0.0
4426,36.0,10,10,2,0.0
4427,4.0,5,15,3,0.0
4428,28.0,9,11,3,0.0
4429,36.0,10,10,2,0.0
4430,12.0,6,14,2,0.0
4431,26.0,8,12,1,0.0
4432,34.0,10,10,3,0.0
4433,44.0,11,9,1,0.0
4434,26.0,8,12,1,0.0
4435,22.0,9,11,6,0.0
4436,34.0,10,10,3,0.0
4437,50.0,12,8,1,0.0
4438,12.0,6,14,2,0.0
4439,20.0,8,12,4,0.0
4440,20.0,7,13,1,0.0
4441,38.0,10,10,1,0.0
4442,50.0,12,8,1,0.0
4443,54.0,13,7,2,0.0
4444,48.0,12,8,2,0.0
4445,20.0,8,12,4,0.0
4446,44.0,12,8,4,0.0
4447,30.0,9,11,2,0.0
4448,32.0,9,11,1,1840219904.0
4449,48.0,12,8,2,0.0
4450,28.0,8,12,0,0.0
4451,22.0,8,12,3,0.0
4452,42.0,11,9,2,0.0
4453,70.0,16,4,3,0.0
4454,34.0,10,10,3,0.0
4455,30.0,10,10,5,0.0
4456,32.0,10,10,4,0.0
4457,24.0,8,12,2,0.0
4458,48.0,12,8,2,0.0
4459,6.0,5,15,2,0.0
4460,46.0,12,8,3,0.0
4461,30.0,9,11,2,0.0
4462,32.0,9,11,1,0.0
4463,30.0,9,11,2,0.0
4464,40.0,10,10,0,0.0
4465,30.0,9,11,2,0.0
4466,4.0,5,15,3,0.0
4467,10.0,6,14,3,0.0
4468,54.0,13,7,2,0.0
4469,24.0,8,12,2,0.0
4470,38.0,11,9,4,0.0
4471,40.0,11,9,3,0.0
4472,20.0,8,12,4,0.0
4473,32.0,9,11,1,0.0
4474,30.0,9,11,2,0.0
4475,58.0,13,7,0,0.0
4476,44.0,12,8,4,0.0
4477,32.0,10,10,4,0.0
4478,-2.0,4,16,3,0.0
4479,38.0,10,10,1,0.0
4480,22.0,7,13,0,94429.138671875
4481,20.0,7,13,1,0.0
4482,22.0,8,12,3,0.0
4483,46.0,11,9,0,0.0
4484,46.0,12,8,3,0.0
4485,32.0,9,11,1,0.0
4486,44.0,11,9,1,0.0
4487,24.0,8,12,2,0.0
4488,44.0,11,9,1,0.0
4489,24.0,8,12,2,0.0
4490,56.0,13,7,1,0.0
4491,22.0,8,12,3,0.0
4492,30.0,9,11,2,0.0
4493,68.0,16,4,4,0.0
4494,26.0,8,12,1,0.0
4495,4.0,5,15,3,0.0
4496,-20.0,1,19,3,0.0
4497,56.0,13,7,1,0.0
4498,20.0,7,13,1,0.0
4499,8.0,6,14,4,0.0
4500,46.0,12,8,3,0.0
4501,26.0,9,11,4,0.0
4502,18.0,8,12,5,0.0
4503,30.0,9,11,2,0.0
4504,20.0,7,13,1,0.0
4505,24.0,8,12,2,0.0
4506,48.0,12,8,2,0.0
4507,40.0,11,9,3,0.0
4508,26.0,9,11,4,0.0
4509,34.0,10,10,3,0.0
4510,12.0,7,13,5,0.0
4511,38.0,10,10,1,0.0
4512,22.0,7,13,0,96099.140625
4513,38.0,10,10,1,0.0
4514,36.0,11,9,5,0.0
4515,34.0,9,11,0,0.0
4516,18.0,7,13,2,0.0
4517,48.0,13,7,5,0.0
4518,32.0,9,11,1,0.0
4519,28.0,9,11,3,0.0
4520,26.0,9,11,4,0.0
4521,48.0,12,8,2,0.0
4522,26.0,9,11,4,0.0
4523,38.0,11,9,4,0.0
4524,8.0,6,14,4,0.0
4525,32.0,9,11,1,0.0
4526,22.0,7,13,0,0.0
4527,14.0,6,14,1,0.0
4528,22.0,8,12,3,0.0
4529,32.0,9,11,1,0.0
4530,34.0,10,10,3,0.0
4531,18.0,7,13,2,0.0
4532,18.0,7,13,2,0.0
4533,42.0,12,8,5,0.0
4534,38.0,11,9,4,0.0
4535,18.0,7,13,2,0.0
4536,26.0,8,12,1,0.0
4537,26.0,9,11,4,0.0
4538,28.0,9,11,3,0.0
4539,34.0,10,10,3,0.0
4540,50.0,12,8,1,0.0
4541,64.0,15,5,3,0.0
4542,36.0,10,10,2,0.0
4543,10.0,6,14,3,0.0
4544,30.0,9,11,2,19189200.0
4545,18.0,7,13,2,0.0
4546,26.0,8,12,1,0.0
4547,48.0,12,8,2,0.0
4548,26.0,8,12,1,0.0
4549,46.0,13,7,6,0.0
4550,36.0,10,10,2,0.0
4551,24.0,8,12,2,0.0
4552,26.0,8,12,1,0.0
4553,48.0,12,8,2,0.0
4554,44.0,12,8,4,0.0
4555,38.0,10,10,1,0.0
4556,4.0,6,14,6,0.0
4557,48.0,13,7,5,0.0
4558,28.0,10,10,6,0.0
4559,20.0,8,12,4,0.0
4560,38.0,10,10,1,0.0
4561,20.0,8,12,4,0.0
4562,10.0,6,14,3,0.0
4563,22.0,7,13,0,0.0
4564,14.0,7,13,4,0.0
4565,30.0,9,11,2,0.0
4566,4.0,5,15,3,0.0
4567,30.0,9,11,2,0.0
4568,34.0,10,10,3,0.0
4569,0.0,4,16,2,0.0
4570,38.0,10,10,1,0.0
4571,48.0,12,8,2,0.0
4572,8.0,6,14,4,0.0
4573,20.0,7,13,1,0.0
4574,38.0,10,10,1,0.0
4575,26.0,9,11,4,0.0
4576,62.0,14,6,1,9566766.0
4577,18.0,7,13,2,0.0
4578,36.0,10,10,2,0.0
4579,12.0,8,12,8,0.0
4580,32.0,11,9,7,0.0
4581,56.0,14,6,4,0.0
4582,14.0,6,14,1,0.0
4583,20.0,8,12,4,0.0
4584,24.0,8,12,2,0.0
4585,42.0,11,9,2,0.0
4586,48.0,12,8,2,0.0
4587,20.0,7,13,1,0.0
4588,20.0,8,12,4,0.0
4589,20.0,7,13,1,0.0
4590,36.0,10,10,2,0.0
4591,34.0,10,10,3,0.0
4592,34.0,10,10,3,0.0
4593,36.0,10,10,2,0.0
4594,40.0,11,9,3,0.0
4595,46.0,12,8,3,0.0
4596,38.0,11,9,4,0.0
4597,58.0,14,6,3,0.0
4598,20.0,7,13,1,0.0
4599,24.0,8,12,2,0.0
4600,34.0,10,10,3,0.0
4601,28.0,9,11,3,0.0
4602,50.0,12,8,1,0.0
4603,32.0,9,11,1,0.0
4604,34.0,10,10,3,0.0
4605,42.0,12,8,5,0.0
4606,30.0,9,11,2,0.0
4607,52.0,13,7,3,0.0
4608,46.0,12,8,3,1818980.2291666667
4609,20.0,8,12,4,0.0
4610,18.0,8,12,5,0.0
4611,40.0,10,10,0,0.0
4612,40.0,11,9,3,0.0
4613,20.0,7,13,1,0.0
4614,16.0,7,13,3,0.0
4615,20.0,7,13,1,0.0
4616,22.0,8,12,3,0.0
4617,28.0,9,11,3,0.0
4618,38.0,10,10,1,0.0
4619,22.0,8,12,3,0.0
4620,20.0,9,11,7,0.0
4621,26.0,8,12,1,0.0
4622,54.0,13,7,2,0.0
4623,32.0,10,10,4,0.0
4624,26.0,9,11,4,0.0
4625,34.0,9,11,0,0.0
4626,20.0,8,12,4,0.0
4627,10.0,5,15,0,0.0
4628,40.0,10,10,0,0.0
4629,38.0,11,9,4,0.0
4630,26.0,9,11,4,0.0
4631,42.0,12,8,5,0.0
4632,44.0,11,9,1,0.0
4633,60.0,14,6,2,0.0
4634,30.0,9,11,2,0.0
4635,30.0,9,11,2,0.0
4636,16.0,7,13,3,0.0
4637,36.0,10,10,2,0.0
4638,10.0,6,14,3,0.0
4639,32.0,9,11,1,0.0
4640,54.0,13,7,2,14922496000.0
4641,30.0,9,11,2,0.0
4642,8.0,5,15,1,0.0
4643,42.0,11,9,2,0.0
4644,26.0,10,10,7,0.0
4645,38.0,11,9,4,0.0
4646,34.0,9,11,0,0.0
4647,28.0,8,12,0,0.0
4648,12.0,6,14,2,0.0
4649,24.0,8,12,2,0.0
4650,14.0,7,13,4,0.0
4651,0.0,4,16,2,0.0
4652,16.0,7,13,3,0.0
4653,2.0,5,15,4,0.0
4654,24.0,8,12,2,0.0
4655,30.0,9,11,2,0.0
4656,28.0,9,11,3,0.0
4657,24.0,8,12,2,0.0
4658,28.0,9,11,3,0.0
4659,24.0,9,11,5,0.0
4660,22.0,8,12,3,0.0
4661,20.0,8,12,4,0.0
4662,12.0,6,14,2,0.0
4663,44.0,12,8,4,0.0
4664,8.0,5,15,1,0.0
4665,16.0,8,12,6,0.0
4666,24.0,8,12,2,0.0
4667,16.0,7,13,3,0.0
4668,10.0,6,14,3,0.0
4669,22.0,8,12,3,0.0
4670,20.0,8,12,4,0.0
4671,30.0,9,11,2,0.0
4672,30.0,10,10,5,232813.58072916666
4673,42.0,12,8,5,0.0
4674,26.0,9,11,4,0.0
4675,30.0,10,10,5,0.0
4676,38.0,10,10,1,0.0
4677,34.0,10,10,3,0.0
4678,44.0,12,8,4,0.0
4679,26.0,9,11,4,0.0
4680,38.0,10,10,1,0.0
4681,12.0,6,14,2,0.0
4682,18.0,7,13,2,0.0
4683,42.0,11,9,2,0.0
4684,20.0,8,12,4,0.0
4685,32.0,10,10,4,0.0
4686,44.0,12,8,4,0.0
4687,20.0,7,13,1,0.0
4688,36.0,10,10,2,0.0
4689,30.0,9,11,2,0.0
4690,30.0,9,11,2,0.0
4691,22.0,9,11,6,0.0
4692,30.0,10,10,5,0.0
4693,4.0,5,15,3,0.0
4694,50.0,13,7,4,0.0
4695,58.0,14,6,3,0.0
4696,44.0,11,9,1,0.0
4697,48.0,12,8,2,0.0
4698,32.0,9,11,1,0.0
4699,12.0,6,14,2,0.0
4700,30.0,10,10,5,0.0
4701,36.0,10,10,2,0.0
4702,36.0,10,10,2,0.0
4703,36.0,11,9,5,0.0
4704,34.0,10,10,3,236080976.0
4705,46.0,12,8,3,0.0
4706,20.0,7,13,1,0.0
4707,28.0,10,10,6,0.0
4708,26.0,8,12,1,0.0
4709,24.0,9,11,5,0.0
4710,30.0,9,11,2,0.0
4711,28.0,8,12,0,0.0
4712,20.0,7,13,1,0.0
4713,14.0,7,13,4,0.0
4714,36.0,10,10,2,0.0
4715,36.0,11,9,5,0.0
4716,40.0,11,9,3,0.0
4717,24.0,8,12,2,0.0
4718,26.0,9,11,4,0.0
4719,40.0,11,9,3,0.0
4720,38.0,11,9,4,0.0
4721,38.0,10,10,1,0.0
4722,42.0,11,9,2,0.0
4723,24.0,8,12,2,0.0
4724,32.0,10,10,4,0.0
4725,34.0,9,11,0,0.0
4726,36.0,10,10,2,0.0
4727,40.0,12,8,6,0.0
4728,22.0,9,11,6,0.0
4729,30.0,9,11,2,0.0
4730,20.0,8,12,4,0.0
4731,40.0,11,9,3,0.0
4732,58.0,14,6,3,0.0
4733,30.0,9,11,2,0.0
4734,16.0,7,13,3,0.0
4735,40.0,11,9,3,0.0
4736,40.0,10,10,0,7905075.5
4737,16.0,7,13,3,0.0
4738,18.0,7,13,2,0.0
4739,60.0,14,6,2,0.0
4740,38.0,10,10,1,0.0
4741,38.0,10,10,1,0.0
4742,30.0,9,11,2,0.0
4743,24.0,8,12,2,0.0
4744,30.0,9,11,2,0.0
4745,34.0,10,10,3,0.0
4746,42.0,11,9,2,0.0
4747,26.0,8,12,1,0.0
4748,34.0,10,10,3,0.0
4749,4.0,4,16,0,0.0
4750,42.0,11,9,2,0.0
4751,24.0,8,12,2,0.0
4752,60.0,15,5,5,0.0
4753,44.0,11,9,1,0.0
4754,28.0,9,11,3,0.0
4755,32.0,10,10,4,0.0
4756,22.0,8,12,3,0.0
4757,6.0,5,15,2,0.0
4758,30.0,9,11,2,0.0
4759,16.0,7,13,3,0.0
4760,30.0,9,11,2,0.0
4761,40.0,11,9,3,0.0
4762,20.0,8,12,4,0.0
4763,22.0,8,12,3,0.0
4764,30.0,9,11,2,0.0
4765,-2.0,4,16,3,0.0
4766,24.0,8,12,2,0.0
4767,12.0,6,14,2,0.0
4768,20.0,7,13,1,2812254208.0
4769,38.0,10,10,1,0.0
4770,34.0,11,9,6,0.0
4771,36.0,10,10,2,0.0
4772,48.0,12,8,2,0.0
4773,32.0,9,11,1,0.0
4774,36.0,10,10,2,0.0
4775,12.0,6,14,2,0.0
4776,6.0,5,15,2,0.0
4777,24.0,8,12,2,0.0
4778,38.0,11,9,4,0.0
4779,30.0,10,10,5,0.0
4780,26.0,9,11,4,0.0
4781,20.0,7,13,1,0.0
4782,14.0,6,14,1,0.0
4783,12.0,6,14,2,0.0
4784,34.0,10,10,3,0.0
4785,30.0,9,11,2,0.0
4786,40.0,10,10,0,0.0
4787,32.0,9,11,1,0.0
4788,28.0,9,11,3,0.0
4789,56.0,13,7,1,0.0
4790,32.0,9,11,1,0.0
4791,30.0,9,11,2,0.0
4792,30.0,10,10,5,0.0
4793,38.0,11,9,4,0.0
4794,26.0,9,11,4,0.0
4795,30.0,9,11,2,0.0
4796,44.0,11,9,1,0.0
4797,50.0,12,8,1,0.0
4798,24.0,8,12,2,0.0
4799,40.0,12,8,6,0.0
4800,24.0,8,12,2,6132.698893229167
4801,28.0,9,11,3,0.0
4802,30.0,9,11,2,0.0
4803,26.0,8,12,1,0.0
4804,24.0,8,12,2,0.0
4805,36.0,10,10,2,0.0
4806,54.0,14,6,5,0.0
4807,48.0,12,8,2,0.0
4808,32.0,9,11,1,0.0
4809,34.0,10,10,3,0.0
4810,38.0,10,10,1,0.0
4811,26.0,8,12,1,0.0
4812,16.0,7,13,3,0.0
4813,28.0,9,11,3,0.0
4814,46.0,12,8,3,0.0
4815,42.0,12,8,5,0.0
4816,32.0,9,11,1,0.0
4817,22.0,8,12,3,0.0
4818,38.0,11,9,4,0.0
4819,28.0,9,11,3,0.0
4820,44.0,11,9,1,0.0
4821,18.0,8,12,5,0.0
4822,36.0,10,10,2,0.0
4823,24.0,8,12,2,0.0
4824,44.0,11,9,1,0.0
4825,32.0,10,10,4,0.0
4826,42.0,11,9,2,0.0
4827,34.0,10,10,3,0.0
4828,46.0,12,8,3,0.0
4829,24.0,9,11,5,0.0
4830,30.0,9,11,2,0.0
4831,40.0,11,9,3,0.0
4832,20.0,7,13,1,927378816.0
4833,50.0,12,8,1,0.0
4834,28.0,8,12,0,0.0
4835,36.0,10,10,2,0.0
4836,20.0,7,13,1,0.0
4837,20.0,7,13,1,0.0
4838,20.0,8,12,4,0.0
4839,40.0,11,9,3,0.0
4840,26.0,9,11,4,0.0
4841,22.0,8,12,3,0.0
4842,36.0,10,10,2,0.0
4843,38.0,10,10,1,0.0
4844,46.0,12,8,3,0.0
4845,26.0,10,10,7,0.0
4846,32.0,9,11,1,0.0
4847,18.0,7,13,2,0.0
4848,50.0,12,8,1,0.0
4849,36.0,10,10,2,0.0
4850,56.0,13,7,1,0.0
4851,32.0,9,11,1,0.0
4852,34.0,10,10,3,0.0
4853,4.0,5,15,3,0.0
4854,48.0,12,8,2,0.0
4855,36.0,11,9,5,0.0
4856,42.0,11,9,2,0.0
4857,22.0,8,12,3,0.0
4858,24.0,8,12,2,0.0
4859,18.0,7,13,2,0.0
4860,50.0,13,7,4,0.0
4861,4.0,4,16,0,0.0
4862,32.0,10,10,4,0.0
4863,32.0,9,11,1,0.0
4864,12.0,8,12,8,26153.637369791668
4865,18.0,8,12,5,0.0
4866,32.0,9,11,1,0.0
4867,36.0,10,10,2,0.0
4868,28.0,9,11,3,0.0
4869,34.0,10,10,3,0.0
4870,28.0,9,11,3,0.0
4871,6.0,7,13,8,0.0
4872,26.0,8,12,1,0.0
4873,26.0,9,11,4,0.0
4874,26.0,9,11,4,0.0
4875,24.0,8,12,2,0.0
4876,16.0,7,13,3,0.0
4877,18.0,7,13,2,0.0
4878,38.0,11,9,4,0.0
4879,50.0,12,8,1,0.0
4880,54.0,13,7,2,0.0
4881,24.0,8,12,2,0.0
4882,12.0,6,14,2,0.0
4883,10.0,5,15,0,0.0
4884,50.0,12,8,1,0.0
4885,42.0,11,9,2,0.0
4886,16.0,7,13,3,0.0
4887,34.0,10,10,3,0.0
4888,26.0,9,11,4,0.0
4889,30.0,10,10,5,0.0
4890,28.0,9,11,3,0.0
4891,36.0,10,10,2,0.0
4892,30.0,9,11,2,0.0
4893,34.0,10,10,3,0.0
4894,46.0,11,9,0,0.0
4895,44.0,11,9,1,0.0
4896,46.0,12,8,3,23658726.0
4897,16.0,7,13,3,0.0
4898,40.0,11,9,3,0.0
4899,38.0,10,10,1,0.0
4900,34.0,11,9,6,0.0
4901,28.0,9,11,3,0.0
4902,54.0,14,6,5,0.0
4903,18.0,8,12,5,0.0
4904,48.0,12,8,2,0.0
4905,8.0,6,14,4,0.0
4906,32.0,9,11,1,0.0
4907,28.0,9,11,3,0.0
4908,58.0,14,6,3,0.0
4909,40.0,10,10,0,0.0
4910,20.0,7,13,1,0.0
4911,28.0,9,11,3,0.0
4912,46.0,12,8,3,0.0
4913,18.0,7,13,2,0.0
4914,28.0,9,11,3,0.0
4915,22.0,7,13,0,0.0
4916,14.0,6,14,1,0.0
4917,2.0,4,16,1,0.0
4918,26.0,8,12,1,0.0
4919,46.0,12,8,3,0.0
4920,32.0,10,10,4,0.0
4921,52.0,13,7,3,0.0
4922,68.0,16,4,4,0.0
4923,30.0,9,11,2,0.0
4924,48.0,13,7,5,0.0
4925,34.0,9,11,0,0.0
4926,36.0,10,10,2,0.0
4927,20.0,7,13,1,0.0
4928,60.0,14,6,2,11088402432.0
4929,36.0,10,10,2,0.0
4930,40.0,11,9,3,0.0
4931,16.0,7,13,3,0.0
4932,48.0,12,8,2,0.0
4933,42.0,11,9,2,0.0
4934,44.0,12,8,4,0.0
4935,16.0,8,12,6,0.0
4936,14.0,6,14,1,0.0
4937,2.0,4,16,1,0.0
4938,40.0,11,9,3,0.0
4939,54.0,13,7,2,0.0
4940,60.0,14,6,2,0.0
4941,32.0,10,10,4,0.0
4942,38.0,11,9,4,0.0
4943,44.0,11,9,1,0.0
4944,14.0,6,14,1,0.0
4945,42.0,11,9,2,0.0
4946,40.0,10,10,0,0.0
4947,42.0,11,9,2,0.0
4948,20.0,7,13,1,0.0
4949,64.0,14,6,0,0.0
4950,42.0,11,9,2,0.0
4951,14.0,7,13,4,0.0
4952,46.0,11,9,0,0.0
4953,18.0,8,12,5,0.0
4954,64.0,16,4,6,0.0
4955,38.0,10,10,1,0.0
4956,44.0,13,7,7,0.0
4957,40.0,10,10,0,0.0
4958,42.0,11,9,2,0.0
4959,38.0,10,10,1,0.0
4960,28.0,9,11,3,26453742.0
4961,46.0,12,8,3,0.0
4962,40.0,10,10,0,0.0
4963,48.0,12,8,2,0.0
4964,34.0,10,10,3,0.0
4965,12.0,6,14,2,0.0
4966,38.0,11,9,4,0.0
4967,28.0,9,11,3,0.0
4968,40.0,11,9,3,0.0
4969,26.0,8,12,1,0.0
4970,28.0,9,11,3,0.0
4971,36.0,10,10,2,0.0
4972,50.0,13,7,4,0.0
4973,26.0,8,12,1,0.0
4974,46.0,13,7,6,0.0
4975,18.0,7,13,2,0.0
4976,14.0,7,13,4,0.0
4977,54.0,13,7,2,0.0
4978,26.0,9,11,4,0.0
4979,8.0,6,14,4,0.0
4980,22.0,8,12,3,0.0
4981,12.0,7,13,5,0.0
4982,18.0,8,12,5,0.0
4983,32.0,11,9,7,0.0
4984,32.0,10,10,4,0.0
4985,36.0,10,10,2,0.0
4986,28.0,10,10,6,0.0
4987,32.0,9,11,1,0.0
4988,26.0,9,11,4,0.0
4989,36.0,10,10,2,0.0
4990,44.0,13,7,7,0.0
4991,52.0,13,7,3,0.0
4992,16.0,7,13,3,121743728.0
4993,20.0,7,13,1,0.0
4994,16.0,7,13,3,0.0
4995,36.0,10,10,2,0.0
4996,34.0,10,10,3,0.0
4997,34.0,10,10,3,0.0
4998,26.0,9,11,4,0.0
4999,40.0,11,9,3,0.0
5000,42.0,11,9,2,0.050364501
5001,32.0,10,10,4,0.0
5002,40.0,11,9,3,0.0
5003,48.0,12,8,2,0.0
5004,20.0,8,12,4,0.0
5005,46.0,13,7,6,0.0
5006,26.0,8,12,1,0.0
5007,28.0,9,11,3,0.0
5008,48.0,12,8,2,0.0
5009,44.0,11,9,1,0.0
5010,26.0,8,12,1,0.0
5011,36.0,10,10,2,0.0
5012,10.0,5,15,0,0.0
5013,36.0,10,10,2,0.0
5014,62.0,14,6,1,0.0
5015,14.0,6,14,1,0.0
5016,16.0,6,14,0,0.0
5017,18.0,8,12,5,0.0
5018,48.0,13,7,5,0.0
5019,0.0,5,15,5,0.0
5020,24.0,8,12,2,0.0
5021,30.0,9,11,2,0.0
5022,18.0,7,13,2,0.0
5023,22.0,8,12,3,0.0
5024,22.0,9,11,6,917524480.0
5025,36.0,10,10,2,0.0
5026,62.0,15,5,4,0.0
5027,42.0,11,9,2,0.0
5028,-4.0,3,17,1,0.0
5029,24.0,9,11,5,0.0
5030,28.0,9,11,3,0.0
5031,4.0,5,15,3,0.0
5032,54.0,13,7,2,0.0
5033,48.0,12,8,2,0.0
5034,20.0,7,13,1,0.0
5035,20.0,8,12,4,0.0
5036,14.0,7,13,4,0.0
5037,54.0,13,7,2,0.0
5038,34.0,9,11,0,0.0
5039,46.0,12,8,3,0.0
5040,26.0,9,11,4,0.0
5041,48.0,12,8,2,0.0
5042,18.0,7,13,2,0.0
5043,66.0,15,5,2,0.0
5044,22.0,7,13,0,0.0
5045,8.0,7,13,7,0.0
5046,36.0,11,9,5,0.0
5047,38.0,10,10,1,0.0
5048,18.0,7,13,2,0.0
5049,20.0,7,13,1,0.0
5050,38.0,11,9,4,0.0
5051,10.0,6,14,3,0.0
5052,34.0,10,10,3,0.0
5053,42.0,11,9,2,0.0
5054,16.0,7,13,3,0.0
5055,32.0,10,10,4,0.0
5056,38.0,10,10,1,931818.5
5057,36.0,10,10,2,0.0
5058,20.0,8,12,4,0.0
5059,34.0,10,10,3,0.0
5060,10.0,6,14,3,0.0
5061,46.0,12,8,3,0.0
5062,40.0,10,10,0,0.0
5063,40.0,10,10,0,0.0
5064,54.0,13,7,2,0.0
5065,36.0,10,10,2,0.0
5066,14.0,7,13,4,0.0
5067,24.0,8,12,2,0.0
5068,-4.0,3,17,1,0.0
5069,42.0,11,9,2,0.0
5070,56.0,13,7,1,0.0
5071,42.0,11,9,2,0.0
5072,22.0,8,12,3,0.0
5073,8.0,6,14,4,0.0
5074,40.0,10,10,0,0.0
5075,24.0,8,12,2,0.0
5076,20.0,8,12,4,0.0
5077,14.0,7,13,4,0.0
5078,30.0,9,11,2,0.0
5079,30.0,9,11,2,0.0
5080,42.0,11,9,2,0.0
5081,22.0,8,12,3,0.0
5082,24.0,8,12,2,0.0
5083,22.0,8,12,3,0.0
5084,32.0,10,10,4,0.0
5085,32.0,10,10,4,0.0
5086,38.0,11,9,4,0.0
5087,6.0,5,15,2,0.0
5088,52.0,13,7,3,38570848.0
5089,58.0,13,7,0,0.0
5090,50.0,12,8,1,0.0
5091,30.0,9,11,2,0.0
5092,40.0,10,10,0,0.0
5093,22.0,8,12,3,0.0
5094,42.0,11,9,2,0.0
5095,4.0,6,14,6,0.0
5096,24.0,8,12,2,0.0
5097,28.0,9,11,3,0.0
5098,56.0,13,7,1,0.0
5099,28.0,9,11,3,0.0
5100,40.0,11,9,3,0.0
5101,26.0,9,11,4,0.0
5102,32.0,9,11,1,0.0
5103,30.0,10,10,5,0.0
5104,22.0,8,12,3,0.0
5105,14.0,7,13,4,0.0
5106,26.0,8,12,1,0.0
5107,60.0,14,6,2,0.0
5108,12.0,6,14,2,0.0
5109,32.0,9,11,1,0.0
5110,32.0,9,11,1,0.0
5111,36.0,10,10,2,0.0
5112,38.0,10,10,1,0.0
5113,16.0,7,13,3,0.0
5114,30.0,10,10,5,0.0
5115,20.0,7,13,1,0.0
5116,42.0,11,9,2,0.0
5117,46.0,12,8,3,0.0
5118,24.0,8,12,2,0.0
5119,38.0,10,10,1,0.0
5120,38.0,10,10,1,34575867904.0
5121,50.0,13,7,4,0.0
5122,26.0,8,12,1,0.0
5123,18.0,8,12,5,0.0
5124,44.0,12,8,4,0.0
5125,30.0,10,10,5,0.0
5126,12.0,6,14,2,0.0
5127,10.0,6,14,3,0.0
5128,24.0,8,12,2,0.0
5129,22.0,9,11,6,0.0
5130,34.0,10,10,3,0.0
5131,8.0,6,14,4,0.0
5132,18.0,7,13,2,0.0
5133,28.0,9,11,3,0.0
5134,34.0,9,11,0,0.0
5135,28.0,9,11,3,0.0
5136,20.0,7,13,1,0.0
5137,32.0,9,11,1,0.0
5138,34.0,10,10,3,0.0
5139,10.0,7,13,6,0.0
5140,26.0,8,12,1,0.0
5141,44.0,11,9,1,0.0
5142,42.0,11,9,2,0.0
5143,4.0,5,15,3,0.0
5144,42.0,11,9,2,0.0
5145,50.0,13,7,4,0.0
5146,50.0,12,8,1,0.0
5147,0.0,4,16,2,0.0
5148,40.0,11,9,3,0.0
5149,48.0,12,8,2,0.0
5150,44.0,11,9,1,0.0
5151,48.0,12,8,2,0.0
5152,36.0,11,9,5,248842600448.0
5153,42.0,11,9,2,0.0
5154,40.0,10,10,0,0.0
5155,34.0,10,10,3,0.0
5156,10.0,6,14,3,0.0
5157,22.0,9,11,6,0.0
5158,42.0,11,9,2,0.0
5159,32.0,10,10,4,0.0
5160,34.0,11,9,6,0.0
5161,18.0,7,13,2,0.0
5162,24.0,9,11,5,0.0
5163,40.0,11,9,3,0.0
5164,30.0,9,11,2,0.0
5165,24.0,8,12,2,0.0
5166,26.0,8,12,1,0.0
5167,42.0,11,9,2,0.0
5168,14.0,6,14,1,0.0
5169,42.0,11,9,2,0.0
5170,46.0,12,8,3,0.0
5171,38.0,10,10,1,0.0
5172,32.0,10,10,4,0.0
5173,40.0,11,9,3,0.0
5174,28.0,10,10,6,0.0
5175,18.0,7,13,2,0.0
5176,28.0,9,11,3,0.0
5177,12.0,6,14,2,0.0
5178,36.0,11,9,5,0.0
5179,30.0,9,11,2,0.0
5180,26.0,8,12,1,0.0
5181,32.0,9,11,1,0.0
5182,12.0,6,14,2,0.0
5183,44.0,12,8,4,0.0
5184,26.0,9,11,4,15760311.0
5185,24.0,8,12,2,0.0
5186,20.0,8,12,4,0.0
5187,40.0,10,10,0,0.0
5188,56.0,13,7,1,0.0
5189,30.0,10,10,5,0.0
5190,40.0,10,10,0,0.0
5191,42.0,11,9,2,0.0
5192,40.0,11,9,3,0.0
5193,34.0,9,11,0,0.0
5194,40.0,11,9,3,0.0
5195,12.0,6,14,2,0.0
5196,30.0,9,11,2,0.0
5197,8.0,5,15,1,0.0
5198,24.0,8,12,2,0.0
5199,24.0,9,11,5,0.0
5200,38.0,10,10,1,0.0
5201,38.0,11,9,4,0.0
5202,36.0,11,9,5,0.0
5203,22.0,8,12,3,0.0
5204,54.0,13,7,2,0.0
5205,30.0,9,11,2,0.0
5206,30.0,9,11,2,0.0
5207,36.0,10,10,2,0.0
5208,40.0,11,9,3,0.0
5209,30.0,9,11,2,0.0
5210,36.0,10,10,2,0.0
5211,46.0,12,8,3,0.0
5212,-8.0,4,16,6,0.0
5213,38.0,10,10,1,0.0
5214,30.0,9,11,2,0.0
5215,16.0,8,12,6,0.0
5216,28.0,8,12,0,209399248.0
5217,12.0,6,14,2,0.0
5218,34.0,10,10,3,0.0
5219,6.0,5,15,2,0.0
5220,18.0,8,12,5,0.0
5221,24.0,9,11,5,0.0
5222,8.0,6,14,4,0.0
5223,40.0,11,9,3,0.0
5224,38.0,11,9,4,0.0
5225,28.0,9,11,3,0.0
5226,34.0,10,10,3,0.0
5227,30.0,9,11,2,0.0
5228,26.0,9,11,4,0.0
5229,40.0,11,9,3,0.0
5230,14.0,6,14,1,0.0
5231,46.0,12,8,3,0.0
5232,26.0,8,12,1,0.0
5233,38.0,10,10,1,0.0
5234,24.0,8,12,2,0.0
5235,48.0,12,8,2,0.0
5236,28.0,9,11,3,0.0
5237,24.0,8,12,2,0.0
5238,50.0,12,8,1,0.0
5239,-4.0,4,16,4,0.0
5240,34.0,10,10,3,0.0
5241,20.0,7,13,1,0.0
5242,16.0,7,13,3,0.0
5243,50.0,13,7,4,0.0
5244,44.0,11,9,1,0.0
5245,34.0,10,10,3,0.0
5246,34.0,10,10,3,0.0
5247,34.0,10,10,3,0.0
5248,22.0,9,11,6,21432572.0
5249,22.0,9,11,6,0.0
5250,50.0,13,7,4,0.0
5251,14.0,6,14,1,0.0
5252,54.0,13,7,2,0.0
5253,26.0,8,12,1,0.0
5254,62.0,15,5,4,0.0
5255,46.0,13,7,6,0.0
5256,44.0,11,9,1,0.0
5257,30.0,10,10,5,0.0
5258,24.0,8,12,2,0.0
5259,36.0,10,10,2,0.0
5260,32.0,9,11,1,0.0
5261,34.0,10,10,3,0.0
5262,36.0,10,10,2,0.0
5263,36.0,10,10,2,0.0
5264,38.0,11,9,4,0.0
5265,8.0,6,14,4,0.0
5266,14.0,6,14,1,0.0
5267,16.0,7,13,3,0.0
5268,58.0,14,6,3,0.0
5269,24.0,9,11,5,0.0
5270,40.0,11,9,3,0.0
5271,44.0,11,9,1,0.0
5272,46.0,12,8,3,0.0
5273,44.0,11,9,1,0.0
5274,24.0,8,12,2,0.0
5275,42.0,11,9,2,0.0
5276,30.0,9,11,2,0.0
5277,52.0,12,8,0,0.0
5278,26.0,9,11,4,0.0
5279,52.0,13,7,3,0.0
5280,20.0,7,13,1,810689152.0
5281,52.0,13,7,3,0.0
5282,16.0,7,13,3,0.0
5283,20.0,7,13,1,0.0
5284,54.0,13,7,2,0.0
5285,22.0,8,12,3,0.0
5286,48.0,12,8,2,0.0
5287,36.0,11,9,5,0.0
5288,50.0,12,8,1,0.0
5289,26.0,8,12,1,0.0
5290,60.0,14,6,2,0.0
5291,38.0,10,10,1,0.0
5292,2.0,5,15,4,0.0
5293,34.0,11,9,6,0.0
5294,26.0,8,12,1,0.0
5295,10.0,5,15,0,0.0
5296,56.0,13,7,1,0.0
5297,26.0,9,11,4,0.0
5298,42.0,12,8,5,0.0
5299,40.0,11,9,3,0.0
5300,22.0,8,12,3,0.0
5301,38.0,10,10,1,0.0
5302,46.0,11,9,0,0.0
5303,34.0,10,10,3,0.0
5304,26.0,9,11,4,0.0
5305,14.0,7,13,4,0.0
5306,24.0,8,12,2,0.0
5307,30.0,9,11,2,0.0
5308,30.0,9,11,2,0.0
5309,44.0,12,8,4,0.0
5310,36.0,10,10,2,0.0
5311,56.0,13,7,1,0.0
5312,26.0,9,11,4,384383360.0
5313,46.0,12,8,3,0.0
5314,32.0,9,11,1,0.0
5315,48.0,12,8,2,0.0
5316,50.0,12,8,1,0.0
5317,40.0,11,9,3,0.0
5318,36.0,10,10,2,0.0
5319,46.0,12,8,3,0.0
5320,38.0,10,10,1,0.0
5321,36.0,10,10,2,0.0
5322,26.0,8,12,1,0.0
5323,62.0,14,6,1,0.0
5324,32.0,10,10,4,0.0
5325,24.0,8,12,2,0.0
5326,26.0,8,12,1,0.0
5327,22.0,8,12,3,0.0
5328,36.0,11,9,5,0.0
5329,52.0,13,7,3,0.0
5330,30.0,9,11,2,0.0
5331,40.0,11,9,3,0.0
5332,30.0,10,10,5,0.0
5333,54.0,13,7,2,0.0
5334,28.0,8,12,0,0.0
5335,58.0,14,6,3,0.0
5336,32.0,9,11,1,0.0
5337,14.0,6,14,1,0.0
5338,32.0,11,9,7,0.0
5339,28.0,9,11,3,0.0
5340,32.0,9,11,1,0.0
5341,38.0,11,9,4,0.0
5342,44.0,11,9,1,0.0
5343,28.0,9,11,3,0.0
5344,40.0,11,9,3,258421.796875
5345,42.0,12,8,5,0.0
5346,26.0,8,12,1,0.0
5347,12.0,7,13,5,0.0
5348,0.0,4,16,2,0.0
5349,40.0,11,9,3,0.0
5350,48.0,12,8,2,0.0
5351,18.0,7,13,2,0.0
5352,14.0,7,13,4,0.0
5353,46.0,12,8,3,0.0
5354,44.0,12,8,4,0.0
5355,44.0,11,9,1,0.0
5356,22.0,9,11,6,0.0
5357,20.0,7,13,1,0.0
5358,52.0,13,7,3,0.0
5359,46.0,12,8,3,0.0
5360,38.0,10,10,1,0.0
5361,56.0,14,6,4,0.0
5362,20.0,8,12,4,0.0
5363,48.0,12,8,2,0.0
5364,28.0,9,11,3,0.0
5365,12.0,6,14,2,0.0
5366,28.0,9,11,3,0.0
5367,54.0,13,7,2,0.0
5368,36.0,11,9,5,0.0
5369,38.0,10,10,1,0.0
5370,28.0,8,12,0,0.0
5371,26.0,9,11,4,0.0
5372,22.0,8,12,3,0.0
5373,32.0,10,10,4,0.0
5374,20.0,8,12,4,0.0
5375,42.0,11,9,2,0.0
5376,12.0,6,14,2,45728580.0
5377,62.0,14,6,1,0.0
5378,22.0,9,11,6,0.0
5379,18.0,8,12,5,0.0
5380,28.0,9,11,3,0.0
5381,24.0,8,12,2,0.0
5382,18.0,7,13,2,0.0
5383,46.0,12,8,3,0.0
5384,50.0,12,8,1,0.0
5385,36.0,10,10,2,0.0
5386,46.0,12,8,3,0.0
5387,32.0,9,11,1,0.0
5388,18.0,7,13,2,0.0
5389,30.0,9,11,2,0.0
5390,12.0,6,14,2,0.0
5391,24.0,8,12,2,0.0
5392,22.0,7,13,0,0.0
5393,24.0,8,12,2,0.0
5394,56.0,14,6,4,0.0
5395,58.0,14,6,3,0.0
5396,52.0,13,7,3,0.0
5397,22.0,8,12,3,0.0
5398,44.0,11,9,1,0.0
5399,40.0,11,9,3,0.0
5400,12.0,7,13,5,0.0
5401,24.0,8,12,2,0.0
5402,16.0,7,13,3,0.0
5403,32.0,9,11,1,0.0
5404,52.0,13,7,3,0.0
5405,36.0,10,10,2,0.0
5406,10.0,7,13,6,0.0
5407,18.0,7,13,2,0.0
5408,34.0,10,10,3,112519576.0
5409,16.0,6,14,0,0.0
5410,48.0,12,8,2,0.0
5411,28.0,9,11,3,0.0
5412,32.0,9,11,1,0.0
5413,40.0,10,10,0,0.0
5414,48.0,12,8,2,0.0
5415,32.0,9,11,1,0.0
5416,46.0,12,8,3,0.0
5417,50.0,12,8,1,0.0
5418,38.0,10,10,1,0.0
5419,38.0,10,10,1,0.0
5420,38.0,10,10,1,0.0
5421,36.0,10,10,2,0.0
5422,42.0,11,9,2,0.0
5423,36.0,10,10,2,0.0
5424,32.0,10,10,4,0.0
5425,38.0,11,9,4,0.0
5426,22.0,8,12,3,0.0
5427,42.0,11,9,2,0.0
5428,48.0,12,8,2,0.0
5429,34.0,10,10,3,0.0
5430,6.0,5,15,2,0.0
5431,58.0,14,6,3,0.0
5432,42.0,11,9,2,0.0
5433,30.0,9,11,2,0.0
5434,26.0,8,12,1,0.0
5435,32.0,10,10,4,0.0
5436,24.0,8,12,2,0.0
5437,28.0,9,11,3,0.0
5438,38.0,11,9,4,0.0
5439,34.0,10,10,3,0.0
5440,32.0,9,11,1,541117317120.0
5441,34.0,10,10,3,0.0
5442,44.0,12,8,4,0.0
5443,26.0,8,12,1,0.0
5444,40.0,11,9,3,0.0
5445,22.0,8,12,3,0.0
5446,42.0,11,9,2,0.0
5447,32.0,10,10,4,0.0
5448,4.0,5,15,3,0.0
5449,16.0,6,14,0,0.0
5450,18.0,8,12,5,0.0
5451,24.0,8,12,2,0.0
5452,50.0,12,8,1,0.0
5453,50.0,12,8,1,0.0
5454,20.0,7,13,1,0.0
5455,18.0,7,13,2,0.0
5456,42.0,11,9,2,0.0
5457,18.0,7,13,2,0.0
5458,2.0,5,15,4,0.0
5459,32.0,10,10,4,0.0
5460,22.0,7,13,0,0.0
5461,38.0,11,9,4,0.0
5462,18.0,7,13,2,0.0
5463,12.0,7,13,5,0.0
5464,62.0,15,5,4,0.0
5465,28.0,9,11,3,0.0
5466,50.0,13,7,4,0.0
5467,16.0,7,13,3,0.0
5468,42.0,11,9,2,0.0
5469,46.0,12,8,3,0.0
5470,26.0,9,11,4,0.0
5471,36.0,10,10,2,0.0
5472,42.0,11,9,2,1769020160.0
5473,40.0,11,9,3,0.0
5474,14.0,8,12,7,0.0
5475,42.0,11,9,2,0.0
5476,30.0,11,9,8,0.0
5477,32.0,10,10,4,0.0
5478,36.0,10,10,2,0.0
5479,56.0,14,6,4,0.0
5480,10.0,5,15,0,0.0
5481,24.0,8,12,2,0.0
5482,40.0,12,8,6,0.0
5483,54.0,13,7,2,0.0
5484,38.0,10,10,1,0.0
5485,8.0,5,15,1,0.0
5486,16.0,7,13,3,0.0
5487,42.0,12,8,5,0.0
5488,38.0,10,10,1,0.0
5489,30.0,9,11,2,0.0
5490,54.0,14,6,5,0.0
5491,30.0,9,11,2,0.0
5492,36.0,10,10,2,0.0
5493,52.0,13,7,3,0.0
5494,50.0,12,8,1,0.0
5495,42.0,12,8,5,0.0
5496,14.0,7,13,4,0.0
5497,30.0,9,11,2,0.0
5498,32.0,9,11,1,0.0
5499,16.0,7,13,3,0.0
5500,16.0,7,13,3,0.0
5501,40.0,11,9,3,0.0
5502,54.0,14,6,5,0.0
5503,30.0,9,11,2,0.0
5504,42.0,11,9,2,92146864.0
5505,20.0,8,12,4,0.0
5506,10.0,6,14,3,0.0
5507,58.0,14,6,3,0.0
5508,-8.0,4,16,6,0.0
5509,14.0,7,13,4,0.0
5510,32.0,9,11,1,0.0
5511,36.0,10,10,2,0.0
5512,30.0,9,11,2,0.0
5513,14.0,6,14,1,0.0
5514,34.0,10,10,3,0.0
5515,46.0,11,9,0,0.0
5516,24.0,8,12,2,0.0
5517,40.0,11,9,3,0.0
5518,48.0,12,8,2,0.0
5519,4.0,5,15,3,0.0
5520,12.0,6,14,2,0.0
5521,34.0,9,11,0,0.0
5522,12.0,7,13,5,0.0
5523,14.0,7,13,4,0.0
5524,44.0,11,9,1,0.0
5525,28.0,10,10,6,0.0
5526,8.0,6,14,4,0.0
5527,36.0,10,10,2,0.0
5528,18.0,8,12,5,0.0
5529,38.0,10,10,1,0.0
5530,14.0,7,13,4,0.0
5531,42.0,11,9,2,0.0
5532,38.0,11,9,4,0.0
5533,52.0,12,8,0,0.0
5534,38.0,10,10,1,0.0
5535,36.0,10,10,2,0.0
5536,42.0,11,9,2,44493432.0
5537,30.0,9,11,2,0.0
5538,8.0,6,14,4,0.0
5539,32.0,9,11,1,0.0
5540,34.0,10,10,3,0.0
5541,36.0,10,10,2,0.0
5542,14.0,6,14,1,0.0
5543,40.0,11,9,3,0.0
5544,50.0,13,7,4,0.0
5545,42.0,11,9,2,0.0
5546,60.0,14,6,2,0.0
5547,40.0,10,10,0,0.0
5548,32.0,10,10,4,0.0
5549,18.0,7,13,2,0.0
5550,12.0,6,14,2,0.0
5551,34.0,10,10,3,0.0
5552,22.0,8,12,3,0.0
5553,10.0,6,14,3,0.0
5554,32.0,9,11,1,0.0
5555,24.0,8,12,2,0.0
5556,30.0,10,10,5,0.0
5557,22.0,9,11,6,0.0
5558,66.0,15,5,2,0.0
5559,42.0,11,9,2,0.0
5560,16.0,7,13,3,0.0
5561,62.0,14,6,1,0.0
5562,38.0,10,10,1,0.0
5563,20.0,8,12,4,0.0
5564,38.0,11,9,4,0.0
5565,20.0,8,12,4,0.0
5566,22.0,8,12,3,0.0
5567,28.0,9,11,3,0.0
5568,36.0,10,10,2,7448355840.0
5569,38.0,10,10,1,0.0
5570,2.0,4,16,1,0.0
5571,36.0,10,10,2,0.0
5572,22.0,8,12,3,0.0
5573,36.0,10,10,2,0.0
5574,32.0,9,11,1,0.0
5575,36.0,10,10,2,0.0
5576,24.0,8,12,2,0.0
5577,34.0,9,11,0,0.0
5578,46.0,12,8,3,0.0
5579,16.0,7,13,3,0.0
5580,24.0,8,12,2,0.0
5581,50.0,12,8,1,0.0
5582,14.0,6,14,1,0.0
5583,46.0,11,9,0,0.0
5584,50.0,12,8,1,0.0
5585,30.0,9,11,2,0.0
5586,24.0,9,11,5,0.0
5587,44.0,11,9,1,0.0
5588,30.0,9,11,2,0.0
5589,42.0,11,9,2,0.0
5590,30.0,9,11,2,0.0
5591,34.0,10,10,3,0.0
5592,36.0,10,10,2,0.0
5593,40.0,11,9,3,0.0
5594,48.0,12,8,2,0.0
5595,28.0,9,11,3,0.0
5596,30.0,9,11,2,0.0
5597,60.0,14,6,2,0.0
5598,48.0,12,8,2,0.0
5599,32.0,9,11,1,0.0
5600,30.0,10,10,5,1783425408.0
5601,20.0,7,13,1,0.0
5602,36.0,10,10,2,0.0
5603,24.0,8,12,2,0.0
5604,26.0,9,11,4,0.0
5605,22.0,8,12,3,0.0
5606,10.0,7,13,6,0.0
5607,32.0,9,11,1,0.0
5608,26.0,9,11,4,0.0
5609,56.0,13,7,1,0.0
5610,42.0,11,9,2,0.0
5611,8.0,6,14,4,0.0
5612,0.0,4,16,2,0.0
5613,62.0,15,5,4,0.0
5614,28.0,9,11,3,0.0
5615,26.0,9,11,4,0.0
5616,20.0,8,12,4,0.0
5617,14.0,7,13,4,0.0
5618,34.0,10,10,3,0.0
5619,20.0,7,13,1,0.0
5620,34.0,10,10,3,0.0
5621,24.0,8,12,2,0.0
5622,42.0,12,8,5,0.0
5623,18.0,7,13,2,0.0
5624,50.0,13,7,4,0.0
5625,34.0,9,11,0,0.0
5626,50.0,12,8,1,0.0
5627,34.0,10,10,3,0.0
5628,6.0,6,14,5,0.0
5629,26.0,8,12,1,0.0
5630,32.0,10,10,4,0.0
5631,56.0,14,6,4,0.0
5632,20.0,7,13,1,1893329920.0
5633,14.0,7,13,4,0.0
5634,42.0,11,9,2,0.0
5635,46.0,12,8,3,0.0
5636,42.0,11,9,2,0.0
5637,12.0,6,14,2,0.0
5638,28.0,8,12,0,0.0
5639,22.0,8,12,3,0.0
5640,48.0,12,8,2,0.0
5641,10.0,6,14,3,0.0
5642,54.0,14,6,5,0.0
5643,8.0,5,15,1,0.0
5644,16.0,7,13,3,0.0
5645,58.0,14,6,3,0.0
5646,40.0,11,9,3,0.0
5647,40.0,11,9,3,0.0
5648,4.0,6,14,6,0.0
5649,20.0,8,12,4,0.0
5650,40.0,10,10,0,0.0
5651,32.0,10,10,4,0.0
5652,18.0,8,12,5,0.0
5653,16.0,7,13,3,0.0
5654,22.0,8,12,3,0.0
5655,30.0,9,11,2,0.0
5656,36.0,10,10,2,0.0
5657,38.0,10,10,1,0.0
5658,32.0,9,11,1,0.0
5659,10.0,5,15,0,0.0
5660,14.0,7,13,4,0.0
5661,50.0,12,8,1,0.0
5662,22.0,9,11,6,0.0
5663,34.0,10,10,3,0.0
5664,44.0,11,9,1,7425270.0
5665,50.0,13,7,4,0.0
5666,38.0,10,10,1,0.0
5667,6.0,5,15,2,0.0
5668,34.0,10,10,3,0.0
5669,24.0,8,12,2,0.0
5670,24.0,9,11,5,0.0
5671,28.0,9,11,3,0.0
5672,36.0,10,10,2,0.0
5673,20.0,7,13,1,0.0
5674,28.0,8,12,0,0.0
5675,14.0,7,13,4,0.0
5676,42.0,11,9,2,0.0
5677,48.0,12,8,2,0.0
5678,24.0,8,12,2,0.0
5679,50.0,12,8,1,0.0
5680,26.0,9,11,4,0.0
5681,32.0,10,10,4,0.0
5682,26.0,9,11,4,0.0
5683,58.0,13,7,0,0.0
5684,26.0,8,12,1,0.0
5685,32.0,10,10,4,0.0
5686,28.0,9,11,3,0.0
5687,28.0,9,11,3,0.0
5688,-2.0,4,16,3,0.0
5689,28.0,9,11,3,0.0
5690,42.0,11,9,2,0.0
5691,30.0,9,11,2,0.0
5692,22.0,7,13,0,0.0
5693,32.0,9,11,1,0.0
5694,18.0,7,13,2,0.0
5695,26.0,8,12,1,0.0
5696,8.0,5,15,1,100169629696.0
5697,40.0,12,8,6,0.0
5698,44.0,12,8,4,0.0
5699,34.0,10,10,3,0.0
5700,14.0,7,13,4,0.0
5701,40.0,11,9,3,0.0
5702,14.0,7,13,4,0.0
5703,12.0,7,13,5,0.0
5704,52.0,13,7,3,0.0
5705,32.0,9,11,1,0.0
5706,24.0,8,12,2,0.0
5707,6.0,6,14,5,0.0
5708,22.0,8,12,3,0.0
5709,14.0,7,13,4,0.0
5710,46.0,12,8,3,0.0
5711,28.0,9,11,3,0.0
5712,36.0,10,10,2,0.0
5713,26.0,8,12,1,0.0
5714,14.0,8,12,7,0.0
5715,66.0,15,5,2,0.0
5716,12.0,6,14,2,0.0
5717,40.0,11,9,3,0.0
5718,14.0,6,14,1,0.0
5719,42.0,11,9,2,0.0
5720,44.0,12,8,4,0.0
5721,26.0,9,11,4,0.0
5722,52.0,13,7,3,0.0
5723,36.0,10,10,2,0.0
5724,28.0,9,11,3,0.0
5725,28.0,8,12,0,0.0
5726,36.0,10,10,2,0.0
5727,-6.0,4,16,5,0.0
5728,38.0,10,10,1,212264224.0
5729,30.0,9,11,2,0.0
5730,18.0,8,12,5,0.0
5731,46.0,12,8,3,0.0
5732,8.0,5,15,1,0.0
5733,38.0,11,9,4,0.0
5734,22.0,9,11,6,0.0
5735,36.0,10,10,2,0.0
5736,30.0,9,11,2,0.0
5737,14.0,7,13,4,0.0
5738,24.0,9,11,5,0.0
5739,46.0,12,8,3,0.0
5740,36.0,10,10,2,0.0
5741,32.0,9,11,1,0.0
5742,48.0,12,8,2,0.0
5743,30.0,9,11,2,0.0
5744,46.0,12,8,3,0.0
5745,48.0,12,8,2,0.0
5746,52.0,13,7,3,0.0
5747,46.0,11,9,0,0.0
5748,26.0,9,11,4,0.0
5749,44.0,12,8,4,0.0
5750,20.0,8,12,4,0.0
5751,32.0,9,11,1,0.0
5752,48.0,12,8,2,0.0
5753,34.0,10,10,3,0.0
5754,32.0,10,10,4,0.0
5755,4.0,5,15,3,0.0
5756,22.0,7,13,0,0.0
5757,18.0,7,13,2,0.0
5758,12.0,7,13,5,0.0
5759,36.0,10,10,2,0.0
5760,32.0,10,10,4,26129644.0
5761,48.0,12,8,2,0.0
5762,24.0,8,12,2,0.0
5763,30.0,9,11,2,0.0
5764,24.0,8,12,2,0.0
5765,42.0,12,8,5,0.0
5766,52.0,13,7,3,0.0
5767,10.0,6,14,3,0.0
5768,36.0,10,10,2,0.0
5769,14.0,7,13,4,0.0
5770,18.0,7,13,2,0.0
5771,34.0,10,10,3,0.0
5772,44.0,12,8,4,0.0
5773,58.0,14,6,3,0.0
5774,30.0,9,11,2,0.0
5775,50.0,12,8,1,0.0
5776,36.0,10,10,2,0.0
5777,38.0,10,10,1,0.0
5778,24.0,8,12,2,0.0
5779,40.0,11,9,3,0.0
5780,12.0,6,14,2,0.0
5781,6.0,5,15,2,0.0
5782,52.0,13,7,3,0.0
5783,36.0,10,10,2,0.0
5784,30.0,9,11,2,0.0
5785,12.0,7,13,5,0.0
5786,42.0,11,9,2,0.0
5787,20.0,7,13,1,0.0
5788,32.0,9,11,1,0.0
5789,56.0,13,7,1,0.0
5790,32.0,10,10,4,0.0
5791,40.0,11,9,3,0.0
5792,14.0,7,13,4,9642650624.0
5793,14.0,6,14,1,0.0
5794,32.0,9,11,1,0.0
5795,30.0,9,11,2,0.0
5796,54.0,14,6,5,0.0
5797,32.0,10,10,4,0.0
5798,36.0,10,10,2,0.0
5799,50.0,12,8,1,0.0
5800,42.0,11,9,2,0.0
5801,52.0,12,8,0,0.0
5802,22.0,8,12,3,0.0
5803,36.0,11,9,5,0.0
5804,44.0,11,9,1,0.0
5805,38.0,10,10,1,0.0
5806,42.0,11,9,2,0.0
5807,36.0,10,10,2,0.0
5808,24.0,9,11,5,0.0
5809,22.0,9,11,6,0.0
5810,28.0,9,11,3,0.0
5811,42.0,11,9,2,0.0
5812,28.0,9,11,3,0.0
5813,32.0,10,10,4,0.0
5814,42.0,11,9,2,0.0
5815,28.0,8,12,0,0.0
5816,12.0,6,14,2,0.0
5817,24.0,8,12,2,0.0
5818,42.0,11,9,2,0.0
5819,28.0,9,11,3,0.0
5820,10.0,6,14,3,0.0
5821,30.0,9,11,2,0.0
5822,46.0,12,8,3,0.0
5823,28.0,8,12,0,0.0
5824,18.0,7,13,2,183259888.0
5825,62.0,14,6,1,0.0
5826,36.0,10,10,2,0.0
5827,30.0,9,11,2,0.0
5828,26.0,9,11,4,0.0
5829,30.0,9,11,2,0.0
5830,34.0,9,11,0,0.0
5831,54.0,13,7,2,0.0
5832,30.0,10,10,5,0.0
5833,46.0,13,7,6,0.0
5834,56.0,13,7,1,0.0
5835,8.0,5,15,1,0.0
5836,40.0,10,10,0,0.0
5837,24.0,8,12,2,0.0
5838,40.0,12,8,6,0.0
5839,46.0,12,8,3,0.0
5840,42.0,11,9,2,0.0
5841,10.0,6,14,3,0.0
5842,32.0,10,10,4,0.0
5843,44.0,13,7,7,0.0
5844,40.0,11,9,3,0.0
5845,66.0,16,4,5,0.0
5846,20.0,8,12,4,0.0
5847,34.0,10,10,3,0.0
5848,38.0,10,10,1,0.0
5849,28.0,10,10,6,0.0
5850,44.0,11,9,1,0.0
5851,44.0,11,9,1,0.0
5852,32.0,10,10,4,0.0
5853,36.0,10,10,2,0.0
5854,30.0,9,11,2,0.0
5855,20.0,8,12,4,0.0
5856,36.0,11,9,5,9043515392.0
5857,6.0,5,15,2,0.0
5858,30.0,11,9,8,0.0
5859,26.0,8,12,1,0.0
5860,8.0,5,15,1,0.0
5861,50.0,12,8,1,0.0
5862,48.0,12,8,2,0.0
5863,26.0,8,12,1,0.0
5864,40.0,12,8,6,0.0
5865,46.0,12,8,3,0.0
5866,50.0,12,8,1,0.0
5867,24.0,8,12,2,0.0
5868,44.0,13,7,7,0.0
5869,2.0,4,16,1,0.0
5870,40.0,11,9,3,0.0
5871,38.0,10,10,1,0.0
5872,46.0,12,8,3,0.0
5873,44.0,12,8,4,0.0
5874,56.0,14,6,4,0.0
5875,24.0,8,12,2,0.0
5876,16.0,7,13,3,0.0
5877,32.0,9,11,1,0.0
5878,38.0,10,10,1,0.0
5879,2.0,5,15,4,0.0
5880,32.0,9,11,1,0.0
5881,48.0,12,8,2,0.0
5882,0.0,4,16,2,0.0
5883,38.0,10,10,1,0.0
5884,44.0,12,8,4,0.0
5885,24.0,8,12,2,0.0
5886,38.0,10,10,1,0.0
5887,44.0,12,8,4,0.0
5888,48.0,12,8,2,1195746560.0
5889,40.0,11,9,3,0.0
5890,30.0,10,10,5,0.0
5891,38.0,11,9,4,0.0
5892,28.0,8,12,0,0.0
5893,22.0,7,13,0,0.0
5894,24.0,8,12,2,0.0
5895,8.0,6,14,4,0.0
5896,26.0,9,11,4,0.0
5897,42.0,12,8,5,0.0
5898,46.0,11,9,0,0.0
5899,26.0,8,12,1,0.0
5900,22.0,8,12,3,0.0
5901,30.0,10,10,5,0.0
5902,40.0,10,10,0,0.0
5903,52.0,13,7,3,0.0
5904,52.0,13,7,3,0.0
5905,38.0,10,10,1,0.0
5906,14.0,7,13,4,0.0
5907,34.0,10,10,3,0.0
5908,34.0,10,10,3,0.0
5909,36.0,10,10,2,0.0
5910,52.0,12,8,0,0.0
5911,38.0,11,9,4,0.0
5912,20.0,8,12,4,0.0
5913,26.0,9,11,4,0.0
5914,38.0,11,9,4,0.0
5915,8.0,5,15,1,0.0
5916,18.0,8,12,5,0.0
5917,22.0,8,12,3,0.0
5918,30.0,9,11,2,0.0
5919,42.0,12,8,5,0.0
5920,42.0,11,9,2,75858392.0
5921,42.0,12,8,5,0.0
5922,6.0,5,15,2,0.0
5923,52.0,13,7,3,0.0
5924,28.0,9,11,3,0.0
5925,40.0,11,9,3,0.0
5926,34.0,10,10,3,0.0
5927,14.0,8,12,7,0.0
5928,32.0,9,11,1,0.0
5929,24.0,9,11,5,0.0
5930,12.0,6,14,2,0.0
5931,10.0,6,14,3,0.0
5932,18.0,7,13,2,0.0
5933,-10.0,3,17,4,0.0
5934,6.0,6,14,5,0.0
5935,40.0,10,10,0,0.0
5936,8.0,6,14,4,0.0
5937,30.0,10,10,5,0.0
5938,28.0,9,11,3,0.0
5939,30.0,9,11,2,0.0
5940,44.0,12,8,4,0.0
5941,52.0,13,7,3,0.0
5942,40.0,12,8,6,0.0
5943,40.0,11,9,3,0.0
5944,46.0,11,9,0,0.0
5945,52.0,13,7,3,0.0
5946,30.0,9,11,2,0.0
5947,42.0,11,9,2,0.0
5948,34.0,10,10,3,0.0
5949,16.0,6,14,0,0.0
5950,32.0,9,11,1,0.0
5951,42.0,11,9,2,0.0
5952,46.0,11,9,0,730615936.0
5953,26.0,9,11,4,0.0
5954,46.0,11,9,0,0.0
5955,56.0,13,7,1,0.0
5956,48.0,12,8,2,0.0
5957,48.0,12,8,2,0.0
5958,24.0,8,12,2,0.0
5959,20.0,7,13,1,0.0
5960,42.0,11,9,2,0.0
5961,38.0,10,10,1,0.0
5962,34.0,10,10,3,0.0
5963,32.0,10,10,4,0.0
5964,36.0,10,10,2,0.0
5965,34.0,10,10,3,0.0
5966,26.0,9,11,4,0.0
5967,38.0,11,9,4,0.0
5968,34.0,11,9,6,0.0
5969,10.0,6,14,3,0.0
5970,36.0,10,10,2,0.0
5971,38.0,10,10,1,0.0
5972,60.0,14,6,2,0.0
5973,62.0,15,5,4,0.0
5974,20.0,9,11,7,0.0
5975,32.0,10,10,4,0.0
5976,72.0,16,4,2,0.0
5977,26.0,8,12,1,0.0
5978,32.0,10,10,4,0.0
5979,62.0,14,6,1,0.0
5980,44.0,12,8,4,0.0
5981,64.0,15,5,3,0.0
5982,40.0,11,9,3,0.0
5983,42.0,11,9,2,0.0
5984,12.0,6,14,2,353629568.0
5985,34.0,11,9,6,0.0
5986,14.0,6,14,1,0.0
5987,12.0,6,14,2,0.0
5988,48.0,12,8,2,0.0
5989,30.0,9,11,2,0.0
5990,40.0,11,9,3,0.0
5991,50.0,13,7,4,0.0
5992,44.0,11,9,1,0.0
5993,52.0,13,7,3,0.0
5994,34.0,10,10,3,0.0
5995,34.0,10,10,3,0.0
5996,38.0,11,9,4,0.0
5997,36.0,10,10,2,0.0
5998,34.0,9,11,0,0.0
5999,26.0,9,11,4,0.0
6000,32.0,9,11,1,0.0
6001,48.0,13,7,5,0.0
6002,48.0,12,8,2,0.0
6003,28.0,9,11,3,0.0
6004,40.0,11,9,3,0.0
6005,14.0,6,14,1,0.0
6006,28.0,9,11,3,0.0
6007,10.0,6,14,3,0.0
6008,34.0,10,10,3,0.0
6009,36.0,10,10,2,0.0
6010,36.0,10,10,2,0.0
6011,38.0,10,10,1,0.0
6012,34.0,10,10,3,0.0
6013,34.0,11,9,6,0.0
6014,22.0,8,12,3,0.0
6015,10.0,5,15,0,0.0
6016,44.0,12,8,4,59763302400.0
6017,40.0,11,9,3,0.0
6018,36.0,10,10,2,0.0
6019,24.0,8,12,2,0.0
6020,36.0,10,10,2,0.0
6021,36.0,10,10,2,0.0
6022,10.0,6,14,3,0.0
6023,22.0,8,12,3,0.0
6024,26.0,8,12,1,0.0
6025,68.0,15,5,1,0.0
6026,32.0,9,11,1,0.0
6027,30.0,9,11,2,0.0
6028,36.0,10,10,2,0.0
6029,48.0,12,8,2,0.0
6030,16.0,7,13,3,0.0
6031,14.0,6,14,1,0.0
6032,34.0,10,10,3,0.0
6033,24.0,8,12,2,0.0
6034,30.0,9,11,2,0.0
6035,32.0,9,11,1,0.0
6036,22.0,8,12,3,0.0
6037,20.0,8,12,4,0.0
6038,22.0,8,12,3,0.0
6039,30.0,9,11,2,0.0
6040,50.0,13,7,4,0.0
6041,34.0,10,10,3,0.0
6042,38.0,11,9,4,0.0
6043,26.0,9,11,4,0.0
6044,48.0,13,7,5,0.0
6045,58.0,14,6,3,0.0
6046,26.0,9,11,4,0.0
6047,46.0,11,9,0,0.0
6048,12.0,6,14,2,2483856.25
6049,16.0,7,13,3,0.0
6050,46.0,12,8,3,0.0
6051,28.0,9,11,3,0.0
6052,32.0,10,10,4,0.0
6053,52.0,12,8,0,0.0
6054,42.0,11,9,2,0.0
6055,54.0,13,7,2,0.0
6056,24.0,9,11,5,0.0
6057,40.0,11,9,3,0.0
6058,22.0,8,12,3,0.0
6059,36.0,10,10,2,0.0
6060,42.0,11,9,2,0.0
6061,42.0,11,9,2,0.0
6062,12.0,7,13,5,0.0
6063,40.0,11,9,3,0.0
6064,30.0,9,11,2,0.0
6065,44.0,11,9,1,0.0
6066,28.0,8,12,0,0.0
6067,36.0,10,10,2,0.0
6068,30.0,9,11,2,0.0
6069,38.0,11,9,4,0.0
6070,30.0,10,10,5,0.0
6071,30.0,10,10,5,0.0
6072,30.0,9,11,2,0.0
6073,48.0,12,8,2,0.0
6074,40.0,11,9,3,0.0
6075,42.0,11,9,2,0.0
6076,32.0,9,11,1,0.0
6077,32.0,9,11,1,0.0
6078,34.0,10,10,3,0.0
6079,40.0,10,10,0,0.0
6080,28.0,9,11,3,13680151.0
6081,10.0,6,14,3,0.0
6082,12.0,6,14,2,0.0
6083,16.0,7,13,3,0.0
6084,32.0,10,10,4,0.0
6085,46.0,11,9,0,0.0
6086,18.0,7,13,2,0.0
6087,20.0,8,12,4,0.0
6088,44.0,11,9,1,0.0
6089,22.0,9,11,6,0.0
6090,14.0,6,14,1,0.0
6091,18.0,7,13,2,0.0
6092,52.0,12,8,0,0.0
6093,28.0,9,11,3,0.0
6094,42.0,12,8,5,0.0
6095,10.0,7,13,6,0.0
6096,26.0,9,11,4,0.0
6097,24.0,8,12,2,0.0
6098,62.0,15,5,4,0.0
6099,40.0,11,9,3,0.0
6100,44.0,11,9,1,0.0
6101,24.0,8,12,2,0.0
6102,50.0,12,8,1,0.0
6103,32.0,9,11,1,0.0
6104,14.0,6,14,1,0.0
6105,18.0,7,13,2,0.0
6106,30.0,10,10,5,0.0
6107,48.0,13,7,5,0.0
6108,40.0,11,9,3,0.0
6109,42.0,11,9,2,0.0
6110,40.0,11,9,3,0.0
6111,24.0,8,12,2,0.0
6112,44.0,11,9,1,339109314560.0
6113,38.0,11,9,4,0.0
6114,44.0,12,8,4,0.0
6115,42.0,11,9,2,0.0
6116,36.0,10,10,2,0.0
6117,50.0,12,8,1,0.0
6118,42.0,12,8,5,0.0
6119,30.0,9,11,2,0.0
6120,30.0,9,11,2,0.0
6121,30.0,10,10,5,0.0
6122,48.0,12,8,2,0.0
6123,48.0,12,8,2,0.0
6124,42.0,11,9,2,0.0
6125,44.0,12,8,4,0.0
6126,12.0,6,14,2,0.0
6127,42.0,11,9,2,0.0
6128,12.0,6,14,2,0.0
6129,12.0,6,14,2,0.0
6130,12.0,6,14,2,0.0
6131,22.0,9,11,6,0.0
6132,62.0,14,6,1,0.0
6133,36.0,10,10,2,0.0
6134,24.0,8,12,2,0.0
6135,10.0,6,14,3,0.0
6136,58.0,14,6,3,0.0
6137,26.0,9,11,4,0.0
6138,40.0,10,10,0,0.0
6139,38.0,10,10,1,0.0
6140,26.0,9,11,4,0.0
6141,58.0,13,7,0,0.0
6142,18.0,7,13,2,0.0
6143,32.0,9,11,1,0.0
6144,34.0,10,10,3,860009280.0
6145,30.0,9,11,2,0.0
6146,42.0,12,8,5,0.0
6147,42.0,11,9,2,0.0
6148,54.0,13,7,2,0.0
6149,54.0,13,7,2,0.0
6150,38.0,11,9,4,0.0
6151,40.0,10,10,0,0.0
6152,24.0,8,12,2,0.0
6153,34.0,10,10,3,0.0
6154,32.0,9,11,1,0.0
6155,38.0,10,10,1,0.0
6156,44.0,11,9,1,0.0
6157,58.0,13,7,0,0.0
6158,40.0,10,10,0,0.0
6159,44.0,11,9,1,0.0
6160,34.0,10,10,3,0.0
6161,20.0,7,13,1,0.0
6162,40.0,11,9,3,0.0
6163,76.0,16,4,0,0.0
6164,10.0,6,14,3,0.0
6165,12.0,7,13,5,0.0
6166,44.0,11,9,1,0.0
6167,18.0,7,13,2,0.0
6168,26.0,10,10,7,0.0
6169,14.0,7,13,4,0.0
6170,12.0,6,14,2,0.0
6171,26.0,9,11,4,0.0
6172,64.0,15,5,3,0.0
6173,16.0,7,13,3,0.0
6174,32.0,9,11,1,0.0
6175,44.0,12,8,4,0.0
6176,38.0,11,9,4,31517482.0
6177,28.0,9,11,3,0.0
6178,36.0,10,10,2,0.0
6179,46.0,12,8,3,0.0
6180,40.0,11,9,3,0.0
6181,32.0,10,10,4,0.0
6182,28.0,9,11,3,0.0
6183,26.0,8,12,1,0.0
6184,58.0,13,7,0,0.0
6185,48.0,12,8,2,0.0
6186,14.0,6,14,1,0.0
6187,26.0,9,11,4,0.0
6188,34.0,10,10,3,0.0
6189,16.0,7,13,3,0.0
6190,38.0,11,9,4,0.0
6191,26.0,9,11,4,0.0
6192,56.0,14,6,4,0.0
6193,36.0,10,10,2,0.0
6194,48.0,13,7,5,0.0
6195,38.0,12,8,7,0.0
6196,36.0,10,10,2,0.0
6197,42.0,12,8,5,0.0
6198,20.0,8,12,4,0.0
6199,20.0,7,13,1,0.0
6200,34.0,10,10,3,0.0
6201,32.0,10,10,4,0.0
6202,36.0,10,10,2,0.0
6203,32.0,9,11,1,0.0
6204,16.0,7,13,3,0.0
6205,52.0,13,7,3,0.0
6206,64.0,15,5,3,0.0
6207,36.0,11,9,5,0.0
6208,18.0,7,13,2,19240212480.0
6209,26.0,8,12,1,0.0
6210,48.0,12,8,2,0.0
6211,28.0,10,10,6,0.0
6212,24.0,8,12,2,0.0
6213,40.0,11,9,3,0.0
6214,44.0,11,9,1,0.0
6215,32.0,9,11,1,0.0
6216,46.0,12,8,3,0.0
6217,6.0,6,14,5,0.0
6218,34.0,10,10,3,0.0
6219,30.0,9,11,2,0.0
6220,34.0,9,11,0,0.0
6221,22.0,8,12,3,0.0
6222,36.0,10,10,2,0.0
6223,38.0,10,10,1,0.0
6224,34.0,10,10,3,0.0
6225,50.0,13,7,4,0.0
6226,36.0,10,10,2,0.0
6227,50.0,13,7,4,0.0
6228,32.0,9,11,1,0.0
6229,34.0,10,10,3,0.0
6230,52.0,13,7,3,0.0
6231,42.0,11,9,2,0.0
6232,26.0,9,11,4,0.0
6233,46.0,12,8,3,0.0
6234,22.0,7,13,0,0.0
6235,34.0,9,11,0,0.0
6236,20.0,8,12,4,0.0
6237,34.0,10,10,3,0.0
6238,26.0,8,12,1,0.0
6239,22.0,8,12,3,0.0
6240,16.0,8,12,6,10047660032.0
6241,26.0,8,12,1,0.0
6242,22.0,8,12,3,0.0
6243,62.0,14,6,1,0.0
6244,44.0,11,9,1,0.0
6245,-2.0,5,15,6,0.0
6246,38.0,10,10,1,0.0
6247,20.0,8,12,4,0.0
6248,56.0,13,7,1,0.0
6249,8.0,6,14,4,0.0
6250,26.0,9,11,4,0.0
6251,26.0,10,10,7,0.0
6252,38.0,11,9,4,0.0
6253,10.0,6,14,3,0.0
6254,34.0,10,10,3,0.0
6255,24.0,8,12,2,0.0
6256,18.0,7,13,2,0.0
6257,34.0,9,11,0,0.0
6258,56.0,14,6,4,0.0
6259,34.0,9,11,0,0.0
6260,34.0,12,8,9,0.0
6261,46.0,12,8,3,0.0
6262,12.0,7,13,5,0.0
6263,40.0,11,9,3,0.0
6264,38.0,11,9,4,0.0
6265,46.0,12,8,3,0.0
6266,16.0,7,13,3,0.0
6267,40.0,10,10,0,0.0
6268,18.0,7,13,2,0.0
6269,46.0,12,8,3,0.0
6270,44.0,12,8,4,0.0
6271,20.0,8,12,4,0.0
6272,10.0,7,13,6,82875506688.0
6273,34.0,9,11,0,0.0
6274,36.0,10,10,2,0.0
6275,24.0,9,11,5,0.0
6276,38.0,11,9,4,0.0
6277,42.0,11,9,2,0.0
6278,38.0,11,9,4,0.0
6279,22.0,7,13,0,0.0
6280,20.0,8,12,4,0.0
6281,24.0,9,11,5,0.0
6282,30.0,9,11,2,0.0
6283,18.0,9,11,8,0.0
6284,30.0,9,11,2,0.0
6285,34.0,10,10,3,0.0
6286,22.0,8,12,3,0.0
6287,32.0,9,11,1,0.0
6288,26.0,8,12,1,0.0
6289,44.0,11,9,1,0.0
6290,38.0,10,10,1,0.0
6291,28.0,8,12,0,0.0
6292,24.0,8,12,2,0.0
6293,30.0,9,11,2,0.0
6294,38.0,11,9,4,0.0
6295,32.0,9,11,1,0.0
6296,24.0,8,12,2,0.0
6297,34.0,10,10,3,0.0
6298,4.0,6,14,6,0.0
6299,38.0,11,9,4,0.0
6300,46.0,11,9,0,0.0
6301,44.0,11,9,1,0.0
6302,22.0,7,13,0,0.0
6303,30.0,10,10,5,0.0
6304,48.0,12,8,2,49534935040.0
6305,14.0,6,14,1,0.0
6306,40.0,11,9,3,0.0
6307,10.0,6,14,3,0.0
6308,14.0,7,13,4,0.0
6309,22.0,8,12,3,0.0
6310,34.0,11,9,6,0.0
6311,46.0,12,8,3,0.0
6312,50.0,12,8,1,0.0
6313,22.0,8,12,3,0.0
6314,36.0,10,10,2,0.0
6315,38.0,11,9,4,0.0
6316,26.0,8,12,1,0.0
6317,44.0,11,9,1,0.0
6318,58.0,14,6,3,0.0
6319,34.0,10,10,3,0.0
6320,42.0,11,9,2,0.0
6321,30.0,9,11,2,0.0
6322,36.0,10,10,2,0.0
6323,24.0,8,12,2,0.0
6324,30.0,9,11,2,0.0
6325,26.0,9,11,4,0.0
6326,34.0,9,11,0,0.0
6327,44.0,11,9,1,0.0
6328,28.0,8,12,0,0.0
6329,32.0,9,11,1,0.0
6330,30.0,9,11,2,0.0
6331,38.0,10,10,1,0.0
6332,32.0,9,11,1,0.0
6333,54.0,13,7,2,0.0
6334,24.0,8,12,2,0.0
6335,52.0,12,8,0,0.0
6336,32.0,10,10,4,24061341696.0
6337,20.0,8,12,4,0.0
6338,38.0,11,9,4,0.0
6339,18.0,7,13,2,0.0
6340,18.0,7,13,2,0.0
6341,30.0,9,11,2,0.0
6342,44.0,13,7,7,0.0
6343,54.0,13,7,2,0.0
6344,28.0,8,12,0,0.0
6345,34.0,10,10,3,0.0
6346,26.0,8,12,1,0.0
6347,38.0,11,9,4,0.0
6348,24.0,8,12,2,0.0
6349,36.0,10,10,2,0.0
6350,8.0,5,15,1,0.0
6351,58.0,14,6,3,0.0
6352,44.0,11,9,1,0.0
6353,20.0,7,13,1,0.0
6354,34.0,10,10,3,0.0
6355,30.0,9,11,2,0.0
6356,54.0,13,7,2,0.0
6357,22.0,8,12,3,0.0
6358,44.0,11,9,1,0.0
6359,26.0,8,12,1,0.0
6360,22.0,8,12,3,0.0
6361,24.0,8,12,2,0.0
6362,26.0,9,11,4,0.0
6363,38.0,11,9,4,0.0
6364,36.0,10,10,2,0.0
6365,62.0,14,6,1,0.0
6366,22.0,7,13,0,0.0
6367,58.0,14,6,3,0.0
6368,14.0,7,13,4,333830389760.0
6369,48.0,12,8,2,0.0
6370,48.0,12,8,2,0.0
6371,60.0,14,6,2,0.0
6372,54.0,13,7,2,0.0
6373,20.0,7,13,1,0.0
6374,46.0,11,9,0,0.0
6375,22.0,8,12,3,0.0
6376,32.0,10,10,4,0.0
6377,24.0,8,12,2,0.0
6378,68.0,15,5,1,0.0
6379,22.0,8,12,3,0.0
6380,2.0,4,16,1,0.0
6381,28.0,9,11,3,0.0
6382,32.0,9,11,1,0.0
6383,36.0,10,10,2,0.0
6384,16.0,7,13,3,0.0
6385,26.0,8,12,1,0.0
6386,-4.0,3,17,1,0.0
6387,34.0,11,9,6,0.0
6388,44.0,11,9,1,0.0
6389,8.0,6,14,4,0.0
6390,16.0,7,13,3,0.0
6391,44.0,12,8,4,0.0
6392,2.0,5,15,4,0.0
6393,48.0,12,8,2,0.0
6394,32.0,10,10,4,0.0
6395,22.0,8,12,3,0.0
6396,46.0,11,9,0,0.0
6397,20.0,7,13,1,0.0
6398,36.0,11,9,5,0.0
6399,28.0,9,11,3,0.0
6400,22.0,8,12,3,1496714240.0
6401,24.0,8,12,2,0.0
6402,42.0,11,9,2,0.0
6403,50.0,12,8,1,0.0
6404,22.0,8,12,3,0.0
6405,56.0,13,7,1,0.0
6406,38.0,11,9,4,0.0
6407,18.0,8,12,5,0.0
6408,48.0,13,7,5,0.0
6409,56.0,13,7,1,0.0
6410,24.0,8,12,2,0.0
6411,22.0,8,12,3,0.0
6412,46.0,13,7,6,0.0
6413,40.0,11,9,3,0.0
6414,36.0,10,10,2,0.0
6415,30.0,9,11,2,0.0
6416,26.0,8,12,1,0.0
6417,6.0,5,15,2,0.0
6418,36.0,10,10,2,0.0
6419,18.0,8,12,5,0.0
6420,36.0,10,10,2,0.0
6421,54.0,13,7,2,0.0
6422,48.0,12,8,2,0.0
6423,30.0,9,11,2,0.0
6424,44.0,11,9,1,0.0
6425,30.0,9,11,2,0.0
6426,20.0,7,13,1,0.0
6427,38.0,10,10,1,0.0
6428,18.0,8,12,5,0.0
6429,34.0,9,11,0,0.0
6430,46.0,12,8,3,0.0
6431,34.0,10,10,3,0.0
6432,38.0,10,10,1,2417630720.0
6433,42.0,11,9,2,0.0
6434,16.0,7,13,3,0.0
6435,32.0,10,10,4,0.0
6436,12.0,6,14,2,0.0
6437,10.0,6,14,3,0.0
6438,46.0,12,8,3,0.0
6439,28.0,8,12,0,0.0
6440,18.0,7,13,2,0.0
6441,42.0,11,9,2,0.0
6442,32.0,9,11,1,0.0
6443,44.0,11,9,1,0.0
6444,38.0,11,9,4,0.0
6445,32.0,10,10,4,0.0
6446,40.0,11,9,3,0.0
6447,26.0,8,12,1,0.0
6448,52.0,12,8,0,0.0
6449,38.0,11,9,4,0.0
6450,48.0,12,8,2,0.0
6451,38.0,10,10,1,0.0
6452,22.0,8,12,3,0.0
6453,24.0,9,11,5,0.0
6454,20.0,8,12,4,0.0
6455,20.0,8,12,4,0.0
6456,60.0,14,6,2,0.0
6457,36.0,10,10,2,0.0
6458,26.0,9,11,4,0.0
6459,44.0,11,9,1,0.0
6460,60.0,14,6,2,0.0
6461,54.0,13,7,2,0.0
6462,40.0,11,9,3,0.0
6463,28.0,9,11,3,0.0
6464,50.0,12,8,1,20996184064.0
6465,36.0,10,10,2,0.0
6466,30.0,10,10,5,0.0
6467,18.0,7,13,2,0.0
6468,60.0,14,6,2,0.0
6469,44.0,11,9,1,0.0
6470,42.0,11,9,2,0.0
6471,40.0,11,9,3,0.0
6472,30.0,10,10,5,0.0
6473,48.0,13,7,5,0.0
6474,42.0,11,9,2,0.0
6475,30.0,9,11,2,0.0
6476,44.0,11,9,1,0.0
6477,46.0,12,8,3,0.0
6478,26.0,9,11,4,0.0
6479,12.0,6,14,2,0.0
6480,26.0,8,12,1,0.0
6481,16.0,7,13,3,0.0
6482,32.0,9,11,1,0.0
6483,32.0,9,11,1,0.0
6484,36.0,10,10,2,0.0
6485,20.0,8,12,4,0.0
6486,46.0,12,8,3,0.0
6487,24.0,8,12,2,0.0
6488,40.0,11,9,3,0.0
6489,42.0,11,9,2,0.0
6490,20.0,8,12,4,0.0
6491,8.0,6,14,4,0.0
6492,48.0,13,7,5,0.0
6493,18.0,7,13,2,0.0
6494,16.0,7,13,3,0.0
6495,14.0,6,14,1,0.0
6496,36.0,10,10,2,17747705856.0
6497,18.0,7,13,2,0.0
6498,34.0,11,9,6,0.0
6499,34.0,9,11,0,0.0
6500,12.0,7,13,5,0.0
6501,30.0,10,10,5,0.0
6502,44.0,11,9,1,0.0
6503,28.0,10,10,6,0.0
6504,26.0,8,12,1,0.0
6505,46.0,12,8,3,0.0
6506,12.0,7,13,5,0.0
6507,10.0,6,14,3,0.0
6508,42.0,11,9,2,0.0
6509,40.0,10,10,0,0.0
6510,16.0,6,14,0,0.0
6511,68.0,15,5,1,0.0
6512,34.0,10,10,3,0.0
6513,44.0,12,8,4,0.0
6514,46.0,12,8,3,0.0
6515,42.0,11,9,2,0.0
6516,32.0,9,11,1,0.0
6517,2.0,5,15,4,0.0
6518,34.0,9,11,0,0.0
6519,8.0,7,13,7,0.0
6520,40.0,11,9,3,0.0
6521,28.0,9,11,3,0.0
6522,38.0,10,10,1,0.0
6523,42.0,11,9,2,0.0
6524,22.0,8,12,3,0.0
6525,36.0,11,9,5,0.0
6526,12.0,7,13,5,0.0
6527,40.0,11,9,3,0.0
6528,54.0,14,6,5,213968502784.0
6529,32.0,9,11,1,0.0
6530,32.0,9,11,1,0.0
6531,38.0,11,9,4,0.0
6532,58.0,13,7,0,0.0
6533,32.0,9,11,1,0.0
6534,40.0,11,9,3,0.0
6535,30.0,9,11,2,0.0
6536,18.0,7,13,2,0.0
6537,22.0,8,12,3,0.0
6538,24.0,8,12,2,0.0
6539,20.0,8,12,4,0.0
6540,16.0,7,13,3,0.0
6541,42.0,11,9,2,0.0
6542,36.0,10,10,2,0.0
6543,32.0,10,10,4,0.0
6544,22.0,8,12,3,0.0
6545,52.0,13,7,3,0.0
6546,40.0,10,10,0,0.0
6547,52.0,13,7,3,0.0
6548,50.0,12,8,1,0.0
6549,34.0,10,10,3,0.0
6550,-12.0,3,17,5,0.0
6551,52.0,12,8,0,0.0
6552,34.0,9,11,0,0.0
6553,34.0,10,10,3,0.0
6554,36.0,10,10,2,0.0
6555,38.0,11,9,4,0.0
6556,44.0,11,9,1,0.0
6557,32.0,9,11,1,0.0
6558,52.0,13,7,3,0.0
6559,34.0,11,9,6,0.0
6560,36.0,10,10,2,177404624896.0
6561,22.0,9,11,6,0.0
6562,40.0,11,9,3,0.0
6563,50.0,12,8,1,0.0
6564,52.0,13,7,3,0.0
6565,36.0,11,9,5,0.0
6566,14.0,7,13,4,0.0
6567,32.0,11,9,7,0.0
6568,26.0,9,11,4,0.0
6569,30.0,10,10,5,0.0
6570,32.0,10,10,4,0.0
6571,42.0,11,9,2,0.0
6572,26.0,8,12,1,0.0
6573,42.0,12,8,5,0.0
6574,42.0,11,9,2,0.0
6575,26.0,9,11,4,0.0
6576,32.0,9,11,1,0.0
6577,34.0,10,10,3,0.0
6578,28.0,10,10,6,0.0
6579,32.0,10,10,4,0.0
6580,64.0,15,5,3,0.0
6581,22.0,9,11,6,0.0
6582,38.0,11,9,4,0.0
6583,12.0,7,13,5,0.0
6584,44.0,11,9,1,0.0
6585,44.0,11,9,1,0.0
6586,34.0,10,10,3,0.0
6587,44.0,12,8,4,0.0
6588,40.0,11,9,3,0.0
6589,40.0,10,10,0,0.0
6590,36.0,10,10,2,0.0
6591,52.0,12,8,0,0.0
6592,48.0,12,8,2,74455824.0
6593,62.0,14,6,1,0.0
6594,38.0,10,10,1,0.0
6595,26.0,9,11,4,0.0
6596,32.0,9,11,1,0.0
6597,18.0,7,13,2,0.0
6598,36.0,10,10,2,0.0
6599,38.0,10,10,1,0.0
6600,66.0,15,5,2,0.0
6601,62.0,14,6,1,0.0
6602,66.0,15,5,2,0.0
6603,12.0,6,14,2,0.0
6604,52.0,13,7,3,0.0
6605,48.0,12,8,2,0.0
6606,28.0,9,11,3,0.0
6607,24.0,8,12,2,0.0
6608,34.0,10,10,3,0.0
6609,40.0,12,8,6,0.0
6610,44.0,11,9,1,0.0
6611,26.0,8,12,1,0.0
6612,34.0,10,10,3,0.0
6613,32.0,10,10,4,0.0
6614,24.0,8,12,2,0.0
6615,62.0,14,6,1,0.0
6616,40.0,10,10,0,0.0
6617,26.0,9,11,4,0.0
6618,36.0,10,10,2,0.0
6619,58.0,14,6,3,0.0
6620,30.0,9,11,2,0.0
6621,20.0,8,12,4,0.0
6622,30.0,10,10,5,0.0
6623,38.0,10,10,1,0.0
6624,30.0,10,10,5,4392549888.0
6625,38.0,10,10,1,0.0
6626,40.0,10,10,0,0.0
6627,40.0,10,10,0,0.0
6628,28.0,8,12,0,0.0
6629,46.0,13,7,6,0.0
6630,46.0,11,9,0,0.0
6631,28.0,9,11,3,0.0
6632,18.0,8,12,5,0.0
6633,18.0,8,12,5,0.0
6634,18.0,7,13,2,0.0
6635,34.0,10,10,3,0.0
6636,14.0,6,14,1,0.0
6637,36.0,11,9,5,0.0
6638,48.0,12,8,2,0.0
6639,44.0,11,9,1,0.0
6640,30.0,9,11,2,0.0
6641,26.0,9,11,4,0.0
6642,20.0,7,13,1,0.0
6643,42.0,11,9,2,0.0
6644,22.0,8,12,3,0.0
6645,62.0,14,6,1,0.0
6646,22.0,7,13,0,0.0
6647,38.0,10,10,1,0.0
6648,30.0,9,11,2,0.0
6649,4.0,5,15,3,0.0
6650,42.0,11,9,2,0.0
6651,28.0,9,11,3,0.0
6652,22.0,8,12,3,0.0
6653,26.0,8,12,1,0.0
6654,16.0,7,13,3,0.0
6655,52.0,13,7,3,0.0
6656,60.0,14,6,2,2197515665408.0
6657,26.0,9,11,4,0.0
6658,46.0,12,8,3,0.0
6659,44.0,11,9,1,0.0
6660,20.0,7,13,1,0.0
6661,44.0,11,9,1,0.0
6662,34.0,10,10,3,0.0
6663,36.0,10,10,2,0.0
6664,40.0,11,9,3,0.0
6665,54.0,13,7,2,0.0
6666,30.0,9,11,2,0.0
6667,50.0,12,8,1,0.0
6668,38.0,10,10,1,0.0
6669,30.0,9,11,2,0.0
6670,44.0,11,9,1,0.0
6671,34.0,9,11,0,0.0
6672,54.0,13,7,2,0.0
6673,52.0,12,8,0,0.0
6674,24.0,9,11,5,0.0
6675,30.0,9,11,2,0.0
6676,40.0,11,9,3,0.0
6677,26.0,9,11,4,0.0
6678,20.0,7,13,1,0.0
6679,28.0,8,12,0,0.0
6680,40.0,10,10,0,0.0
6681,54.0,13,7,2,0.0
6682,44.0,12,8,4,0.0
6683,42.0,11,9,2,0.0
6684,50.0,14,6,7,0.0
6685,26.0,8,12,1,0.0
6686,32.0,9,11,1,0.0
6687,20.0,8,12,4,0.0
6688,46.0,12,8,3,49636528128.0
6689,46.0,12,8,3,0.0
6690,12.0,6,14,2,0.0
6691,22.0,8,12,3,0.0
6692,18.0,7,13,2,0.0
6693,24.0,8,12,2,0.0
6694,48.0,12,8,2,0.0
6695,30.0,9,11,2,0.0
6696,30.0,9,11,2,0.0
6697,52.0,13,7,3,0.0
6698,32.0,10,10,4,0.0
6699,32.0,9,11,1,0.0
6700,28.0,9,11,3,0.0
6701,14.0,7,13,4,0.0
6702,34.0,10,10,3,0.0
6703,30.0,9,11,2,0.0
6704,34.0,10,10,3,0.0
6705,36.0,10,10,2,0.0
6706,42.0,12,8,5,0.0
6707,44.0,11,9,1,0.0
6708,26.0,8,12,1,0.0
6709,42.0,12,8,5,0.0
6710,32.0,10,10,4,0.0
6711,40.0,11,9,3,0.0
6712,52.0,13,7,3,0.0
6713,44.0,11,9,1,0.0
6714,42.0,11,9,2,0.0
6715,22.0,7,13,0,0.0
6716,38.0,11,9,4,0.0
6717,20.0,9,11,7,0.0
6718,60.0,14,6,2,0.0
6719,48.0,12,8,2,0.0
6720,24.0,9,11,5,1882306944.0
6721,30.0,9,11,2,0.0
6722,22.0,8,12,3,0.0
6723,36.0,10,10,2,0.0
6724,40.0,10,10,0,0.0
6725,18.0,7,13,2,0.0
6726,38.0,10,10,1,0.0
6727,30.0,9,11,2,0.0
6728,38.0,10,10,1,0.0
6729,24.0,8,12,2,0.0
6730,28.0,10,10,6,0.0
6731,44.0,11,9,1,0.0
6732,48.0,12,8,2,0.0
6733,20.0,8,12,4,0.0
6734,24.0,8,12,2,0.0
6735,26.0,8,12,1,0.0
6736,18.0,8,12,5,0.0
6737,16.0,7,13,3,0.0
6738,30.0,10,10,5,0.0
6739,44.0,12,8,4,0.0
6740,24.0,8,12,2,0.0
6741,38.0,10,10,1,0.0
6742,42.0,12,8,5,0.0
6743,48.0,12,8,2,0.0
6744,48.0,12,8,2,0.0
6745,52.0,13,7,3,0.0
6746,36.0,10,10,2,0.0
6747,42.0,11,9,2,0.0
6748,24.0,9,11,5,0.0
6749,44.0,11,9,1,0.0
6750,46.0,11,9,0,0.0
6751,26.0,8,12,1,0.0
6752,20.0,8,12,4,9592379392.0
6753,54.0,13,7,2,0.0
6754,40.0,11,9,3,0.0
6755,12.0,7,13,5,0.0
6756,40.0,10,10,0,0.0
6757,42.0,11,9,2,0.0
6758,48.0,12,8,2,0.0
6759,40.0,11,9,3,0.0
6760,36.0,10,10,2,0.0
6761,22.0,8,12,3,0.0
6762,44.0,12,8,4,0.0
6763,18.0,7,13,2,0.0
6764,40.0,11,9,3,0.0
6765,14.0,7,13,4,0.0
6766,48.0,12,8,2,0.0
6767,30.0,10,10,5,0.0
6768,26.0,9,11,4,0.0
6769,32.0,9,11,1,0.0
6770,42.0,12,8,5,0.0
6771,26.0,9,11,4,0.0
6772,18.0,7,13,2,0.0
6773,38.0,10,10,1,0.0
6774,20.0,8,12,4,0.0
6775,40.0,11,9,3,0.0
6776,44.0,11,9,1,0.0
6777,48.0,12,8,2,0.0
6778,64.0,15,5,3,0.0
6779,26.0,9,11,4,0.0
6780,16.0,7,13,3,0.0
6781,54.0,13,7,2,0.0
6782,22.0,8,12,3,0.0
6783,44.0,11,9,1,0.0
6784,40.0,12,8,6,16440698880.0
6785,32.0,10,10,4,0.0
6786,32.0,10,10,4,0.0
6787,28.0,10,10,6,0.0
6788,30.0,9,11,2,0.0
6789,48.0,13,7,5,0.0
6790,36.0,10,10,2,0.0
6791,50.0,12,8,1,0.0
6792,54.0,13,7,2,0.0
6793,12.0,7,13,5,0.0
6794,54.0,13,7,2,0.0
6795,26.0,9,11,4,0.0
6796,38.0,10,10,1,0.0
6797,8.0,5,15,1,0.0
6798,4.0,5,15,3,0.0
6799,40.0,11,9,3,0.0
6800,16.0,6,14,0,0.0
6801,42.0,11,9,2,0.0
6802,52.0,12,8,0,0.0
6803,38.0,10,10,1,0.0
6804,40.0,10,10,0,0.0
6805,50.0,12,8,1,0.0
6806,36.0,10,10,2,0.0
6807,46.0,12,8,3,0.0
6808,42.0,11,9,2,0.0
6809,44.0,12,8,4,0.0
6810,14.0,7,13,4,0.0
6811,62.0,14,6,1,0.0
6812,32.0,9,11,1,0.0
6813,24.0,9,11,5,0.0
6814,42.0,11,9,2,0.0
6815,30.0,10,10,5,0.0
6816,22.0,8,12,3,42165796864.0
6817,40.0,12,8,6,0.0
6818,48.0,13,7,5,0.0
6819,54.0,13,7,2,0.0
6820,44.0,11,9,1,0.0
6821,30.0,9,11,2,0.0
6822,18.0,7,13,2,0.0
6823,36.0,10,10,2,0.0
6824,22.0,9,11,6,0.0
6825,50.0,12,8,1,0.0
6826,16.0,7,13,3,0.0
6827,30.0,10,10,5,0.0
6828,58.0,13,7,0,0.0
6829,38.0,10,10,1,0.0
6830,28.0,9,11,3,0.0
6831,40.0,11,9,3,0.0
6832,54.0,13,7,2,0.0
6833,68.0,16,4,4,0.0
6834,24.0,8,12,2,0.0
6835,32.0,9,11,1,0.0
6836,22.0,7,13,0,0.0
6837,32.0,9,11,1,0.0
6838,26.0,8,12,1,0.0
6839,60.0,15,5,5,0.0
6840,26.0,8,12,1,0.0
6841,48.0,12,8,2,0.0
6842,24.0,8,12,2,0.0
6843,44.0,11,9,1,0.0
6844,22.0,8,12,3,0.0
6845,30.0,9,11,2,0.0
6846,16.0,7,13,3,0.0
6847,28.0,9,11,3,0.0
6848,26.0,8,12,1,5854424064.0
6849,28.0,9,11,3,0.0
6850,30.0,10,10,5,0.0
6851,44.0,12,8,4,0.0
6852,28.0,10,10,6,0.0
6853,28.0,9,11,3,0.0
6854,58.0,14,6,3,0.0
6855,48.0,12,8,2,0.0
6856,22.0,8,12,3,0.0
6857,38.0,10,10,1,0.0
6858,44.0,11,9,1,0.0
6859,32.0,9,11,1,0.0
6860,44.0,11,9,1,0.0
6861,42.0,12,8,5,0.0
6862,46.0,12,8,3,0.0
6863,50.0,13,7,4,0.0
6864,44.0,11,9,1,0.0
6865,42.0,11,9,2,0.0
6866,52.0,12,8,0,0.0
6867,28.0,9,11,3,0.0
6868,46.0,12,8,3,0.0
6869,16.0,7,13,3,0.0
6870,20.0,7,13,1,0.0
6871,42.0,11,9,2,0.0
6872,38.0,10,10,1,0.0
6873,66.0,16,4,5,0.0
6874,40.0,11,9,3,0.0
6875,34.0,10,10,3,0.0
6876,54.0,13,7,2,0.0
6877,44.0,11,9,1,0.0
6878,32.0,9,11,1,0.0
6879,26.0,9,11,4,0.0
6880,32.0,9,11,1,2459655424.0
6881,38.0,11,9,4,0.0
6882,32.0,10,10,4,0.0
6883,28.0,8,12,0,0.0
6884,44.0,11,9,1,0.0
6885,54.0,13,7,2,0.0
6886,26.0,8,12,1,0.0
6887,36.0,10,10,2,0.0
6888,44.0,11,9,1,0.0
6889,44.0,11,9,1,0.0
6890,56.0,13,7,1,0.0
6891,26.0,8,12,1,0.0
6892,26.0,8,12,1,0.0
6893,38.0,11,9,4,0.0
6894,58.0,14,6,3,0.0
6895,18.0,7,13,2,0.0
6896,40.0,11,9,3,0.0
6897,38.0,11,9,4,0.0
6898,32.0,10,10,4,0.0
6899,64.0,14,6,0,0.0
6900,34.0,10,10,3,0.0
6901,2.0,4,16,1,0.0
6902,32.0,9,11,1,0.0
6903,22.0,8,12,3,0.0
6904,26.0,9,11,4,0.0
6905,46.0,12,8,3,0.0
6906,38.0,12,8,7,0.0
6907,34.0,10,10,3,0.0
6908,44.0,11,9,1,0.0
6909,28.0,8,12,0,0.0
6910,24.0,8,12,2,0.0
6911,40.0,10,10,0,0.0
6912,28.0,9,11,3,12465514496.0
6913,38.0,11,9,4,0.0
6914,48.0,12,8,2,0.0
6915,42.0,11,9,2,0.0
6916,38.0,10,10,1,0.0
6917,28.0,9,11,3,0.0
6918,40.0,11,9,3,0.0
6919,32.0,10,10,4,0.0
6920,52.0,13,7,3,0.0
6921,46.0,12,8,3,0.0
6922,24.0,9,11,5,0.0
6923,12.0,7,13,5,0.0
6924,36.0,10,10,2,0.0
6925,38.0,11,9,4,0.0
6926,28.0,9,11,3,0.0
6927,28.0,9,11,3,0.0
6928,24.0,8,12,2,0.0
6929,34.0,10,10,3,0.0
6930,18.0,7,13,2,0.0
6931,18.0,7,13,2,0.0
6932,28.0,9,11,3,0.0
6933,36.0,10,10,2,0.0
6934,30.0,9,11,2,0.0
6935,48.0,12,8,2,0.0
6936,26.0,8,12,1,0.0
6937,22.0,7,13,0,0.0
6938,28.0,8,12,0,0.0
6939,50.0,12,8,1,0.0
6940,18.0,7,13,2,0.0
6941,42.0,12,8,5,0.0
6942,52.0,12,8,0,0.0
6943,16.0,7,13,3,0.0
6944,44.0,11,9,1,165406432.0
6945,42.0,11,9,2,0.0
6946,16.0,7,13,3,0.0
6947,54.0,13,7,2,0.0
6948,58.0,14,6,3,0.0
6949,38.0,10,10,1,0.0
6950,50.0,12,8,1,0.0
6951,42.0,11,9,2,0.0
6952,8.0,6,14,4,0.0
6953,50.0,13,7,4,0.0
6954,42.0,12,8,5,0.0
6955,30.0,9,11,2,0.0
6956,32.0,10,10,4,0.0
6957,24.0,8,12,2,0.0
6958,28.0,9,11,3,0.0
6959,22.0,8,12,3,0.0
6960,24.0,9,11,5,0.0
6961,42.0,11,9,2,0.0
6962,34.0,10,10,3,0.0
6963,32.0,10,10,4,0.0
6964,34.0,10,10,3,0.0
6965,42.0,11,9,2,0.0
6966,38.0,10,10,1,0.0
6967,26.0,8,12,1,0.0
6968,44.0,11,9,1,0.0
6969,30.0,10,10,5,0.0
6970,60.0,14,6,2,0.0
6971,30.0,9,11,2,0.0
6972,14.0,7,13,4,0.0
6973,30.0,9,11,2,0.0
6974,32.0,9,11,1,0.0
6975,20.0,8,12,4,0.0
6976,42.0,11,9,2,424067744.0
6977,36.0,10,10,2,0.0
6978,36.0,10,10,2,0.0
6979,50.0,13,7,4,0.0
6980,22.0,8,12,3,0.0
6981,14.0,6,14,1,0.0
6982,20.0,8,12,4,0.0
6983,68.0,15,5,1,0.0
6984,36.0,10,10,2,0.0
6985,48.0,12,8,2,0.0
6986,6.0,6,14,5,0.0
6987,52.0,13,7,3,0.0
6988,12.0,7,13,5,0.0
6989,52.0,13,7,3,0.0
6990,48.0,12,8,2,0.0
6991,38.0,11,9,4,0.0
6992,28.0,9,11,3,0.0
6993,62.0,14,6,1,0.0
6994,28.0,9,11,3,0.0
6995,44.0,11,9,1,0.0
6996,22.0,7,13,0,0.0
6997,38.0,11,9,4,0.0
6998,26.0,8,12,1,0.0
6999,20.0,8,12,4,0.0
7000,38.0,11,9,4,0.0
7001,48.0,12,8,2,0.0
7002,52.0,13,7,3,0.0
7003,22.0,8,12,3,0.0
7004,62.0,15,5,4,0.0
7005,36.0,10,10,2,0.0
7006,36.0,10,10,2,0.0
7007,52.0,12,8,0,0.0
7008,44.0,11,9,1,4199.021809895833
7009,10.0,6,14,3,0.0
7010,28.0,9,11,3,0.0
7011,42.0,11,9,2,0.0
7012,46.0,12,8,3,0.0
7013,52.0,12,8,0,0.0
7014,32.0,9,11,1,0.0
7015,44.0,12,8,4,0.0
7016,12.0,6,14,2,0.0
7017,30.0,9,11,2,0.0
7018,28.0,8,12,0,0.0
7019,48.0,12,8,2,0.0
7020,30.0,9,11,2,0.0
7021,18.0,7,13,2,0.0
7022,20.0,8,12,4,0.0
7023,24.0,9,11,5,0.0
7024,38.0,11,9,4,0.0
7025,42.0,11,9,2,0.0
7026,26.0,8,12,1,0.0
7027,28.0,9,11,3,0.0
7028,36.0,10,10,2,0.0
7029,28.0,8,12,0,0.0
7030,52.0,12,8,0,0.0
7031,32.0,10,10,4,0.0
7032,50.0,12,8,1,0.0
7033,46.0,12,8,3,0.0
7034,24.0,9,11,5,0.0
7035,32.0,10,10,4,0.0
7036,50.0,12,8,1,0.0
7037,20.0,7,13,1,0.0
7038,2.0,5,15,4,0.0
7039,56.0,13,7,1,0.0
7040,38.0,10,10,1,281766920192.0
7041,38.0,10,10,1,0.0
7042,16.0,7,13,3,0.0
7043,40.0,10,10,0,0.0
7044,20.0,7,13,1,0.0
7045,28.0,8,12,0,0.0
7046,40.0,11,9,3,0.0
7047,0.0,4,16,2,0.0
7048,18.0,7,13,2,0.0
7049,20.0,8,12,4,0.0
7050,34.0,10,10,3,0.0
7051,24.0,8,12,2,0.0
7052,22.0,8,12,3,0.0
7053,22.0,8,12,3,0.0
7054,26.0,9,11,4,0.0
7055,40.0,11,9,3,0.0
7056,24.0,8,12,2,0.0
7057,14.0,7,13,4,0.0
7058,44.0,12,8,4,0.0
7059,40.0,11,9,3,0.0
7060,30.0,9,11,2,0.0
7061,38.0,10,10,1,0.0
7062,44.0,11,9,1,0.0
7063,64.0,14,6,0,0.0
7064,32.0,9,11,1,0.0
7065,34.0,10,10,3,0.0
7066,32.0,9,11,1,0.0
7067,14.0,7,13,4,0.0
7068,42.0,11,9,2,0.0
7069,46.0,12,8,3,0.0
7070,24.0,8,12,2,0.0
7071,30.0,9,11,2,0.0
7072,44.0,11,9,1,14147741696.0
7073,50.0,13,7,4,0.0
7074,16.0,7,13,3,0.0
7075,30.0,9,11,2,0.0
7076,30.0,9,11,2,0.0
7077,38.0,10,10,1,0.0
7078,42.0,11,9,2,0.0
7079,32.0,9,11,1,0.0
7080,52.0,13,7,3,0.0
7081,26.0,8,12,1,0.0
7082,14.0,6,14,1,0.0
7083,36.0,11,9,5,0.0
7084,26.0,8,12,1,0.0
7085,58.0,15,5,6,0.0
7086,12.0,6,14,2,0.0
7087,36.0,11,9,5,0.0
7088,26.0,9,11,4,0.0
7089,34.0,10,10,3,0.0
7090,34.0,9,11,0,0.0
7091,38.0,10,10,1,0.0
7092,16.0,7,13,3,0.0
7093,24.0,8,12,2,0.0
7094,40.0,11,9,3,0.0
7095,48.0,12,8,2,0.0
7096,8.0,5,15,1,0.0
7097,38.0,11,9,4,0.0
7098,54.0,13,7,2,0.0
7099,38.0,10,10,1,0.0
7100,30.0,9,11,2,0.0
7101,32.0,10,10,4,0.0
7102,34.0,9,11,0,0.0
7103,42.0,11,9,2,0.0
7104,46.0,12,8,3,84159479808.0
7105,64.0,15,5,3,0.0
7106,36.0,10,10,2,0.0
7107,56.0,13,7,1,0.0
7108,30.0,9,11,2,0.0
7109,42.0,12,8,5,0.0
7110,28.0,9,11,3,0.0
7111,58.0,13,7,0,0.0
7112,36.0,10,10,2,0.0
7113,64.0,15,5,3,0.0
7114,14.0,7,13,4,0.0
7115,20.0,8,12,4,0.0
7116,50.0,12,8,1,0.0
7117,18.0,7,13,2,0.0
7118,32.0,9,11,1,0.0
7119,28.0,9,11,3,0.0
7120,48.0,12,8,2,0.0
7121,50.0,13,7,4,0.0
7122,42.0,11,9,2,0.0
7123,22.0,8,12,3,0.0
7124,24.0,10,10,8,0.0
7125,32.0,10,10,4,0.0
7126,12.0,6,14,2,0.0
7127,44.0,12,8,4,0.0
7128,30.0,9,11,2,0.0
7129,6.0,5,15,2,0.0
7130,50.0,12,8,1,0.0
7131,22.0,8,12,3,0.0
7132,26.0,8,12,1,0.0
7133,42.0,11,9,2,0.0
7134,54.0,13,7,2,0.0
7135,36.0,10,10,2,0.0
7136,18.0,7,13,2,1633757184.0
7137,24.0,8,12,2,0.0
7138,40.0,11,9,3,0.0
7139,28.0,8,12,0,0.0
7140,14.0,7,13,4,0.0
7141,32.0,9,11,1,0.0
7142,36.0,10,10,2,0.0
7143,26.0,8,12,1,0.0
7144,34.0,10,10,3,0.0
7145,42.0,11,9,2,0.0
7146,46.0,12,8,3,0.0
7147,38.0,11,9,4,0.0
7148,32.0,9,11,1,0.0
7149,16.0,7,13,3,0.0
7150,28.0,9,11,3,0.0
7151,20.0,8,12,4,0.0
7152,32.0,9,11,1,0.0
7153,44.0,11,9,1,0.0
7154,30.0,9,11,2,0.0
7155,38.0,10,10,1,0.0
7156,16.0,7,13,3,0.0
7157,22.0,7,13,0,0.0
7158,32.0,10,10,4,0.0
7159,10.0,6,14,3,0.0
7160,26.0,8,12,1,0.0
7161,38.0,11,9,4,0.0
7162,26.0,8,12,1,0.0
7163,60.0,14,6,2,0.0
7164,30.0,9,11,2,0.0
7165,26.0,8,12,1,0.0
7166,42.0,12,8,5,0.0
7167,54.0,13,7,2,0.0
7168,48.0,12,8,2,113621581824.0
7169,32.0,9,11,1,0.0
7170,38.0,10,10,1,0.0
7171,28.0,9,11,3,0.0
7172,42.0,11,9,2,0.0
7173,30.0,9,11,2,0.0
7174,34.0,10,10,3,0.0
7175,56.0,13,7,1,0.0
7176,16.0,6,14,0,0.0
7177,16.0,7,13,3,0.0
7178,46.0,12,8,3,0.0
7179,24.0,9,11,5,0.0
7180,36.0,11,9,5,0.0
7181,54.0,13,7,2,0.0
7182,16.0,7,13,3,0.0
7183,46.0,12,8,3,0.0
7184,38.0,10,10,1,0.0
7185,10.0,7,13,6,0.0
7186,46.0,12,8,3,0.0
7187,40.0,11,9,3,0.0
7188,14.0,6,14,1,0.0
7189,20.0,7,13,1,0.0
7190,30.0,9,11,2,0.0
7191,50.0,12,8,1,0.0
7192,42.0,11,9,2,0.0
7193,26.0,8,12,1,0.0
7194,26.0,9,11,4,0.0
7195,30.0,9,11,2,0.0
7196,52.0,13,7,3,0.0
7197,42.0,11,9,2,0.0
7198,24.0,8,12,2,0.0
7199,58.0,14,6,3,0.0
7200,14.0,6,14,1,143466017325056.0
7201,56.0,13,7,1,0.0
7202,52.0,13,7,3,0.0
7203,16.0,7,13,3,0.0
7204,26.0,9,11,4,0.0
7205,38.0,11,9,4,0.0
7206,28.0,11,9,9,0.0
7207,42.0,12,8,5,0.0
7208,44.0,11,9,1,0.0
7209,44.0,11,9,1,0.0
7210,48.0,12,8,2,0.0
7211,26.0,9,11,4,0.0
7212,32.0,9,11,1,0.0
7213,36.0,10,10,2,0.0
7214,20.0,7,13,1,0.0
7215,34.0,11,9,6,0.0
7216,48.0,12,8,2,0.0
7217,48.0,12,8,2,0.0
7218,42.0,11,9,2,0.0
7219,14.0,7,13,4,0.0
7220,26.0,8,12,1,0.0
7221,22.0,9,11,6,0.0
7222,12.0,7,13,5,0.0
7223,60.0,14,6,2,0.0
7224,22.0,8,12,3,0.0
7225,40.0,11,9,3,0.0
7226,28.0,8,12,0,0.0
7227,36.0,10,10,2,0.0
7228,32.0,10,10,4,0.0
7229,56.0,13,7,1,0.0
7230,28.0,9,11,3,0.0
7231,54.0,13,7,2,0.0
7232,46.0,11,9,0,223840384.0
7233,64.0,14,6,0,0.0
7234,34.0,10,10,3,0.0
7235,44.0,12,8,4,0.0
7236,42.0,11,9,2,0.0
7237,28.0,8,12,0,0.0
7238,58.0,14,6,3,0.0
7239,32.0,11,9,7,0.0
7240,66.0,15,5,2,0.0
7241,32.0,9,11,1,0.0
7242,24.0,9,11,5,0.0
7243,32.0,10,10,4,0.0
7244,38.0,10,10,1,0.0
7245,24.0,8,12,2,0.0
7246,40.0,11,9,3,0.0
7247,42.0,11,9,2,0.0
7248,44.0,11,9,1,0.0
7249,46.0,12,8,3,0.0
7250,38.0,11,9,4,0.0
7251,44.0,11,9,1,0.0
7252,40.0,10,10,0,0.0
7253,44.0,12,8,4,0.0
7254,64.0,14,6,0,0.0
7255,42.0,11,9,2,0.0
7256,66.0,15,5,2,0.0
7257,38.0,11,9,4,0.0
7258,30.0,10,10,5,0.0
7259,44.0,11,9,1,0.0
7260,58.0,14,6,3,0.0
7261,40.0,12,8,6,0.0
7262,26.0,9,11,4,0.0
7263,32.0,9,11,1,0.0
7264,56.0,13,7,1,1573146984448.0
7265,38.0,11,9,4,0.0
7266,38.0,11,9,4,0.0
7267,34.0,10,10,3,0.0
7268,38.0,11,9,4,0.0
7269,36.0,10,10,2,0.0
7270,32.0,10,10,4,0.0
7271,24.0,9,11,5,0.0
7272,52.0,13,7,3,0.0
7273,42.0,11,9,2,0.0
7274,52.0,13,7,3,0.0
7275,16.0,6,14,0,0.0
7276,58.0,14,6,3,0.0
7277,36.0,10,10,2,0.0
7278,30.0,9,11,2,0.0
7279,26.0,8,12,1,0.0
7280,42.0,11,9,2,0.0
7281,40.0,11,9,3,0.0
7282,12.0,6,14,2,0.0
7283,50.0,13,7,4,0.0
7284,34.0,10,10,3,0.0
7285,54.0,14,6,5,0.0
7286,40.0,13,7,9,0.0
7287,38.0,10,10,1,0.0
7288,30.0,9,11,2,0.0
7289,56.0,13,7,1,0.0
7290,66.0,15,5,2,0.0
7291,30.0,10,10,5,0.0
7292,42.0,11,9,2,0.0
7293,34.0,9,11,0,0.0
7294,54.0,13,7,2,0.0
7295,42.0,11,9,2,0.0
7296,46.0,12,8,3,25196353536.0
7297,42.0,11,9,2,0.0
7298,46.0,12,8,3,0.0
7299,54.0,13,7,2,0.0
7300,14.0,7,13,4,0.0
7301,28.0,9,11,3,0.0
7302,26.0,8,12,1,0.0
7303,42.0,11,9,2,0.0
7304,18.0,8,12,5,0.0
7305,32.0,9,11,1,0.0
7306,30.0,9,11,2,0.0
7307,30.0,9,11,2,0.0
7308,32.0,9,11,1,0.0
7309,28.0,10,10,6,0.0
7310,44.0,11,9,1,0.0
7311,30.0,9,11,2,0.0
7312,32.0,10,10,4,0.0
7313,16.0,7,13,3,0.0
7314,20.0,8,12,4,0.0
7315,54.0,13,7,2,0.0
7316,24.0,9,11,5,0.0
7317,34.0,9,11,0,0.0
7318,54.0,13,7,2,0.0
7319,24.0,8,12,2,0.0
7320,42.0,11,9,2,0.0
7321,36.0,10,10,2,0.0
7322,22.0,9,11,6,0.0
7323,50.0,13,7,4,0.0
7324,34.0,10,10,3,0.0
7325,42.0,11,9,2,0.0
7326,14.0,6,14,1,0.0
7327,34.0,10,10,3,0.0
7328,24.0,9,11,5,4091757056.0
7329,36.0,10,10,2,0.0
7330,38.0,11,9,4,0.0
7331,30.0,9,11,2,0.0
7332,12.0,6,14,2,0.0
7333,12.0,6,14,2,0.0
7334,38.0,11,9,4,0.0
7335,26.0,8,12,1,0.0
7336,56.0,15,5,7,0.0
7337,50.0,12,8,1,0.0
7338,24.0,8,12,2,0.0
7339,44.0,12,8,4,0.0
7340,0.0,4,16,2,0.0
7341,44.0,11,9,1,0.0
7342,48.0,12,8,2,0.0
7343,24.0,9,11,5,0.0
7344,42.0,11,9,2,0.0
7345,38.0,10,10,1,0.0
7346,24.0,8,12,2,0.0
7347,32.0,11,9,7,0.0
7348,38.0,10,10,1,0.0
7349,52.0,13,7,3,0.0
7350,38.0,10,10,1,0.0
7351,10.0,5,15,0,0.0
7352,30.0,9,11,2,0.0
7353,56.0,14,6,4,0.0
7354,46.0,12,8,3,0.0
7355,16.0,8,12,6,0.0
7356,26.0,9,11,4,0.0
7357,40.0,11,9,3,0.0
7358,56.0,13,7,1,0.0
7359,28.0,9,11,3,0.0
7360,22.0,8,12,3,2428404224.0
7361,34.0,10,10,3,0.0
7362,28.0,9,11,3,0.0
7363,32.0,9,11,1,0.0
7364,50.0,13,7,4,0.0
7365,40.0,11,9,3,0.0
7366,38.0,10,10,1,0.0
7367,56.0,13,7,1,0.0
7368,50.0,12,8,1,0.0
7369,4.0,6,14,6,0.0
7370,32.0,9,11,1,0.0
7371,42.0,11,9,2,0.0
7372,26.0,8,12,1,0.0
7373,58.0,14,6,3,0.0
7374,32.0,9,11,1,0.0
7375,36.0,11,9,5,0.0
7376,28.0,9,11,3,0.0
7377,8.0,6,14,4,0.0
7378,28.0,9,11,3,0.0
7379,56.0,13,7,1,0.0
7380,0.0,4,16,2,0.0
7381,34.0,10,10,3,0.0
7382,34.0,10,10,3,0.0
7383,36.0,10,10,2,0.0
7384,48.0,13,7,5,0.0
7385,24.0,8,12,2,0.0
7386,62.0,15,5,4,0.0
7387,24.0,8,12,2,0.0
7388,32.0,9,11,1,0.0
7389,50.0,12,8,1,0.0
7390,44.0,12,8,4,0.0
7391,30.0,9,11,2,0.0
7392,60.0,14,6,2,696341824.0
7393,44.0,12,8,4,0.0
7394,50.0,12,8,1,0.0
7395,36.0,10,10,2,0.0
7396,42.0,11,9,2,0.0
7397,58.0,14,6,3,0.0
7398,30.0,10,10,5,0.0
7399,48.0,12,8,2,0.0
7400,34.0,11,9,6,0.0
7401,24.0,8,12,2,0.0
7402,28.0,9,11,3,0.0
7403,28.0,9,11,3,0.0
7404,42.0,11,9,2,0.0
7405,48.0,12,8,2,0.0
7406,20.0,7,13,1,0.0
7407,52.0,12,8,0,0.0
7408,50.0,12,8,1,0.0
7409,30.0,10,10,5,0.0
7410,20.0,7,13,1,0.0
7411,58.0,14,6,3,0.0
7412,34.0,10,10,3,0.0
7413,36.0,10,10,2,0.0
7414,46.0,12,8,3,0.0
7415,46.0,12,8,3,0.0
7416,10.0,6,14,3,0.0
7417,48.0,12,8,2,0.0
7418,24.0,8,12,2,0.0
7419,26.0,9,11,4,0.0
7420,20.0,7,13,1,0.0
7421,24.0,8,12,2,0.0
7422,46.0,12,8,3,0.0
7423,62.0,15,5,4,0.0
7424,38.0,10,10,1,1063758725120.0
7425,60.0,15,5,5,0.0
7426,34.0,10,10,3,0.0
7427,24.0,8,12,2,0.0
7428,22.0,8,12,3,0.0
7429,16.0,6,14,0,0.0
7430,30.0,9,11,2,0.0
7431,46.0,12,8,3,0.0
7432,54.0,13,7,2,0.0
7433,52.0,13,7,3,0.0
7434,44.0,12,8,4,0.0
7435,30.0,9,11,2,0.0
7436,12.0,6,14,2,0.0
7437,34.0,10,10,3,0.0
7438,50.0,13,7,4,0.0
7439,18.0,7,13,2,0.0
7440,32.0,9,11,1,0.0
7441,50.0,12,8,1,0.0
7442,36.0,10,10,2,0.0
7443,26.0,8,12,1,0.0
7444,32.0,10,10,4,0.0
7445,56.0,13,7,1,0.0
7446,40.0,12,8,6,0.0
7447,20.0,8,12,4,0.0
7448,26.0,8,12,1,0.0
7449,54.0,13,7,2,0.0
7450,72.0,16,4,2,0.0
7451,30.0,9,11,2,0.0
7452,46.0,11,9,0,0.0
7453,40.0,11,9,3,0.0
7454,34.0,9,11,0,0.0
7455,20.0,7,13,1,0.0
7456,30.0,9,11,2,1270883549184.0
7457,22.0,7,13,0,0.0
7458,24.0,8,12,2,0.0
7459,42.0,11,9,2,0.0
7460,38.0,11,9,4,0.0
7461,28.0,9,11,3,0.0
7462,44.0,11,9,1,0.0
7463,22.0,8,12,3,0.0
7464,34.0,10,10,3,0.0
7465,32.0,10,10,4,0.0
7466,8.0,6,14,4,0.0
7467,16.0,7,13,3,0.0
7468,38.0,10,10,1,0.0
7469,36.0,11,9,5,0.0
7470,6.0,6,14,5,0.0
7471,62.0,15,5,4,0.0
7472,36.0,10,10,2,0.0
7473,22.0,8,12,3,0.0
7474,22.0,8,12,3,0.0
7475,26.0,8,12,1,0.0
7476,32.0,9,11,1,0.0
7477,44.0,12,8,4,0.0
7478,44.0,12,8,4,0.0
7479,32.0,9,11,1,0.0
7480,26.0,8,12,1,0.0
7481,20.0,8,12,4,0.0
7482,20.0,8,12,4,0.0
7483,58.0,13,7,0,0.0
7484,30.0,9,11,2,0.0
7485,30.0,10,10,5,0.0
7486,34.0,11,9,6,0.0
7487,34.0,9,11,0,0.0
7488,58.0,13,7,0,12698091520.0
7489,24.0,8,12,2,0.0
7490,30.0,9,11,2,0.0
7491,20.0,8,12,4,0.0
7492,46.0,11,9,0,0.0
7493,24.0,9,11,5,0.0
7494,20.0,8,12,4,0.0
7495,38.0,10,10,1,0.0
7496,38.0,11,9,4,0.0
7497,32.0,10,10,4,0.0
7498,32.0,9,11,1,0.0
7499,38.0,10,10,1,0.0
7500,8.0,6,14,4,0.0
7501,38.0,11,9,4,0.0
7502,22.0,8,12,3,0.0
7503,12.0,6,14,2,0.0
7504,30.0,9,11,2,0.0
7505,30.0,10,10,5,0.0
7506,18.0,7,13,2,0.0
7507,44.0,12,8,4,0.0
7508,22.0,8,12,3,0.0
7509,32.0,9,11,1,0.0
7510,32.0,9,11,1,0.0
7511,38.0,10,10,1,0.0
7512,52.0,12,8,0,0.0
7513,16.0,7,13,3,0.0
7514,48.0,13,7,5,0.0
7515,60.0,14,6,2,0.0
7516,24.0,9,11,5,0.0
7517,22.0,9,11,6,0.0
7518,54.0,13,7,2,0.0
7519,64.0,15,5,3,0.0
7520,46.0,11,9,0,132583601995776.0
7521,36.0,10,10,2,0.0
7522,42.0,11,9,2,0.0
7523,20.0,8,12,4,0.0
7524,48.0,12,8,2,0.0
7525,30.0,9,11,2,0.0
7526,46.0,11,9,0,0.0
7527,34.0,10,10,3,0.0
7528,16.0,7,13,3,0.0
7529,46.0,12,8,3,0.0
7530,46.0,13,7,6,0.0
7531,38.0,10,10,1,0.0
7532,40.0,10,10,0,0.0
7533,38.0,11,9,4,0.0
7534,20.0,8,12,4,0.0
7535,30.0,9,11,2,0.0
7536,30.0,9,11,2,0.0
7537,12.0,7,13,5,0.0
7538,22.0,8,12,3,0.0
7539,26.0,8,12,1,0.0
7540,28.0,9,11,3,0.0
7541,32.0,9,11,1,0.0
7542,36.0,10,10,2,0.0
7543,26.0,8,12,1,0.0
7544,26.0,8,12,1,0.0
7545,38.0,10,10,1,0.0
7546,22.0,8,12,3,0.0
7547,36.0,11,9,5,0.0
7548,28.0,9,11,3,0.0
7549,38.0,11,9,4,0.0
7550,42.0,11,9,2,0.0
7551,38.0,10,10,1,0.0
7552,6.0,5,15,2,1842591.25
7553,56.0,13,7,1,0.0
7554,20.0,8,12,4,0.0
7555,28.0,8,12,0,0.0
7556,40.0,11,9,3,0.0
7557,42.0,11,9,2,0.0
7558,42.0,11,9,2,0.0
7559,42.0,11,9,2,0.0
7560,32.0,10,10,4,0.0
7561,30.0,9,11,2,0.0
7562,48.0,12,8,2,0.0
7563,20.0,8,12,4,0.0
7564,4.0,5,15,3,0.0
7565,34.0,10,10,3,0.0
7566,38.0,10,10,1,0.0
7567,48.0,13,7,5,0.0
7568,18.0,8,12,5,0.0
7569,52.0,12,8,0,0.0
7570,8.0,5,15,1,0.0
7571,52.0,13,7,3,0.0
7572,12.0,6,14,2,0.0
7573,26.0,8,12,1,0.0
7574,14.0,6,14,1,0.0
7575,30.0,9,11,2,0.0
7576,36.0,10,10,2,0.0
7577,36.0,10,10,2,0.0
7578,50.0,12,8,1,0.0
7579,34.0,10,10,3,0.0
7580,16.0,7,13,3,0.0
7581,46.0,11,9,0,0.0
7582,26.0,9,11,4,0.0
7583,26.0,9,11,4,0.0
7584,24.0,8,12,2,58973428.0
7585,44.0,11,9,1,0.0
7586,38.0,11,9,4,0.0
7587,30.0,9,11,2,0.0
7588,42.0,12,8,5,0.0
7589,42.0,11,9,2,0.0
7590,30.0,10,10,5,0.0
7591,22.0,8,12,3,0.0
7592,36.0,10,10,2,0.0
7593,46.0,12,8,3,0.0
7594,40.0,12,8,6,0.0
7595,16.0,7,13,3,0.0
7596,30.0,9,11,2,0.0
7597,36.0,10,10,2,0.0
7598,38.0,10,10,1,0.0
7599,46.0,12,8,3,0.0
7600,26.0,9,11,4,0.0
7601,22.0,8,12,3,0.0
7602,62.0,15,5,4,0.0
7603,46.0,12,8,3,0.0
7604,50.0,13,7,4,0.0
7605,18.0,7,13,2,0.0
7606,46.0,11,9,0,0.0
7607,38.0,10,10,1,0.0
7608,18.0,7,13,2,0.0
7609,42.0,11,9,2,0.0
7610,64.0,14,6,0,0.0
7611,18.0,7,13,2,0.0
7612,28.0,9,11,3,0.0
7613,52.0,13,7,3,0.0
7614,44.0,11,9,1,0.0
7615,46.0,12,8,3,0.0
7616,34.0,10,10,3,48480129024.0
7617,52.0,13,7,3,0.0
7618,32.0,10,10,4,0.0
7619,18.0,7,13,2,0.0
7620,48.0,12,8,2,0.0
7621,26.0,10,10,7,0.0
7622,42.0,11,9,2,0.0
7623,30.0,10,10,5,0.0
7624,34.0,10,10,3,0.0
7625,36.0,10,10,2,0.0
7626,38.0,11,9,4,0.0
7627,26.0,8,12,1,0.0
7628,22.0,8,12,3,0.0
7629,40.0,11,9,3,0.0
7630,30.0,9,11,2,0.0
7631,40.0,11,9,3,0.0
7632,54.0,13,7,2,0.0
7633,22.0,9,11,6,0.0
7634,48.0,12,8,2,0.0
7635,38.0,10,10,1,0.0
7636,38.0,10,10,1,0.0
7637,18.0,8,12,5,0.0
7638,22.0,7,13,0,0.0
7639,42.0,12,8,5,0.0
7640,32.0,9,11,1,0.0
7641,44.0,11,9,1,0.0
7642,24.0,8,12,2,0.0
7643,56.0,13,7,1,0.0
7644,22.0,8,12,3,0.0
7645,34.0,10,10,3,0.0
7646,50.0,12,8,1,0.0
7647,12.0,7,13,5,0.0
7648,32.0,9,11,1,921326722220032.0
7649,14.0,6,14,1,0.0
7650,40.0,11,9,3,0.0
7651,42.0,11,9,2,0.0
7652,26.0,8,12,1,0.0
7653,0.0,4,16,2,0.0
7654,32.0,10,10,4,0.0
7655,38.0,11,9,4,0.0
7656,28.0,8,12,0,0.0
7657,16.0,7,13,3,0.0
7658,46.0,12,8,3,0.0
7659,36.0,11,9,5,0.0
7660,48.0,12,8,2,0.0
7661,38.0,10,10,1,0.0
7662,20.0,7,13,1,0.0
7663,20.0,8,12,4,0.0
7664,14.0,7,13,4,0.0
7665,44.0,11,9,1,0.0
7666,34.0,10,10,3,0.0
7667,22.0,9,11,6,0.0
7668,36.0,10,10,2,0.0
7669,50.0,12,8,1,0.0
7670,16.0,7,13,3,0.0
7671,24.0,8,12,2,0.0
7672,48.0,12,8,2,0.0
7673,20.0,7,13,1,0.0
7674,34.0,10,10,3,0.0
7675,46.0,12,8,3,0.0
7676,46.0,12,8,3,0.0
7677,24.0,8,12,2,0.0
7678,58.0,13,7,0,0.0
7679,44.0,11,9,1,0.0
7680,38.0,10,10,1,4810448830464.0
7681,42.0,11,9,2,0.0
7682,48.0,12,8,2,0.0
7683,26.0,8,12,1,0.0
7684,30.0,10,10,5,0.0
7685,32.0,10,10,4,0.0
7686,10.0,6,14,3,0.0
7687,26.0,9,11,4,0.0
7688,42.0,11,9,2,0.0
7689,32.0,10,10,4,0.0
7690,32.0,10,10,4,0.0
7691,32.0,9,11,1,0.0
7692,36.0,10,10,2,0.0
7693,20.0,8,12,4,0.0
7694,16.0,7,13,3,0.0
7695,52.0,12,8,0,0.0
7696,28.0,10,10,6,0.0
7697,50.0,12,8,1,0.0
7698,64.0,14,6,0,0.0
7699,22.0,8,12,3,0.0
7700,40.0,11,9,3,0.0
7701,12.0,6,14,2,0.0
7702,50.0,13,7,4,0.0
7703,36.0,10,10,2,0.0
7704,52.0,12,8,0,0.0
7705,38.0,10,10,1,0.0
7706,16.0,7,13,3,0.0
7707,56.0,14,6,4,0.0
7708,26.0,8,12,1,0.0
7709,44.0,11,9,1,0.0
7710,26.0,9,11,4,0.0
7711,36.0,10,10,2,0.0
7712,30.0,10,10,5,247270817792.0
7713,30.0,9,11,2,0.0
7714,10.0,7,13,6,0.0
7715,-6.0,3,17,2,0.0
7716,30.0,9,11,2,0.0
7717,30.0,9,11,2,0.0
7718,38.0,11,9,4,0.0
7719,24.0,9,11,5,0.0
7720,28.0,9,11,3,0.0
7721,66.0,15,5,2,0.0
7722,26.0,8,12,1,0.0
7723,10.0,6,14,3,0.0
7724,36.0,10,10,2,0.0
7725,24.0,9,11,5,0.0
7726,34.0,10,10,3,0.0
7727,48.0,13,7,5,0.0
7728,44.0,11,9,1,0.0
7729,56.0,14,6,4,0.0
7730,52.0,12,8,0,0.0
7731,34.0,10,10,3,0.0
7732,34.0,10,10,3,0.0
7733,54.0,13,7,2,0.0
7734,42.0,11,9,2,0.0
7735,20.0,7,13,1,0.0
7736,42.0,11,9,2,0.0
7737,56.0,13,7,1,0.0
7738,28.0,9,11,3,0.0
7739,24.0,9,11,5,0.0
7740,32.0,10,10,4,0.0
7741,30.0,9,11,2,0.0
7742,32.0,9,11,1,0.0
7743,30.0,9,11,2,0.0
7744,26.0,10,10,7,990223400960.0
7745,42.0,11,9,2,0.0
7746,38.0,10,10,1,0.0
7747,14.0,6,14,1,0.0
7748,32.0,9,11,1,0.0
7749,46.0,12,8,3,0.0
7750,22.0,9,11,6,0.0
7751,30.0,9,11,2,0.0
7752,38.0,10,10,1,0.0
7753,6.0,5,15,2,0.0
7754,30.0,9,11,2,0.0
7755,48.0,12,8,2,0.0
7756,44.0,11,9,1,0.0
7757,30.0,9,11,2,0.0
7758,50.0,12,8,1,0.0
7759,36.0,10,10,2,0.0
7760,20.0,9,11,7,0.0
7761,32.0,9,11,1,0.0
7762,10.0,6,14,3,0.0
7763,42.0,11,9,2,0.0
7764,42.0,11,9,2,0.0
7765,20.0,7,13,1,0.0
7766,24.0,10,10,8,0.0
7767,26.0,8,12,1,0.0
7768,32.0,9,11,1,0.0
7769,46.0,11,9,0,0.0
7770,32.0,9,11,1,0.0
7771,12.0,6,14,2,0.0
7772,38.0,11,9,4,0.0
7773,24.0,8,12,2,0.0
7774,60.0,14,6,2,0.0
7775,66.0,15,5,2,0.0
7776,36.0,10,10,2,5426459136.0
7777,32.0,9,11,1,0.0
7778,28.0,9,11,3,0.0
7779,26.0,8,12,1,0.0
7780,28.0,9,11,3,0.0
7781,22.0,8,12,3,0.0
7782,34.0,10,10,3,0.0
7783,44.0,12,8,4,0.0
7784,34.0,9,11,0,0.0
7785,24.0,8,12,2,0.0
7786,10.0,6,14,3,0.0
7787,32.0,9,11,1,0.0
7788,48.0,12,8,2,0.0
7789,30.0,10,10,5,0.0
7790,20.0,7,13,1,0.0
7791,26.0,8,12,1,0.0
7792,16.0,7,13,3,0.0
7793,44.0,12,8,4,0.0
7794,4.0,5,15,3,0.0
7795,14.0,6,14,1,0.0
7796,22.0,9,11,6,0.0
7797,50.0,12,8,1,0.0
7798,40.0,11,9,3,0.0
7799,36.0,11,9,5,0.0
7800,4.0,5,15,3,0.0
7801,42.0,11,9,2,0.0
7802,28.0,9,11,3,0.0
7803,30.0,10,10,5,0.0
7804,66.0,15,5,2,0.0
7805,64.0,14,6,0,0.0
7806,34.0,9,11,0,0.0
7807,42.0,11,9,2,0.0
7808,34.0,10,10,3,179329504.0
7809,52.0,13,7,3,0.0
7810,34.0,10,10,3,0.0
7811,32.0,10,10,4,0.0
7812,46.0,13,7,6,0.0
7813,42.0,11,9,2,0.0
7814,58.0,14,6,3,0.0
7815,14.0,6,14,1,0.0
7816,46.0,11,9,0,0.0
7817,48.0,12,8,2,0.0
7818,38.0,10,10,1,0.0
7819,34.0,10,10,3,0.0
7820,18.0,7,13,2,0.0
7821,56.0,13,7,1,0.0
7822,28.0,9,11,3,0.0
7823,56.0,14,6,4,0.0
7824,44.0,12,8,4,0.0
7825,52.0,13,7,3,0.0
7826,68.0,15,5,1,0.0
7827,48.0,12,8,2,0.0
7828,6.0,5,15,2,0.0
7829,38.0,10,10,1,0.0
7830,38.0,11,9,4,0.0
7831,48.0,12,8,2,0.0
7832,44.0,11,9,1,0.0
7833,24.0,8,12,2,0.0
7834,40.0,10,10,0,0.0
7835,8.0,5,15,1,0.0
7836,34.0,10,10,3,0.0
7837,46.0,12,8,3,0.0
7838,32.0,10,10,4,0.0
7839,44.0,11,9,1,0.0
7840,46.0,11,9,0,12087401472.0
7841,48.0,12,8,2,0.0
7842,10.0,6,14,3,0.0
7843,24.0,9,11,5,0.0
7844,22.0,9,11,6,0.0
7845,50.0,12,8,1,0.0
7846,38.0,11,9,4,0.0
7847,30.0,10,10,5,0.0
7848,52.0,14,6,6,0.0
7849,6.0,6,14,5,0.0
7850,40.0,10,10,0,0.0
7851,30.0,10,10,5,0.0
7852,32.0,10,10,4,0.0
7853,38.0,11,9,4,0.0
7854,42.0,11,9,2,0.0
7855,22.0,7,13,0,0.0
7856,40.0,10,10,0,0.0
7857,34.0,9,11,0,0.0
7858,52.0,14,6,6,0.0
7859,24.0,9,11,5,0.0
7860,46.0,12,8,3,0.0
7861,30.0,9,11,2,0.0
7862,12.0,6,14,2,0.0
7863,58.0,14,6,3,0.0
7864,52.0,13,7,3,0.0
7865,46.0,12,8,3,0.0
7866,58.0,13,7,0,0.0
7867,48.0,13,7,5,0.0
7868,62.0,14,6,1,0.0
7869,32.0,10,10,4,0.0
7870,26.0,9,11,4,0.0
7871,36.0,10,10,2,0.0
7872,62.0,14,6,1,58642407424.0
7873,38.0,10,10,1,0.0
7874,14.0,7,13,4,0.0
7875,40.0,10,10,0,0.0
7876,30.0,9,11,2,0.0
7877,30.0,9,11,2,0.0
7878,46.0,12,8,3,0.0
7879,10.0,7,13,6,0.0
7880,28.0,9,11,3,0.0
7881,26.0,8,12,1,0.0
7882,22.0,8,12,3,0.0
7883,46.0,11,9,0,0.0
7884,22.0,8,12,3,0.0
7885,28.0,8,12,0,0.0
7886,28.0,10,10,6,0.0
7887,36.0,10,10,2,0.0
7888,38.0,10,10,1,0.0
7889,38.0,10,10,1,0.0
7890,64.0,14,6,0,0.0
7891,12.0,6,14,2,0.0
7892,34.0,9,11,0,0.0
7893,40.0,11,9,3,0.0
7894,24.0,8,12,2,0.0
7895,62.0,14,6,1,0.0
7896,32.0,10,10,4,0.0
7897,40.0,11,9,3,0.0
7898,48.0,13,7,5,0.0
7899,34.0,10,10,3,0.0
7900,30.0,9,11,2,0.0
7901,12.0,6,14,2,0.0
7902,32.0,9,11,1,0.0
7903,16.0,7,13,3,0.0
7904,48.0,12,8,2,11674458112.0
7905,28.0,9,11,3,0.0
7906,20.0,7,13,1,0.0
7907,56.0,13,7,1,0.0
7908,28.0,8,12,0,0.0
7909,32.0,9,11,1,0.0
7910,44.0,12,8,4,0.0
7911,32.0,9,11,1,0.0
7912,52.0,12,8,0,0.0
7913,50.0,12,8,1,0.0
7914,18.0,7,13,2,0.0
7915,40.0,11,9,3,0.0
7916,44.0,11,9,1,0.0
7917,36.0,10,10,2,0.0
7918,34.0,10,10,3,0.0
7919,30.0,9,11,2,0.0
7920,46.0,11,9,0,0.0
7921,26.0,9,11,4,0.0
7922,6.0,5,15,2,0.0
7923,34.0,10,10,3,0.0
7924,26.0,8,12,1,0.0
7925,16.0,6,14,0,0.0
7926,54.0,13,7,2,0.0
7927,28.0,9,11,3,0.0
7928,22.0,8,12,3,0.0
7929,26.0,9,11,4,0.0
7930,52.0,13,7,3,0.0
7931,8.0,7,13,7,0.0
7932,62.0,14,6,1,0.0
7933,36.0,10,10,2,0.0
7934,12.0,7,13,5,0.0
7935,48.0,12,8,2,0.0
7936,48.0,12,8,2,22180497408.0
7937,42.0,11,9,2,0.0
7938,32.0,9,11,1,0.0
7939,30.0,10,10,5,0.0
7940,30.0,9,11,2,0.0
7941,22.0,8,12,3,0.0
7942,48.0,12,8,2,0.0
7943,50.0,12,8,1,0.0
7944,30.0,9,11,2,0.0
7945,42.0,11,9,2,0.0
7946,22.0,7,13,0,0.0
7947,48.0,12,8,2,0.0
7948,26.0,9,11,4,0.0
7949,40.0,11,9,3,0.0
7950,44.0,11,9,1,0.0
7951,42.0,11,9,2,0.0
7952,38.0,10,10,1,0.0
7953,34.0,10,10,3,0.0
7954,16.0,7,13,3,0.0
7955,22.0,9,11,6,0.0
7956,32.0,9,11,1,0.0
7957,54.0,14,6,5,0.0
7958,48.0,12,8,2,0.0
7959,54.0,13,7,2,0.0
7960,38.0,11,9,4,0.0
7961,26.0,8,12,1,0.0
7962,30.0,9,11,2,0.0
7963,44.0,11,9,1,0.0
7964,28.0,9,11,3,0.0
7965,36.0,10,10,2,0.0
7966,50.0,12,8,1,0.0
7967,10.0,7,13,6,0.0
7968,22.0,9,11,6,122757251072.0
7969,8.0,6,14,4,0.0
7970,36.0,10,10,2,0.0
7971,34.0,10,10,3,0.0
7972,24.0,8,12,2,0.0
7973,26.0,9,11,4,0.0
7974,58.0,14,6,3,0.0
7975,40.0,11,9,3,0.0
7976,40.0,10,10,0,0.0
7977,26.0,8,12,1,0.0
7978,48.0,12,8,2,0.0
7979,54.0,14,6,5,0.0
7980,12.0,7,13,5,0.0
7981,44.0,12,8,4,0.0
7982,22.0,8,12,3,0.0
7983,22.0,9,11,6,0.0
7984,46.0,11,9,0,0.0
7985,28.0,9,11,3,0.0
7986,56.0,13,7,1,0.0
7987,56.0,14,6,4,0.0
7988,34.0,10,10,3,0.0
7989,26.0,9,11,4,0.0
7990,20.0,7,13,1,0.0
7991,42.0,12,8,5,0.0
7992,28.0,9,11,3,0.0
7993,42.0,12,8,5,0.0
7994,58.0,13,7,0,0.0
7995,28.0,9,11,3,0.0
7996,28.0,8,12,0,0.0
7997,56.0,14,6,4,0.0
7998,24.0,8,12,2,0.0
7999,74.0,17,3,4,0.0
8000,38.0,10,10,1,1083065565184.0
8001,34.0,10,10,3,0.0
8002,28.0,10,10,6,0.0
8003,44.0,12,8,4,0.0
8004,32.0,10,10,4,0.0
8005,32.0,10,10,4,0.0
8006,32.0,9,11,1,0.0
8007,34.0,9,11,0,0.0
8008,44.0,11,9,1,0.0
8009,16.0,7,13,3,0.0
8010,28.0,9,11,3,0.0
8011,34.0,9,11,0,0.0
8012,34.0,10,10,3,0.0
8013,28.0,9,11,3,0.0
8014,28.0,9,11,3,0.0
8015,18.0,7,13,2,0.0
8016,36.0,10,10,2,0.0
8017,28.0,9,11,3,0.0
8018,32.0,10,10,4,0.0
8019,32.0,9,11,1,0.0
8020,46.0,12,8,3,0.0
8021,52.0,13,7,3,0.0
8022,42.0,11,9,2,0.0
8023,18.0,7,13,2,0.0
8024,22.0,8,12,3,0.0
8025,34.0,10,10,3,0.0
8026,20.0,7,13,1,0.0
8027,74.0,16,4,1,0.0
8028,40.0,12,8,6,0.0
8029,24.0,8,12,2,0.0
8030,34.0,10,10,3,0.0
8031,50.0,12,8,1,0.0
8032,28.0,9,11,3,15809897299968.0
8033,30.0,9,11,2,0.0
8034,42.0,11,9,2,0.0
8035,32.0,9,11,1,0.0
8036,38.0,10,10,1,0.0
8037,20.0,7,13,1,0.0
8038,58.0,14,6,3,0.0
8039,28.0,9,11,3,0.0
8040,18.0,7,13,2,0.0
8041,52.0,13,7,3,0.0
8042,32.0,9,11,1,0.0
8043,42.0,11,9,2,0.0
8044,32.0,9,11,1,0.0
8045,28.0,9,11,3,0.0
8046,32.0,10,10,4,0.0
8047,48.0,12,8,2,0.0
8048,42.0,12,8,5,0.0
8049,24.0,8,12,2,0.0
8050,34.0,10,10,3,0.0
8051,44.0,11,9,1,0.0
8052,42.0,11,9,2,0.0
8053,26.0,9,11,4,0.0
8054,48.0,12,8,2,0.0
8055,46.0,12,8,3,0.0
8056,22.0,8,12,3,0.0
8057,14.0,6,14,1,0.0
8058,40.0,11,9,3,0.0
8059,62.0,15,5,4,0.0
8060,52.0,13,7,3,0.0
8061,40.0,10,10,0,0.0
8062,6.0,5,15,2,0.0
8063,32.0,9,11,1,0.0
8064,18.0,7,13,2,9358299136.0
8065,40.0,12,8,6,0.0
8066,56.0,13,7,1,0.0
8067,8.0,5,15,1,0.0
8068,52.0,13,7,3,0.0
8069,34.0,10,10,3,0.0
8070,46.0,12,8,3,0.0
8071,58.0,14,6,3,0.0
8072,40.0,11,9,3,0.0
8073,26.0,8,12,1,0.0
8074,50.0,13,7,4,0.0
8075,16.0,7,13,3,0.0
8076,48.0,12,8,2,0.0
8077,18.0,7,13,2,0.0
8078,14.0,6,14,1,0.0
8079,46.0,12,8,3,0.0
8080,30.0,9,11,2,0.0
8081,32.0,9,11,1,0.0
8082,44.0,12,8,4,0.0
8083,48.0,12,8,2,0.0
8084,22.0,8,12,3,0.0
8085,32.0,9,11,1,0.0
8086,22.0,8,12,3,0.0
8087,30.0,10,10,5,0.0
8088,42.0,11,9,2,0.0
8089,22.0,8,12,3,0.0
8090,30.0,9,11,2,0.0
8091,48.0,12,8,2,0.0
8092,28.0,9,11,3,0.0
8093,40.0,11,9,3,0.0
8094,44.0,11,9,1,0.0
8095,34.0,10,10,3,0.0
8096,28.0,9,11,3,202736448569344.0
8097,40.0,11,9,3,0.0
8098,20.0,7,13,1,0.0
8099,56.0,14,6,4,0.0
8100,36.0,10,10,2,0.0
8101,50.0,12,8,1,0.0
8102,40.0,11,9,3,0.0
8103,44.0,12,8,4,0.0
8104,46.0,12,8,3,0.0
8105,22.0,8,12,3,0.0
8106,38.0,10,10,1,0.0
8107,42.0,11,9,2,0.0
8108,36.0,10,10,2,0.0
8109,46.0,12,8,3,0.0
8110,46.0,11,9,0,0.0
8111,44.0,12,8,4,0.0
8112,24.0,8,12,2,0.0
8113,14.0,7,13,4,0.0
8114,30.0,9,11,2,0.0
8115,34.0,10,10,3,0.0
8116,28.0,9,11,3,0.0
8117,46.0,12,8,3,0.0
8118,50.0,12,8,1,0.0
8119,12.0,7,13,5,0.0
8120,30.0,9,11,2,0.0
8121,18.0,7,13,2,0.0
8122,32.0,10,10,4,0.0
8123,20.0,7,13,1,0.0
8124,38.0,11,9,4,0.0
8125,18.0,7,13,2,0.0
8126,60.0,14,6,2,0.0
8127,12.0,6,14,2,0.0
8128,8.0,5,15,1,129715264.0
8129,50.0,12,8,1,0.0
8130,54.0,13,7,2,0.0
8131,12.0,6,14,2,0.0
8132,16.0,7,13,3,0.0
8133,30.0,10,10,5,0.0
8134,36.0,10,10,2,0.0
8135,46.0,11,9,0,0.0
8136,42.0,11,9,2,0.0
8137,32.0,11,9,7,0.0
8138,46.0,11,9,0,0.0
8139,36.0,10,10,2,0.0
8140,48.0,12,8,2,0.0
8141,52.0,13,7,3,0.0
8142,30.0,9,11,2,0.0
8143,14.0,7,13,4,0.0
8144,18.0,9,11,8,0.0
8145,24.0,8,12,2,0.0
8146,24.0,9,11,5,0.0
8147,28.0,10,10,6,0.0
8148,18.0,7,13,2,0.0
8149,22.0,8,12,3,0.0
8150,42.0,11,9,2,0.0
8151,34.0,10,10,3,0.0
8152,52.0,13,7,3,0.0
8153,32.0,9,11,1,0.0
8154,54.0,13,7,2,0.0
8155,30.0,10,10,5,0.0
8156,24.0,8,12,2,0.0
8157,40.0,11,9,3,0.0
8158,54.0,13,7,2,0.0
8159,50.0,12,8,1,0.0
8160,42.0,11,9,2,368335192064.0
8161,44.0,12,8,4,0.0
8162,24.0,9,11,5,0.0
8163,40.0,12,8,6,0.0
8164,24.0,9,11,5,0.0
8165,62.0,14,6,1,0.0
8166,26.0,9,11,4,0.0
8167,20.0,7,13,1,0.0
8168,50.0,12,8,1,0.0
8169,16.0,7,13,3,0.0
8170,28.0,8,12,0,0.0
8171,8.0,6,14,4,0.0
8172,40.0,11,9,3,0.0
8173,34.0,10,10,3,0.0
8174,22.0,8,12,3,0.0
8175,40.0,11,9,3,0.0
8176,44.0,11,9,1,0.0
8177,30.0,9,11,2,0.0
8178,28.0,9,11,3,0.0
8179,50.0,12,8,1,0.0
8180,62.0,14,6,1,0.0
8181,42.0,11,9,2,0.0
8182,36.0,11,9,5,0.0
8183,36.0,10,10,2,0.0
8184,28.0,8,12,0,0.0
8185,32.0,10,10,4,0.0
8186,26.0,8,12,1,0.0
8187,40.0,11,9,3,0.0
8188,56.0,14,6,4,0.0
8189,46.0,13,7,6,0.0
8190,36.0,11,9,5,0.0
8191,48.0,12,8,2,0.0
8192,44.0,11,9,1,70740541440.0
8193,28.0,10,10,6,0.0
8194,42.0,11,9,2,0.0
8195,26.0,9,11,4,0.0
8196,32.0,9,11,1,0.0
8197,16.0,7,13,3,0.0
8198,20.0,8,12,4,0.0
8199,26.0,8,12,1,0.0
8200,28.0,9,11,3,0.0
8201,38.0,11,9,4,0.0
8202,40.0,11,9,3,0.0
8203,20.0,7,13,1,0.0
8204,30.0,9,11,2,0.0
8205,38.0,10,10,1,0.0
8206,24.0,8,12,2,0.0
8207,36.0,10,10,2,0.0
8208,38.0,11,9,4,0.0
8209,40.0,11,9,3,0.0
8210,44.0,11,9,1,0.0
8211,52.0,13,7,3,0.0
8212,42.0,12,8,5,0.0
8213,58.0,13,7,0,0.0
8214,48.0,12,8,2,0.0
8215,52.0,13,7,3,0.0
8216,22.0,8,12,3,0.0
8217,12.0,8,12,8,0.0
8218,68.0,16,4,4,0.0
8219,54.0,13,7,2,0.0
8220,44.0,12,8,4,0.0
8221,54.0,13,7,2,0.0
8222,58.0,13,7,0,0.0
8223,-2.0,4,16,3,0.0
8224,30.0,10,10,5,2516054528.0
8225,58.0,13,7,0,0.0
8226,30.0,10,10,5,0.0
8227,50.0,12,8,1,0.0
8228,34.0,10,10,3,0.0
8229,38.0,10,10,1,0.0
8230,20.0,8,12,4,0.0
8231,20.0,9,11,7,0.0
8232,40.0,11,9,3,0.0
8233,48.0,12,8,2,0.0
8234,38.0,10,10,1,0.0
8235,30.0,9,11,2,0.0
8236,36.0,11,9,5,0.0
8237,30.0,10,10,5,0.0
8238,52.0,13,7,3,0.0
8239,28.0,9,11,3,0.0
8240,34.0,11,9,6,0.0
8241,14.0,7,13,4,0.0
8242,32.0,10,10,4,0.0
8243,30.0,10,10,5,0.0
8244,64.0,15,5,3,0.0
8245,62.0,14,6,1,0.0
8246,44.0,12,8,4,0.0
8247,40.0,11,9,3,0.0
8248,42.0,11,9,2,0.0
8249,36.0,10,10,2,0.0
8250,34.0,10,10,3,0.0
8251,12.0,6,14,2,0.0
8252,36.0,10,10,2,0.0
8253,40.0,10,10,0,0.0
8254,38.0,11,9,4,0.0
8255,56.0,13,7,1,0.0
8256,44.0,11,9,1,1227824168960.0
8257,32.0,9,11,1,0.0
8258,42.0,11,9,2,0.0
8259,26.0,9,11,4,0.0
8260,46.0,12,8,3,0.0
8261,40.0,10,10,0,0.0
8262,40.0,11,9,3,0.0
8263,30.0,10,10,5,0.0
8264,56.0,13,7,1,0.0
8265,36.0,10,10,2,0.0
8266,20.0,7,13,1,0.0
8267,42.0,11,9,2,0.0
8268,34.0,9,11,0,0.0
8269,32.0,9,11,1,0.0
8270,56.0,14,6,4,0.0
8271,36.0,10,10,2,0.0
8272,62.0,14,6,1,0.0
8273,22.0,8,12,3,0.0
8274,32.0,10,10,4,0.0
8275,64.0,15,5,3,0.0
8276,48.0,13,7,5,0.0
8277,22.0,9,11,6,0.0
8278,52.0,12,8,0,0.0
8279,58.0,13,7,0,0.0
8280,30.0,9,11,2,0.0
8281,40.0,11,9,3,0.0
8282,36.0,11,9,5,0.0
8283,32.0,10,10,4,0.0
8284,26.0,10,10,7,0.0
8285,40.0,10,10,0,0.0
8286,38.0,11,9,4,0.0
8287,30.0,9,11,2,0.0
8288,42.0,11,9,2,18328047616.0
8289,66.0,15,5,2,0.0
8290,60.0,14,6,2,0.0
8291,54.0,13,7,2,0.0
8292,44.0,12,8,4,0.0
8293,60.0,14,6,2,0.0
8294,32.0,9,11,1,0.0
8295,40.0,11,9,3,0.0
8296,28.0,9,11,3,0.0
8297,22.0,8,12,3,0.0
8298,14.0,7,13,4,0.0
8299,34.0,10,10,3,0.0
8300,42.0,11,9,2,0.0
8301,34.0,10,10,3,0.0
8302,30.0,9,11,2,0.0
8303,30.0,9,11,2,0.0
8304,26.0,8,12,1,0.0
8305,42.0,11,9,2,0.0
8306,40.0,11,9,3,0.0
8307,20.0,7,13,1,0.0
8308,42.0,12,8,5,0.0
8309,36.0,10,10,2,0.0
8310,58.0,13,7,0,0.0
8311,22.0,8,12,3,0.0
8312,42.0,12,8,5,0.0
8313,48.0,12,8,2,0.0
8314,36.0,10,10,2,0.0
8315,48.0,12,8,2,0.0
8316,18.0,9,11,8,0.0
8317,64.0,15,5,3,0.0
8318,42.0,12,8,5,0.0
8319,30.0,9,11,2,0.0
8320,44.0,12,8,4,434057888.0
8321,12.0,6,14,2,0.0
8322,36.0,10,10,2,0.0
8323,54.0,13,7,2,0.0
8324,20.0,8,12,4,0.0
8325,32.0,9,11,1,0.0
8326,36.0,11,9,5,0.0
8327,26.0,9,11,4,0.0
8328,60.0,14,6,2,0.0
8329,32.0,9,11,1,0.0
8330,30.0,10,10,5,0.0
8331,36.0,10,10,2,0.0
8332,36.0,11,9,5,0.0
8333,38.0,10,10,1,0.0
8334,28.0,9,11,3,0.0
8335,54.0,13,7,2,0.0
8336,34.0,9,11,0,0.0
8337,40.0,11,9,3,0.0
8338,46.0,12,8,3,0.0
8339,18.0,7,13,2,0.0
8340,42.0,11,9,2,0.0
8341,42.0,11,9,2,0.0
8342,28.0,9,11,3,0.0
8343,40.0,11,9,3,0.0
8344,24.0,8,12,2,0.0
8345,32.0,9,11,1,0.0
8346,34.0,9,11,0,0.0
8347,50.0,12,8,1,0.0
8348,46.0,12,8,3,0.0
8349,30.0,10,10,5,0.0
8350,42.0,11,9,2,0.0
8351,6.0,5,15,2,0.0
8352,44.0,11,9,1,960876032.0
8353,60.0,14,6,2,0.0
8354,28.0,9,11,3,0.0
8355,30.0,10,10,5,0.0
8356,42.0,11,9,2,0.0
8357,56.0,13,7,1,0.0
8358,52.0,13,7,3,0.0
8359,40.0,11,9,3,0.0
8360,36.0,10,10,2,0.0
8361,24.0,9,11,5,0.0
8362,44.0,12,8,4,0.0
8363,30.0,9,11,2,0.0
8364,36.0,11,9,5,0.0
8365,24.0,9,11,5,0.0
8366,26.0,8,12,1,0.0
8367,40.0,11,9,3,0.0
8368,18.0,7,13,2,0.0
8369,50.0,12,8,1,0.0
8370,30.0,9,11,2,0.0
8371,32.0,11,9,7,0.0
8372,28.0,8,12,0,0.0
8373,28.0,9,11,3,0.0
8374,48.0,12,8,2,0.0
8375,38.0,11,9,4,0.0
8376,36.0,10,10,2,0.0
8377,50.0,13,7,4,0.0
8378,26.0,9,11,4,0.0
8379,38.0,10,10,1,0.0
8380,28.0,8,12,0,0.0
8381,32.0,9,11,1,0.0
8382,20.0,7,13,1,0.0
8383,36.0,10,10,2,0.0
8384,48.0,13,7,5,1735465344.0
8385,44.0,12,8,4,0.0
8386,30.0,9,11,2,0.0
8387,22.0,8,12,3,0.0
8388,30.0,9,11,2,0.0
8389,20.0,8,12,4,0.0
8390,40.0,11,9,3,0.0
8391,50.0,12,8,1,0.0
8392,44.0,11,9,1,0.0
8393,32.0,9,11,1,0.0
8394,26.0,9,11,4,0.0
8395,36.0,10,10,2,0.0
8396,42.0,11,9,2,0.0
8397,6.0,5,15,2,0.0
8398,44.0,11,9,1,0.0
8399,46.0,11,9,0,0.0
8400,42.0,12,8,5,0.0
8401,10.0,6,14,3,0.0
8402,24.0,8,12,2,0.0
8403,42.0,11,9,2,0.0
8404,44.0,11,9,1,0.0
8405,26.0,8,12,1,0.0
8406,22.0,8,12,3,0.0
8407,36.0,11,9,5,0.0
8408,28.0,8,12,0,0.0
8409,32.0,9,11,1,0.0
8410,42.0,11,9,2,0.0
8411,24.0,8,12,2,0.0
8412,36.0,10,10,2,0.0
8413,20.0,7,13,1,0.0
8414,30.0,9,11,2,0.0
8415,58.0,15,5,6,0.0
8416,20.0,7,13,1,360518144.0
8417,46.0,13,7,6,0.0
8418,34.0,10,10,3,0.0
8419,42.0,11,9,2,0.0
8420,44.0,11,9,1,0.0
8421,10.0,6,14,3,0.0
8422,44.0,11,9,1,0.0
8423,10.0,6,14,3,0.0
8424,44.0,11,9,1,0.0
8425,10.0,6,14,3,0.0
8426,32.0,10,10,4,0.0
8427,20.0,8,12,4,0.0
8428,38.0,10,10,1,0.0
8429,28.0,9,11,3,0.0
8430,40.0,12,8,6,0.0
8431,40.0,11,9,3,0.0
8432,38.0,10,10,1,0.0
8433,34.0,10,10,3,0.0
8434,20.0,7,13,1,0.0
8435,24.0,9,11,5,0.0
8436,38.0,10,10,1,0.0
8437,38.0,11,9,4,0.0
8438,20.0,7,13,1,0.0
8439,26.0,9,11,4,0.0
8440,48.0,12,8,2,0.0
8441,38.0,10,10,1,0.0
8442,16.0,8,12,6,0.0
8443,8.0,6,14,4,0.0
8444,26.0,8,12,1,0.0
8445,50.0,12,8,1,0.0
8446,46.0,12,8,3,0.0
8447,14.0,6,14,1,0.0
8448,44.0,11,9,1,31607832576.0
8449,16.0,7,13,3,0.0
8450,28.0,10,10,6,0.0
8451,20.0,8,12,4,0.0
8452,52.0,13,7,3,0.0
8453,46.0,11,9,0,0.0
8454,56.0,13,7,1,0.0
8455,54.0,13,7,2,0.0
8456,44.0,13,7,7,0.0
8457,30.0,9,11,2,0.0
8458,46.0,12,8,3,0.0
8459,10.0,6,14,3,0.0
8460,34.0,10,10,3,0.0
8461,26.0,9,11,4,0.0
8462,22.0,8,12,3,0.0
8463,28.0,9,11,3,0.0
8464,34.0,9,11,0,0.0
8465,16.0,6,14,0,0.0
8466,46.0,12,8,3,0.0
8467,52.0,13,7,3,0.0
8468,30.0,9,11,2,0.0
8469,36.0,10,10,2,0.0
8470,30.0,9,11,2,0.0
8471,46.0,12,8,3,0.0
8472,34.0,10,10,3,0.0
8473,50.0,13,7,4,0.0
8474,24.0,8,12,2,0.0
8475,26.0,8,12,1,0.0
8476,48.0,12,8,2,0.0
8477,54.0,13,7,2,0.0
8478,46.0,12,8,3,0.0
8479,30.0,10,10,5,0.0
8480,60.0,14,6,2,94592491520.0
8481,36.0,11,9,5,0.0
8482,50.0,14,6,7,0.0
8483,60.0,14,6,2,0.0
8484,28.0,9,11,3,0.0
8485,16.0,7,13,3,0.0
8486,56.0,13,7,1,0.0
8487,50.0,12,8,1,0.0
8488,42.0,12,8,5,0.0
8489,32.0,11,9,7,0.0
8490,38.0,10,10,1,0.0
8491,32.0,11,9,7,0.0
8492,22.0,9,11,6,0.0
8493,16.0,7,13,3,0.0
8494,28.0,9,11,3,0.0
8495,36.0,11,9,5,0.0
8496,26.0,9,11,4,0.0
8497,26.0,8,12,1,0.0
8498,44.0,12,8,4,0.0
8499,52.0,13,7,3,0.0
8500,50.0,13,7,4,0.0
8501,30.0,9,11,2,0.0
8502,58.0,14,6,3,0.0
8503,14.0,6,14,1,0.0
8504,36.0,10,10,2,0.0
8505,46.0,12,8,3,0.0
8506,46.0,11,9,0,0.0
8507,28.0,9,11,3,0.0
8508,50.0,12,8,1,0.0
8509,56.0,13,7,1,0.0
8510,38.0,10,10,1,0.0
8511,22.0,8,12,3,0.0
8512,50.0,12,8,1,4654213393022976.0
8513,30.0,10,10,5,0.0
8514,60.0,14,6,2,0.0
8515,36.0,10,10,2,0.0
8516,18.0,8,12,5,0.0
8517,44.0,11,9,1,0.0
8518,34.0,10,10,3,0.0
8519,24.0,9,11,5,0.0
8520,40.0,11,9,3,0.0
8521,54.0,13,7,2,0.0
8522,36.0,10,10,2,0.0
8523,44.0,11,9,1,0.0
8524,40.0,11,9,3,0.0
8525,44.0,12,8,4,0.0
8526,46.0,11,9,0,0.0
8527,64.0,15,5,3,0.0
8528,24.0,9,11,5,0.0
8529,48.0,12,8,2,0.0
8530,40.0,11,9,3,0.0
8531,52.0,13,7,3,0.0
8532,64.0,15,5,3,0.0
8533,24.0,8,12,2,0.0
8534,34.0,10,10,3,0.0
8535,20.0,7,13,1,0.0
8536,36.0,10,10,2,0.0
8537,58.0,14,6,3,0.0
8538,28.0,9,11,3,0.0
8539,36.0,11,9,5,0.0
8540,62.0,14,6,1,0.0
8541,38.0,11,9,4,0.0
8542,50.0,12,8,1,0.0
8543,24.0,9,11,5,0.0
8544,32.0,9,11,1,3890222465024.0
8545,34.0,10,10,3,0.0
8546,26.0,8,12,1,0.0
8547,44.0,13,7,7,0.0
8548,34.0,10,10,3,0.0
8549,34.0,10,10,3,0.0
8550,22.0,8,12,3,0.0
8551,54.0,14,6,5,0.0
8552,42.0,12,8,5,0.0
8553,44.0,11,9,1,0.0
8554,52.0,14,6,6,0.0
8555,28.0,9,11,3,0.0
8556,40.0,11,9,3,0.0
8557,48.0,12,8,2,0.0
8558,24.0,8,12,2,0.0
8559,44.0,11,9,1,0.0
8560,48.0,12,8,2,0.0
8561,62.0,14,6,1,0.0
8562,22.0,8,12,3,0.0
8563,36.0,10,10,2,0.0
8564,46.0,11,9,0,0.0
8565,54.0,13,7,2,0.0
8566,50.0,12,8,1,0.0
8567,14.0,7,13,4,0.0
8568,38.0,11,9,4,0.0
8569,36.0,11,9,5,0.0
8570,24.0,8,12,2,0.0
8571,18.0,7,13,2,0.0
8572,28.0,9,11,3,0.0
8573,42.0,11,9,2,0.0
8574,32.0,10,10,4,0.0
8575,6.0,6,14,5,0.0
8576,30.0,9,11,2,112854540288.0
8577,26.0,8,12,1,0.0
8578,24.0,8,12,2,0.0
8579,46.0,13,7,6,0.0
8580,32.0,9,11,1,0.0
8581,44.0,12,8,4,0.0
8582,56.0,14,6,4,0.0
8583,42.0,11,9,2,0.0
8584,8.0,5,15,1,0.0
8585,48.0,12,8,2,0.0
8586,36.0,10,10,2,0.0
8587,18.0,7,13,2,0.0
8588,18.0,8,12,5,0.0
8589,26.0,9,11,4,0.0
8590,26.0,9,11,4,0.0
8591,22.0,8,12,3,0.0
8592,50.0,13,7,4,0.0
8593,34.0,10,10,3,0.0
8594,34.0,10,10,3,0.0
8595,48.0,12,8,2,0.0
8596,28.0,9,11,3,0.0
8597,46.0,12,8,3,0.0
8598,52.0,12,8,0,0.0
8599,8.0,5,15,1,0.0
8600,32.0,9,11,1,0.0
8601,30.0,10,10,5,0.0
8602,54.0,13,7,2,0.0
8603,30.0,9,11,2,0.0
8604,34.0,10,10,3,0.0
8605,36.0,10,10,2,0.0
8606,24.0,9,11,5,0.0
8607,24.0,8,12,2,0.0
8608,22.0,8,12,3,656212033536.0
8609,48.0,12,8,2,0.0
8610,32.0,9,11,1,0.0
8611,22.0,8,12,3,0.0
8612,54.0,14,6,5,0.0
8613,24.0,8,12,2,0.0
8614,24.0,8,12,2,0.0
8615,44.0,12,8,4,0.0
8616,30.0,9,11,2,0.0
8617,32.0,9,11,1,0.0
8618,20.0,8,12,4,0.0
8619,20.0,7,13,1,0.0
8620,24.0,9,11,5,0.0
8621,24.0,9,11,5,0.0
8622,48.0,12,8,2,0.0
8623,30.0,9,11,2,0.0
8624,40.0,11,9,3,0.0
8625,28.0,9,11,3,0.0
8626,12.0,7,13,5,0.0
8627,34.0,9,11,0,0.0
8628,24.0,8,12,2,0.0
8629,44.0,11,9,1,0.0
8630,28.0,9,11,3,0.0
8631,58.0,13,7,0,0.0
8632,44.0,11,9,1,0.0
8633,48.0,12,8,2,0.0
8634,32.0,10,10,4,0.0
8635,26.0,8,12,1,0.0
8636,42.0,12,8,5,0.0
8637,52.0,13,7,3,0.0
8638,42.0,11,9,2,0.0
8639,42.0,11,9,2,0.0
8640,46.0,11,9,0,2172889453297664.0
8641,40.0,11,9,3,0.0
8642,24.0,9,11,5,0.0
8643,56.0,14,6,4,0.0
8644,54.0,13,7,2,0.0
8645,40.0,11,9,3,0.0
8646,36.0,10,10,2,0.0
8647,18.0,7,13,2,0.0
8648,44.0,12,8,4,0.0
8649,32.0,10,10,4,0.0
8650,36.0,11,9,5,0.0
8651,46.0,12,8,3,0.0
8652,66.0,15,5,2,0.0
8653,52.0,14,6,6,0.0
8654,40.0,11,9,3,0.0
8655,22.0,8,12,3,0.0
8656,22.0,8,12,3,0.0
8657,36.0,10,10,2,0.0
8658,42.0,11,9,2,0.0
8659,44.0,12,8,4,0.0
8660,58.0,15,5,6,0.0
8661,26.0,9,11,4,0.0
8662,28.0,9,11,3,0.0
8663,34.0,10,10,3,0.0
8664,22.0,8,12,3,0.0
8665,24.0,8,12,2,0.0
8666,46.0,13,7,6,0.0
8667,16.0,7,13,3,0.0
8668,24.0,9,11,5,0.0
8669,40.0,11,9,3,0.0
8670,22.0,8,12,3,0.0
8671,34.0,10,10,3,0.0
8672,32.0,10,10,4,21903003648.0
8673,44.0,12,8,4,0.0
8674,52.0,13,7,3,0.0
8675,24.0,8,12,2,0.0
8676,24.0,8,12,2,0.0
8677,36.0,12,8,8,0.0
8678,46.0,13,7,6,0.0
8679,36.0,10,10,2,0.0
8680,26.0,9,11,4,0.0
8681,40.0,11,9,3,0.0
8682,24.0,8,12,2,0.0
8683,6.0,6,14,5,0.0
8684,18.0,7,13,2,0.0
8685,58.0,14,6,3,0.0
8686,44.0,11,9,1,0.0
8687,38.0,10,10,1,0.0
8688,48.0,13,7,5,0.0
8689,24.0,8,12,2,0.0
8690,24.0,8,12,2,0.0
8691,6.0,5,15,2,0.0
8692,6.0,5,15,2,0.0
8693,34.0,10,10,3,0.0
8694,10.0,6,14,3,0.0
8695,16.0,7,13,3,0.0
8696,38.0,11,9,4,0.0
8697,38.0,11,9,4,0.0
8698,26.0,9,11,4,0.0
8699,60.0,14,6,2,0.0
8700,26.0,9,11,4,0.0
8701,50.0,14,6,7,0.0
8702,62.0,14,6,1,0.0
8703,42.0,11,9,2,0.0
8704,28.0,9,11,3,78561293631488.0
8705,64.0,15,5,3,0.0
8706,12.0,6,14,2,0.0
8707,26.0,8,12,1,0.0
8708,32.0,9,11,1,0.0
8709,46.0,12,8,3,0.0
8710,44.0,11,9,1,0.0
8711,24.0,9,11,5,0.0
8712,40.0,11,9,3,0.0
8713,32.0,9,11,1,0.0
8714,28.0,10,10,6,0.0
8715,16.0,7,13,3,0.0
8716,38.0,10,10,1,0.0
8717,36.0,10,10,2,0.0
8718,38.0,10,10,1,0.0
8719,50.0,12,8,1,0.0
8720,70.0,16,4,3,0.0
8721,36.0,10,10,2,0.0
8722,12.0,6,14,2,0.0
8723,50.0,12,8,1,0.0
8724,38.0,11,9,4,0.0
8725,44.0,11,9,1,0.0
8726,34.0,9,11,0,0.0
8727,58.0,14,6,3,0.0
8728,42.0,11,9,2,0.0
8729,34.0,10,10,3,0.0
8730,44.0,12,8,4,0.0
8731,48.0,12,8,2,0.0
8732,30.0,9,11,2,0.0
8733,48.0,13,7,5,0.0
8734,40.0,11,9,3,0.0
8735,40.0,11,9,3,0.0
8736,60.0,14,6,2,10028738560.0
8737,38.0,11,9,4,0.0
8738,6.0,5,15,2,0.0
8739,34.0,9,11,0,0.0
8740,16.0,7,13,3,0.0
8741,6.0,5,15,2,0.0
8742,44.0,11,9,1,0.0
8743,30.0,9,11,2,0.0
8744,30.0,9,11,2,0.0
8745,22.0,7,13,0,0.0
8746,24.0,8,12,2,0.0
8747,38.0,11,9,4,0.0
8748,30.0,10,10,5,0.0
8749,28.0,9,11,3,0.0
8750,28.0,9,11,3,0.0
8751,28.0,9,11,3,0.0
8752,32.0,9,11,1,0.0
8753,30.0,9,11,2,0.0
8754,50.0,12,8,1,0.0
8755,36.0,10,10,2,0.0
8756,38.0,10,10,1,0.0
8757,18.0,8,12,5,0.0
8758,44.0,11,9,1,0.0
8759,46.0,11,9,0,0.0
8760,40.0,11,9,3,0.0
8761,34.0,10,10,3,0.0
8762,16.0,6,14,0,0.0
8763,26.0,8,12,1,0.0
8764,22.0,9,11,6,0.0
8765,40.0,12,8,6,0.0
8766,14.0,6,14,1,0.0
8767,42.0,11,9,2,0.0
8768,30.0,9,11,2,604760448.0
8769,40.0,11,9,3,0.0
8770,58.0,14,6,3,0.0
8771,36.0,10,10,2,0.0
8772,26.0,9,11,4,0.0
8773,16.0,8,12,6,0.0
8774,26.0,8,12,1,0.0
8775,48.0,12,8,2,0.0
8776,50.0,12,8,1,0.0
8777,64.0,15,5,3,0.0
8778,6.0,5,15,2,0.0
8779,32.0,10,10,4,0.0
8780,24.0,8,12,2,0.0
8781,26.0,8,12,1,0.0
8782,12.0,7,13,5,0.0
8783,22.0,8,12,3,0.0
8784,32.0,9,11,1,0.0
8785,34.0,10,10,3,0.0
8786,58.0,14,6,3,0.0
8787,40.0,12,8,6,0.0
8788,20.0,8,12,4,0.0
8789,32.0,9,11,1,0.0
8790,30.0,9,11,2,0.0
8791,32.0,10,10,4,0.0
8792,26.0,8,12,1,0.0
8793,34.0,10,10,3,0.0
8794,14.0,7,13,4,0.0
8795,52.0,13,7,3,0.0
8796,38.0,10,10,1,0.0
8797,58.0,14,6,3,0.0
8798,26.0,10,10,7,0.0
8799,24.0,9,11,5,0.0
8800,42.0,11,9,2,16313014272.0
8801,34.0,10,10,3,0.0
8802,28.0,9,11,3,0.0
8803,28.0,9,11,3,0.0
8804,14.0,7,13,4,0.0
8805,28.0,9,11,3,0.0
8806,50.0,13,7,4,0.0
8807,16.0,7,13,3,0.0
8808,26.0,8,12,1,0.0
8809,64.0,15,5,3,0.0
8810,48.0,12,8,2,0.0
8811,20.0,7,13,1,0.0
8812,48.0,13,7,5,0.0
8813,40.0,12,8,6,0.0
8814,42.0,11,9,2,0.0
8815,56.0,14,6,4,0.0
8816,8.0,6,14,4,0.0
8817,36.0,10,10,2,0.0
8818,18.0,8,12,5,0.0
8819,30.0,10,10,5,0.0
8820,28.0,9,11,3,0.0
8821,22.0,8,12,3,0.0
8822,34.0,10,10,3,0.0
8823,42.0,12,8,5,0.0
8824,44.0,12,8,4,0.0
8825,38.0,10,10,1,0.0
8826,24.0,9,11,5,0.0
8827,40.0,12,8,6,0.0
8828,30.0,10,10,5,0.0
8829,48.0,13,7,5,0.0
8830,18.0,8,12,5,0.0
8831,42.0,11,9,2,0.0
8832,68.0,16,4,4,2556331294720.0
8833,34.0,10,10,3,0.0
8834,26.0,9,11,4,0.0
8835,36.0,10,10,2,0.0
8836,40.0,10,10,0,0.0
8837,36.0,10,10,2,0.0
8838,44.0,11,9,1,0.0
8839,54.0,13,7,2,0.0
8840,24.0,8,12,2,0.0
8841,30.0,9,11,2,0.0
8842,18.0,8,12,5,0.0
8843,36.0,11,9,5,0.0
8844,24.0,9,11,5,0.0
8845,54.0,14,6,5,0.0
8846,40.0,11,9,3,0.0
8847,44.0,11,9,1,0.0
8848,26.0,9,11,4,0.0
8849,32.0,9,11,1,0.0
8850,12.0,6,14,2,0.0
8851,26.0,8,12,1,0.0
8852,52.0,12,8,0,0.0
8853,42.0,11,9,2,0.0
8854,4.0,6,14,6,0.0
8855,32.0,10,10,4,0.0
8856,30.0,9,11,2,0.0
8857,44.0,11,9,1,0.0
8858,48.0,12,8,2,0.0
8859,50.0,12,8,1,0.0
8860,24.0,8,12,2,0.0
8861,44.0,12,8,4,0.0
8862,40.0,11,9,3,0.0
8863,44.0,11,9,1,0.0
8864,36.0,10,10,2,664036966400.0
8865,42.0,11,9,2,0.0
8866,48.0,13,7,5,0.0
8867,38.0,11,9,4,0.0
8868,40.0,11,9,3,0.0
8869,30.0,10,10,5,0.0
8870,32.0,9,11,1,0.0
8871,28.0,9,11,3,0.0
8872,18.0,8,12,5,0.0
8873,46.0,12,8,3,0.0
8874,48.0,12,8,2,0.0
8875,28.0,8,12,0,0.0
8876,24.0,8,12,2,0.0
8877,40.0,10,10,0,0.0
8878,24.0,8,12,2,0.0
8879,12.0,7,13,5,0.0
8880,4.0,5,15,3,0.0
8881,44.0,12,8,4,0.0
8882,18.0,8,12,5,0.0
8883,30.0,9,11,2,0.0
8884,30.0,10,10,5,0.0
8885,18.0,7,13,2,0.0
8886,48.0,12,8,2,0.0
8887,42.0,11,9,2,0.0
8888,42.0,11,9,2,0.0
8889,42.0,11,9,2,0.0
8890,44.0,11,9,1,0.0
8891,42.0,11,9,2,0.0
8892,48.0,13,7,5,0.0
8893,26.0,9,11,4,0.0
8894,18.0,7,13,2,0.0
8895,60.0,14,6,2,0.0
8896,32.0,10,10,4,13144839168.0
8897,34.0,10,10,3,0.0
8898,18.0,8,12,5,0.0
8899,48.0,12,8,2,0.0
8900,40.0,12,8,6,0.0
8901,54.0,13,7,2,0.0
8902,12.0,6,14,2,0.0
8903,74.0,16,4,1,0.0
8904,38.0,11,9,4,0.0
8905,46.0,12,8,3,0.0
8906,54.0,14,6,5,0.0
8907,30.0,9,11,2,0.0
8908,50.0,12,8,1,0.0
8909,40.0,11,9,3,0.0
8910,50.0,12,8,1,0.0
8911,18.0,7,13,2,0.0
8912,44.0,12,8,4,0.0
8913,32.0,10,10,4,0.0
8914,62.0,14,6,1,0.0
8915,10.0,6,14,3,0.0
8916,36.0,10,10,2,0.0
8917,18.0,8,12,5,0.0
8918,14.0,7,13,4,0.0
8919,20.0,7,13,1,0.0
8920,28.0,9,11,3,0.0
8921,38.0,11,9,4,0.0
8922,34.0,10,10,3,0.0
8923,56.0,13,7,1,0.0
8924,32.0,9,11,1,0.0
8925,42.0,12,8,5,0.0
8926,36.0,10,10,2,0.0
8927,64.0,14,6,0,0.0
8928,32.0,10,10,4,2545607507968.0
8929,26.0,9,11,4,0.0
8930,38.0,11,9,4,0.0
8931,24.0,8,12,2,0.0
8932,40.0,11,9,3,0.0
8933,34.0,10,10,3,0.0
8934,40.0,11,9,3,0.0
8935,64.0,15,5,3,0.0
8936,30.0,10,10,5,0.0
8937,34.0,10,10,3,0.0
8938,50.0,12,8,1,0.0
8939,24.0,9,11,5,0.0
8940,32.0,10,10,4,0.0
8941,46.0,12,8,3,0.0
8942,18.0,7,13,2,0.0
8943,40.0,11,9,3,0.0
8944,24.0,9,11,5,0.0
8945,4.0,5,15,3,0.0
8946,46.0,12,8,3,0.0
8947,50.0,12,8,1,0.0
8948,46.0,13,7,6,0.0
8949,4.0,6,14,6,0.0
8950,22.0,9,11,6,0.0
8951,42.0,11,9,2,0.0
8952,62.0,15,5,4,0.0
8953,28.0,9,11,3,0.0
8954,34.0,10,10,3,0.0
8955,26.0,8,12,1,0.0
8956,44.0,11,9,1,0.0
8957,10.0,7,13,6,0.0
8958,22.0,8,12,3,0.0
8959,42.0,11,9,2,0.0
8960,46.0,12,8,3,1585641472.0
8961,16.0,7,13,3,0.0
8962,22.0,8,12,3,0.0
8963,26.0,8,12,1,0.0
8964,18.0,7,13,2,0.0
8965,28.0,9,11,3,0.0
8966,12.0,7,13,5,0.0
8967,44.0,12,8,4,0.0
8968,28.0,9,11,3,0.0
8969,48.0,12,8,2,0.0
8970,40.0,10,10,0,0.0
8971,24.0,9,11,5,0.0
8972,56.0,13,7,1,0.0
8973,52.0,12,8,0,0.0
8974,40.0,12,8,6,0.0
8975,30.0,9,11,2,0.0
8976,50.0,12,8,1,0.0
8977,28.0,9,11,3,0.0
8978,46.0,12,8,3,0.0
8979,34.0,10,10,3,0.0
8980,52.0,13,7,3,0.0
8981,30.0,10,10,5,0.0
8982,28.0,8,12,0,0.0
8983,40.0,11,9,3,0.0
8984,30.0,9,11,2,0.0
8985,14.0,7,13,4,0.0
8986,46.0,11,9,0,0.0
8987,34.0,10,10,3,0.0
8988,36.0,10,10,2,0.0
8989,22.0,8,12,3,0.0
8990,40.0,11,9,3,0.0
8991,48.0,12,8,2,0.0
8992,38.0,10,10,1,1.4820367052413338e+17
8993,38.0,10,10,1,0.0
8994,40.0,11,9,3,0.0
8995,28.0,9,11,3,0.0
8996,48.0,12,8,2,0.0
8997,26.0,9,11,4,0.0
8998,18.0,8,12,5,0.0
8999,38.0,10,10,1,0.0
9000,32.0,10,10,4,0.0
9001,20.0,8,12,4,0.0
9002,44.0,12,8,4,0.0
9003,42.0,12,8,5,0.0
9004,26.0,8,12,1,0.0
9005,34.0,10,10,3,0.0
9006,14.0,6,14,1,0.0
9007,62.0,14,6,1,0.0
9008,46.0,12,8,3,0.0
9009,32.0,9,11,1,0.0
9010,62.0,15,5,4,0.0
9011,48.0,12,8,2,0.0
9012,32.0,10,10,4,0.0
9013,38.0,11,9,4,0.0
9014,40.0,11,9,3,0.0
9015,18.0,8,12,5,0.0
9016,26.0,9,11,4,0.0
9017,52.0,13,7,3,0.0
9018,32.0,10,10,4,0.0
9019,22.0,8,12,3,0.0
9020,24.0,8,12,2,0.0
9021,28.0,10,10,6,0.0
9022,20.0,8,12,4,0.0
9023,56.0,13,7,1,0.0
9024,50.0,12,8,1,395318984704.0
9025,26.0,8,12,1,0.0
9026,54.0,13,7,2,0.0
9027,20.0,8,12,4,0.0
9028,22.0,8,12,3,0.0
9029,16.0,7,13,3,0.0
9030,38.0,11,9,4,0.0
9031,42.0,11,9,2,0.0
9032,38.0,10,10,1,0.0
9033,50.0,12,8,1,0.0
9034,34.0,9,11,0,0.0
9035,32.0,9,11,1,0.0
9036,26.0,8,12,1,0.0
9037,34.0,10,10,3,0.0
9038,34.0,10,10,3,0.0
9039,32.0,9,11,1,0.0
9040,38.0,10,10,1,0.0
9041,16.0,7,13,3,0.0
9042,56.0,13,7,1,0.0
9043,34.0,10,10,3,0.0
9044,46.0,11,9,0,0.0
9045,36.0,10,10,2,0.0
9046,28.0,9,11,3,0.0
9047,50.0,12,8,1,0.0
9048,62.0,14,6,1,0.0
9049,58.0,14,6,3,0.0
9050,24.0,8,12,2,0.0
9051,22.0,8,12,3,0.0
9052,22.0,8,12,3,0.0
9053,38.0,12,8,7,0.0
9054,28.0,9,11,3,0.0
9055,42.0,11,9,2,0.0
9056,40.0,11,9,3,17526956032.0
9057,48.0,13,7,5,0.0
9058,26.0,8,12,1,0.0
9059,30.0,10,10,5,0.0
9060,38.0,11,9,4,0.0
9061,42.0,12,8,5,0.0
9062,52.0,14,6,6,0.0
9063,50.0,12,8,1,0.0
9064,26.0,9,11,4,0.0
9065,46.0,12,8,3,0.0
9066,34.0,10,10,3,0.0
9067,50.0,13,7,4,0.0
9068,22.0,8,12,3,0.0
9069,32.0,10,10,4,0.0
9070,72.0,17,3,5,0.0
9071,22.0,8,12,3,0.0
9072,34.0,10,10,3,0.0
9073,48.0,12,8,2,0.0
9074,28.0,9,11,3,0.0
9075,54.0,13,7,2,0.0
9076,32.0,9,11,1,0.0
9077,34.0,10,10,3,0.0
9078,24.0,8,12,2,0.0
9079,62.0,14,6,1,0.0
9080,62.0,14,6,1,0.0
9081,34.0,10,10,3,0.0
9082,50.0,13,7,4,0.0
9083,44.0,12,8,4,0.0
9084,52.0,13,7,3,0.0
9085,38.0,11,9,4,0.0
9086,26.0,8,12,1,0.0
9087,14.0,7,13,4,0.0
9088,42.0,12,8,5,2722147074048.0
9089,34.0,10,10,3,0.0
9090,56.0,13,7,1,0.0
9091,18.0,7,13,2,0.0
9092,60.0,14,6,2,0.0
9093,32.0,9,11,1,0.0
9094,36.0,11,9,5,0.0
9095,28.0,9,11,3,0.0
9096,30.0,10,10,5,0.0
9097,30.0,9,11,2,0.0
9098,42.0,11,9,2,0.0
9099,40.0,11,9,3,0.0
9100,24.0,8,12,2,0.0
9101,50.0,12,8,1,0.0
9102,64.0,15,5,3,0.0
9103,32.0,10,10,4,0.0
9104,38.0,12,8,7,0.0
9105,34.0,11,9,6,0.0
9106,18.0,7,13,2,0.0
9107,66.0,15,5,2,0.0
9108,26.0,8,12,1,0.0
9109,50.0,13,7,4,0.0
9110,24.0,8,12,2,0.0
9111,30.0,10,10,5,0.0
9112,50.0,13,7,4,0.0
9113,36.0,11,9,5,0.0
9114,38.0,11,9,4,0.0
9115,48.0,12,8,2,0.0
9116,30.0,9,11,2,0.0
9117,22.0,8,12,3,0.0
9118,14.0,7,13,4,0.0
9119,46.0,13,7,6,0.0
9120,46.0,12,8,3,30761510912.0
9121,22.0,7,13,0,0.0
9122,70.0,16,4,3,0.0
9123,52.0,13,7,3,0.0
9124,20.0,7,13,1,0.0
9125,40.0,11,9,3,0.0
9126,32.0,9,11,1,0.0
9127,40.0,11,9,3,0.0
9128,46.0,11,9,0,0.0
9129,38.0,11,9,4,0.0
9130,38.0,10,10,1,0.0
9131,20.0,8,12,4,0.0
9132,44.0,11,9,1,0.0
9133,64.0,14,6,0,0.0
9134,38.0,11,9,4,0.0
9135,42.0,11,9,2,0.0
9136,40.0,11,9,3,0.0
9137,56.0,14,6,4,0.0
9138,34.0,10,10,3,0.0
9139,28.0,9,11,3,0.0
9140,40.0,11,9,3,0.0
9141,42.0,11,9,2,0.0
9142,50.0,12,8,1,0.0
9143,68.0,15,5,1,0.0
9144,70.0,15,5,0,0.0
9145,42.0,11,9,2,0.0
9146,52.0,13,7,3,0.0
9147,60.0,14,6,2,0.0
9148,30.0,9,11,2,0.0
9149,30.0,9,11,2,0.0
9150,8.0,5,15,1,0.0
9151,44.0,11,9,1,0.0
9152,34.0,10,10,3,244300848.0
9153,60.0,15,5,5,0.0
9154,42.0,11,9,2,0.0
9155,42.0,11,9,2,0.0
9156,42.0,11,9,2,0.0
9157,30.0,9,11,2,0.0
9158,38.0,11,9,4,0.0
9159,14.0,6,14,1,0.0
9160,28.0,9,11,3,0.0
9161,32.0,10,10,4,0.0
9162,34.0,9,11,0,0.0
9163,30.0,9,11,2,0.0
9164,30.0,9,11,2,0.0
9165,50.0,12,8,1,0.0
9166,38.0,10,10,1,0.0
9167,46.0,12,8,3,0.0
9168,36.0,10,10,2,0.0
9169,20.0,8,12,4,0.0
9170,32.0,10,10,4,0.0
9171,46.0,12,8,3,0.0
9172,22.0,7,13,0,0.0
9173,36.0,10,10,2,0.0
9174,40.0,12,8,6,0.0
9175,26.0,9,11,4,0.0
9176,38.0,11,9,4,0.0
9177,54.0,13,7,2,0.0
9178,58.0,13,7,0,0.0
9179,36.0,11,9,5,0.0
9180,40.0,11,9,3,0.0
9181,48.0,12,8,2,0.0
9182,20.0,9,11,7,0.0
9183,32.0,10,10,4,0.0
9184,26.0,9,11,4,3693481984.0
9185,12.0,7,13,5,0.0
9186,22.0,8,12,3,0.0
9187,26.0,9,11,4,0.0
9188,30.0,10,10,5,0.0
9189,34.0,11,9,6,0.0
9190,36.0,10,10,2,0.0
9191,30.0,9,11,2,0.0
9192,42.0,11,9,2,0.0
9193,26.0,10,10,7,0.0
9194,38.0,10,10,1,0.0
9195,36.0,10,10,2,0.0
9196,52.0,13,7,3,0.0
9197,28.0,9,11,3,0.0
9198,32.0,10,10,4,0.0
9199,62.0,14,6,1,0.0
9200,26.0,8,12,1,0.0
9201,26.0,9,11,4,0.0
9202,58.0,15,5,6,0.0
9203,32.0,9,11,1,0.0
9204,32.0,10,10,4,0.0
9205,42.0,12,8,5,0.0
9206,46.0,12,8,3,0.0
9207,26.0,8,12,1,0.0
9208,42.0,11,9,2,0.0
9209,32.0,10,10,4,0.0
9210,42.0,11,9,2,0.0
9211,18.0,7,13,2,0.0
9212,40.0,11,9,3,0.0
9213,20.0,8,12,4,0.0
9214,38.0,11,9,4,0.0
9215,48.0,12,8,2,0.0
9216,46.0,12,8,3,839850328064.0
9217,26.0,8,12,1,0.0
9218,48.0,12,8,2,0.0
9219,48.0,12,8,2,0.0
9220,36.0,11,9,5,0.0
9221,38.0,10,10,1,0.0
9222,46.0,12,8,3,0.0
9223,62.0,15,5,4,0.0
9224,34.0,10,10,3,0.0
9225,32.0,10,10,4,0.0
9226,42.0,11,9,2,0.0
9227,44.0,12,8,4,0.0
9228,46.0,12,8,3,0.0
9229,36.0,10,10,2,0.0
9230,52.0,12,8,0,0.0
9231,32.0,10,10,4,0.0
9232,36.0,10,10,2,0.0
9233,44.0,11,9,1,0.0
9234,42.0,12,8,5,0.0
9235,14.0,7,13,4,0.0
9236,32.0,10,10,4,0.0
9237,52.0,13,7,3,0.0
9238,42.0,13,7,8,0.0
9239,40.0,12,8,6,0.0
9240,32.0,9,11,1,0.0
9241,34.0,10,10,3,0.0
9242,44.0,11,9,1,0.0
9243,34.0,10,10,3,0.0
9244,54.0,13,7,2,0.0
9245,30.0,10,10,5,0.0
9246,44.0,11,9,1,0.0
9247,34.0,10,10,3,0.0
9248,0.0,5,15,5,244792928.0
9249,28.0,9,11,3,0.0
9250,50.0,12,8,1,0.0
9251,42.0,11,9,2,0.0
9252,36.0,10,10,2,0.0
9253,62.0,15,5,4,0.0
9254,40.0,11,9,3,0.0
9255,32.0,9,11,1,0.0
9256,-2.0,4,16,3,0.0
9257,42.0,11,9,2,0.0
9258,60.0,14,6,2,0.0
9259,48.0,12,8,2,0.0
9260,38.0,12,8,7,0.0
9261,30.0,10,10,5,0.0
9262,50.0,12,8,1,0.0
9263,30.0,9,11,2,0.0
9264,14.0,7,13,4,0.0
9265,40.0,10,10,0,0.0
9266,30.0,9,11,2,0.0
9267,52.0,13,7,3,0.0
9268,52.0,12,8,0,0.0
9269,60.0,14,6,2,0.0
9270,40.0,11,9,3,0.0
9271,54.0,13,7,2,0.0
9272,54.0,13,7,2,0.0
9273,24.0,8,12,2,0.0
9274,54.0,14,6,5,0.0
9275,44.0,12,8,4,0.0
9276,40.0,11,9,3,0.0
9277,26.0,9,11,4,0.0
9278,50.0,12,8,1,0.0
9279,50.0,12,8,1,0.0
9280,52.0,13,7,3,2698198784.0
9281,24.0,8,12,2,0.0
9282,54.0,13,7,2,0.0
9283,40.0,11,9,3,0.0
9284,40.0,11,9,3,0.0
9285,48.0,12,8,2,0.0
9286,32.0,10,10,4,0.0
9287,34.0,10,10,3,0.0
9288,18.0,7,13,2,0.0
9289,42.0,12,8,5,0.0
9290,36.0,10,10,2,0.0
9291,44.0,12,8,4,0.0
9292,48.0,12,8,2,0.0
9293,24.0,8,12,2,0.0
9294,38.0,10,10,1,0.0
9295,38.0,11,9,4,0.0
9296,32.0,10,10,4,0.0
9297,12.0,6,14,2,0.0
9298,44.0,12,8,4,0.0
9299,28.0,9,11,3,0.0
9300,32.0,10,10,4,0.0
9301,36.0,10,10,2,0.0
9302,34.0,10,10,3,0.0
9303,30.0,9,11,2,0.0
9304,62.0,14,6,1,0.0
9305,30.0,9,11,2,0.0
9306,42.0,12,8,5,0.0
9307,42.0,11,9,2,0.0
9308,42.0,11,9,2,0.0
9309,50.0,13,7,4,0.0
9310,38.0,10,10,1,0.0
9311,52.0,12,8,0,0.0
9312,44.0,12,8,4,13840743923712.0
9313,26.0,9,11,4,0.0
9314,62.0,14,6,1,0.0
9315,44.0,11,9,1,0.0
9316,66.0,15,5,2,0.0
9317,50.0,13,7,4,0.0
9318,46.0,12,8,3,0.0
9319,68.0,15,5,1,0.0
9320,38.0,11,9,4,0.0
9321,20.0,7,13,1,0.0
9322,30.0,9,11,2,0.0
9323,44.0,12,8,4,0.0
9324,16.0,7,13,3,0.0
9325,34.0,10,10,3,0.0
9326,48.0,12,8,2,0.0
9327,42.0,11,9,2,0.0
9328,48.0,12,8,2,0.0
9329,26.0,9,11,4,0.0
9330,18.0,8,12,5,0.0
9331,28.0,9,11,3,0.0
9332,26.0,8,12,1,0.0
9333,24.0,8,12,2,0.0
9334,26.0,9,11,4,0.0
9335,30.0,9,11,2,0.0
9336,58.0,14,6,3,0.0
9337,38.0,11,9,4,0.0
9338,38.0,11,9,4,0.0
9339,20.0,8,12,4,0.0
9340,48.0,12,8,2,0.0
9341,32.0,9,11,1,0.0
9342,34.0,10,10,3,0.0
9343,54.0,14,6,5,0.0
9344,38.0,10,10,1,1019280162816.0
9345,34.0,9,11,0,0.0
9346,58.0,14,6,3,0.0
9347,30.0,9,11,2,0.0
9348,26.0,9,11,4,0.0
9349,52.0,13,7,3,0.0
9350,16.0,7,13,3,0.0
9351,20.0,8,12,4,0.0
9352,30.0,9,11,2,0.0
9353,26.0,9,11,4,0.0
9354,52.0,14,6,6,0.0
9355,34.0,10,10,3,0.0
9356,36.0,11,9,5,0.0
9357,24.0,8,12,2,0.0
9358,34.0,11,9,6,0.0
9359,30.0,10,10,5,0.0
9360,30.0,9,11,2,0.0
9361,28.0,8,12,0,0.0
9362,44.0,11,9,1,0.0
9363,44.0,12,8,4,0.0
9364,46.0,12,8,3,0.0
9365,30.0,9,11,2,0.0
9366,48.0,12,8,2,0.0
9367,32.0,10,10,4,0.0
9368,48.0,12,8,2,0.0
9369,54.0,14,6,5,0.0
9370,32.0,9,11,1,0.0
9371,48.0,12,8,2,0.0
9372,62.0,14,6,1,0.0
9373,54.0,13,7,2,0.0
9374,42.0,11,9,2,0.0
9375,44.0,11,9,1,0.0
9376,34.0,10,10,3,4341020753920.0
9377,54.0,13,7,2,0.0
9378,40.0,10,10,0,0.0
9379,36.0,10,10,2,0.0
9380,62.0,14,6,1,0.0
9381,38.0,10,10,1,0.0
9382,26.0,10,10,7,0.0
9383,4.0,5,15,3,0.0
9384,20.0,8,12,4,0.0
9385,28.0,9,11,3,0.0
9386,50.0,12,8,1,0.0
9387,44.0,12,8,4,0.0
9388,40.0,11,9,3,0.0
9389,34.0,10,10,3,0.0
9390,38.0,10,10,1,0.0
9391,46.0,12,8,3,0.0
9392,42.0,12,8,5,0.0
9393,56.0,13,7,1,0.0
9394,12.0,7,13,5,0.0
9395,34.0,10,10,3,0.0
9396,54.0,13,7,2,0.0
9397,44.0,12,8,4,0.0
9398,12.0,6,14,2,0.0
9399,38.0,11,9,4,0.0
9400,14.0,7,13,4,0.0
9401,40.0,11,9,3,0.0
9402,52.0,13,7,3,0.0
9403,48.0,12,8,2,0.0
9404,44.0,11,9,1,0.0
9405,22.0,8,12,3,0.0
9406,22.0,8,12,3,0.0
9407,62.0,15,5,4,0.0
9408,40.0,11,9,3,957487054848.0
9409,42.0,11,9,2,0.0
9410,26.0,10,10,7,0.0
9411,36.0,10,10,2,0.0
9412,28.0,9,11,3,0.0
9413,52.0,12,8,0,0.0
9414,10.0,7,13,6,0.0
9415,34.0,10,10,3,0.0
9416,14.0,7,13,4,0.0
9417,50.0,12,8,1,0.0
9418,32.0,10,10,4,0.0
9419,62.0,14,6,1,0.0
9420,30.0,10,10,5,0.0
9421,20.0,8,12,4,0.0
9422,52.0,13,7,3,0.0
9423,20.0,8,12,4,0.0
9424,32.0,10,10,4,0.0
9425,34.0,10,10,3,0.0
9426,36.0,10,10,2,0.0
9427,24.0,8,12,2,0.0
9428,34.0,10,10,3,0.0
9429,28.0,9,11,3,0.0
9430,44.0,11,9,1,0.0
9431,22.0,8,12,3,0.0
9432,58.0,13,7,0,0.0
9433,46.0,11,9,0,0.0
9434,14.0,6,14,1,0.0
9435,50.0,12,8,1,0.0
9436,22.0,8,12,3,0.0
9437,32.0,9,11,1,0.0
9438,46.0,12,8,3,0.0
9439,44.0,11,9,1,0.0
9440,38.0,10,10,1,92798992384.0
9441,52.0,13,7,3,0.0
9442,20.0,8,12,4,0.0
9443,44.0,12,8,4,0.0
9444,34.0,10,10,3,0.0
9445,26.0,8,12,1,0.0
9446,66.0,15,5,2,0.0
9447,52.0,12,8,0,0.0
9448,40.0,11,9,3,0.0
9449,42.0,11,9,2,0.0
9450,38.0,10,10,1,0.0
9451,10.0,6,14,3,0.0
9452,36.0,10,10,2,0.0
9453,22.0,9,11,6,0.0
9454,40.0,10,10,0,0.0
9455,50.0,12,8,1,0.0
9456,34.0,10,10,3,0.0
9457,64.0,14,6,0,0.0
9458,62.0,14,6,1,0.0
9459,32.0,9,11,1,0.0
9460,8.0,5,15,1,0.0
9461,58.0,14,6,3,0.0
9462,38.0,10,10,1,0.0
9463,36.0,10,10,2,0.0
9464,32.0,10,10,4,0.0
9465,26.0,9,11,4,0.0
9466,40.0,11,9,3,0.0
9467,38.0,11,9,4,0.0
9468,58.0,14,6,3,0.0
9469,54.0,13,7,2,0.0
9470,38.0,11,9,4,0.0
9471,20.0,7,13,1,0.0
9472,38.0,10,10,1,3049669787648.0
9473,16.0,7,13,3,0.0
9474,54.0,13,7,2,0.0
9475,12.0,6,14,2,0.0
9476,24.0,8,12,2,0.0
9477,38.0,10,10,1,0.0
9478,66.0,15,5,2,0.0
9479,66.0,15,5,2,0.0
9480,40.0,12,8,6,0.0
9481,40.0,11,9,3,0.0
9482,26.0,8,12,1,0.0
9483,54.0,13,7,2,0.0
9484,22.0,9,11,6,0.0
9485,56.0,13,7,1,0.0
9486,66.0,15,5,2,0.0
9487,24.0,8,12,2,0.0
9488,42.0,11,9,2,0.0
9489,44.0,12,8,4,0.0
9490,32.0,10,10,4,0.0
9491,34.0,11,9,6,0.0
9492,30.0,10,10,5,0.0
9493,30.0,9,11,2,0.0
9494,14.0,6,14,1,0.0
9495,22.0,8,12,3,0.0
9496,48.0,12,8,2,0.0
9497,8.0,5,15,1,0.0
9498,44.0,12,8,4,0.0
9499,68.0,16,4,4,0.0
9500,38.0,11,9,4,0.0
9501,34.0,10,10,3,0.0
9502,46.0,12,8,3,0.0
9503,42.0,12,8,5,0.0
9504,34.0,9,11,0,5117693952.0
9505,30.0,10,10,5,0.0
9506,42.0,11,9,2,0.0
9507,42.0,12,8,5,0.0
9508,28.0,9,11,3,0.0
9509,4.0,5,15,3,0.0
9510,26.0,8,12,1,0.0
9511,24.0,8,12,2,0.0
9512,44.0,11,9,1,0.0
9513,60.0,14,6,2,0.0
9514,30.0,9,11,2,0.0
9515,34.0,10,10,3,0.0
9516,28.0,9,11,3,0.0
9517,42.0,11,9,2,0.0
9518,68.0,15,5,1,0.0
9519,38.0,11,9,4,0.0
9520,30.0,9,11,2,0.0
9521,38.0,10,10,1,0.0
9522,48.0,12,8,2,0.0
9523,42.0,12,8,5,0.0
9524,46.0,12,8,3,0.0
9525,44.0,12,8,4,0.0
9526,54.0,13,7,2,0.0
9527,32.0,9,11,1,0.0
9528,34.0,11,9,6,0.0
9529,36.0,10,10,2,0.0
9530,0.0,5,15,5,0.0
9531,10.0,6,14,3,0.0
9532,28.0,9,11,3,0.0
9533,32.0,9,11,1,0.0
9534,48.0,12,8,2,0.0
9535,60.0,15,5,5,0.0
9536,38.0,10,10,1,4284239872.0
9537,46.0,12,8,3,0.0
9538,30.0,10,10,5,0.0
9539,38.0,10,10,1,0.0
9540,46.0,11,9,0,0.0
9541,30.0,9,11,2,0.0
9542,44.0,12,8,4,0.0
9543,22.0,8,12,3,0.0
9544,36.0,10,10,2,0.0
9545,38.0,11,9,4,0.0
9546,42.0,11,9,2,0.0
9547,30.0,9,11,2,0.0
9548,56.0,13,7,1,0.0
9549,26.0,9,11,4,0.0
9550,60.0,14,6,2,0.0
9551,60.0,14,6,2,0.0
9552,50.0,13,7,4,0.0
9553,58.0,15,5,6,0.0
9554,42.0,11,9,2,0.0
9555,50.0,13,7,4,0.0
9556,28.0,10,10,6,0.0
9557,18.0,7,13,2,0.0
9558,56.0,14,6,4,0.0
9559,32.0,9,11,1,0.0
9560,56.0,13,7,1,0.0
9561,58.0,14,6,3,0.0
9562,58.0,13,7,0,0.0
9563,12.0,7,13,5,0.0
9564,26.0,8,12,1,0.0
9565,20.0,8,12,4,0.0
9566,10.0,6,14,3,0.0
9567,40.0,10,10,0,0.0
9568,56.0,13,7,1,6594980864.0
9569,62.0,14,6,1,0.0
9570,36.0,11,9,5,0.0
9571,74.0,16,4,1,0.0
9572,70.0,15,5,0,0.0
9573,32.0,9,11,1,0.0
9574,20.0,8,12,4,0.0
9575,34.0,10,10,3,0.0
9576,36.0,11,9,5,0.0
9577,22.0,9,11,6,0.0
9578,40.0,11,9,3,0.0
9579,48.0,12,8,2,0.0
9580,38.0,11,9,4,0.0
9581,64.0,15,5,3,0.0
9582,50.0,14,6,7,0.0
9583,8.0,6,14,4,0.0
9584,46.0,11,9,0,0.0
9585,36.0,11,9,5,0.0
9586,26.0,9,11,4,0.0
9587,26.0,11,9,10,0.0
9588,18.0,7,13,2,0.0
9589,28.0,9,11,3,0.0
9590,12.0,6,14,2,0.0
9591,44.0,11,9,1,0.0
9592,36.0,10,10,2,0.0
9593,38.0,11,9,4,0.0
9594,46.0,11,9,0,0.0
9595,48.0,12,8,2,0.0
9596,48.0,12,8,2,0.0
9597,42.0,11,9,2,0.0
9598,20.0,8,12,4,0.0
9599,44.0,11,9,1,0.0
9600,40.0,11,9,3,990374912.0
9601,26.0,8,12,1,0.0
9602,52.0,13,7,3,0.0
9603,50.0,13,7,4,0.0
9604,40.0,11,9,3,0.0
9605,34.0,10,10,3,0.0
9606,16.0,7,13,3,0.0
9607,42.0,11,9,2,0.0
9608,44.0,12,8,4,0.0
9609,40.0,11,9,3,0.0
9610,44.0,12,8,4,0.0
9611,48.0,12,8,2,0.0
9612,38.0,11,9,4,0.0
9613,26.0,9,11,4,0.0
9614,34.0,9,11,0,0.0
9615,60.0,14,6,2,0.0
9616,32.0,9,11,1,0.0
9617,24.0,9,11,5,0.0
9618,26.0,10,10,7,0.0
9619,54.0,13,7,2,0.0
9620,26.0,10,10,7,0.0
9621,28.0,9,11,3,0.0
9622,56.0,14,6,4,0.0
9623,38.0,11,9,4,0.0
9624,24.0,8,12,2,0.0
9625,52.0,13,7,3,0.0
9626,48.0,12,8,2,0.0
9627,54.0,13,7,2,0.0
9628,38.0,10,10,1,0.0
9629,26.0,9,11,4,0.0
9630,54.0,13,7,2,0.0
9631,42.0,11,9,2,0.0
9632,40.0,11,9,3,172394119168.0
9633,22.0,9,11,6,0.0
9634,30.0,9,11,2,0.0
9635,20.0,7,13,1,0.0
9636,62.0,15,5,4,0.0
9637,20.0,8,12,4,0.0
9638,38.0,10,10,1,0.0
9639,40.0,10,10,0,0.0
9640,64.0,15,5,3,0.0
9641,42.0,11,9,2,0.0
9642,52.0,13,7,3,0.0
9643,24.0,8,12,2,0.0
9644,24.0,8,12,2,0.0
9645,28.0,9,11,3,0.0
9646,44.0,12,8,4,0.0
9647,34.0,9,11,0,0.0
9648,40.0,12,8,6,0.0
9649,44.0,11,9,1,0.0
9650,56.0,14,6,4,0.0
9651,38.0,11,9,4,0.0
9652,32.0,10,10,4,0.0
9653,34.0,9,11,0,0.0
9654,52.0,12,8,0,0.0
9655,56.0,13,7,1,0.0
9656,58.0,13,7,0,0.0
9657,22.0,8,12,3,0.0
9658,50.0,13,7,4,0.0
9659,40.0,11,9,3,0.0
9660,34.0,10,10,3,0.0
9661,28.0,10,10,6,0.0
9662,58.0,14,6,3,0.0
9663,38.0,11,9,4,0.0
9664,44.0,11,9,1,1527236736.0
9665,26.0,8,12,1,0.0
9666,62.0,15,5,4,0.0
9667,42.0,11,9,2,0.0
9668,16.0,7,13,3,0.0
9669,46.0,11,9,0,0.0
9670,48.0,12,8,2,0.0
9671,52.0,13,7,3,0.0
9672,16.0,6,14,0,0.0
9673,60.0,14,6,2,0.0
9674,34.0,9,11,0,0.0
9675,30.0,9,11,2,0.0
9676,52.0,12,8,0,0.0
9677,50.0,14,6,7,0.0
9678,60.0,14,6,2,0.0
9679,46.0,12,8,3,0.0
9680,50.0,12,8,1,0.0
9681,30.0,9,11,2,0.0
9682,82.0,17,3,0,0.0
9683,30.0,9,11,2,0.0
9684,40.0,11,9,3,0.0
9685,40.0,11,9,3,0.0
9686,58.0,14,6,3,0.0
9687,40.0,11,9,3,0.0
9688,38.0,10,10,1,0.0
9689,44.0,11,9,1,0.0
9690,36.0,11,9,5,0.0
9691,44.0,12,8,4,0.0
9692,22.0,8,12,3,0.0
9693,46.0,12,8,3,0.0
9694,78.0,17,3,2,0.0
9695,46.0,12,8,3,0.0
9696,40.0,11,9,3,11569937408.0
9697,54.0,13,7,2,0.0
9698,28.0,9,11,3,0.0
9699,26.0,9,11,4,0.0
9700,40.0,11,9,3,0.0
9701,30.0,10,10,5,0.0
9702,32.0,10,10,4,0.0
9703,42.0,11,9,2,0.0
9704,26.0,8,12,1,0.0
9705,34.0,9,11,0,0.0
9706,28.0,9,11,3,0.0
9707,14.0,7,13,4,0.0
9708,42.0,11,9,2,0.0
9709,42.0,11,9,2,0.0
9710,48.0,12,8,2,0.0
9711,48.0,13,7,5,0.0
9712,42.0,11,9,2,0.0
9713,26.0,8,12,1,0.0
9714,34.0,10,10,3,0.0
9715,48.0,13,7,5,0.0
9716,22.0,8,12,3,0.0
9717,44.0,11,9,1,0.0
9718,22.0,9,11,6,0.0
9719,30.0,9,11,2,0.0
9720,38.0,11,9,4,0.0
9721,52.0,13,7,3,0.0
9722,34.0,10,10,3,0.0
9723,30.0,10,10,5,0.0
9724,32.0,9,11,1,0.0
9725,48.0,13,7,5,0.0
9726,52.0,13,7,3,0.0
9727,48.0,12,8,2,0.0
9728,50.0,12,8,1,68743397376.0
9729,24.0,8,12,2,0.0
9730,20.0,8,12,4,0.0
9731,54.0,13,7,2,0.0
9732,26.0,9,11,4,0.0
9733,40.0,11,9,3,0.0
9734,42.0,11,9,2,0.0
9735,10.0,6,14,3,0.0
9736,60.0,14,6,2,0.0
9737,22.0,7,13,0,0.0
9738,50.0,13,7,4,0.0
9739,38.0,11,9,4,0.0
9740,52.0,12,8,0,0.0
9741,20.0,8,12,4,0.0
9742,26.0,9,11,4,0.0
9743,44.0,11,9,1,0.0
9744,68.0,16,4,4,0.0
9745,50.0,12,8,1,0.0
9746,34.0,10,10,3,0.0
9747,48.0,12,8,2,0.0
9748,34.0,10,10,3,0.0
9749,30.0,9,11,2,0.0
9750,48.0,12,8,2,0.0
9751,46.0,12,8,3,0.0
9752,62.0,14,6,1,0.0
9753,44.0,11,9,1,0.0
9754,48.0,12,8,2,0.0
9755,26.0,8,12,1,0.0
9756,52.0,12,8,0,0.0
9757,56.0,14,6,4,0.0
9758,-4.0,4,16,4,0.0
9759,18.0,7,13,2,0.0
9760,36.0,10,10,2,72285584.0
9761,38.0,10,10,1,0.0
9762,52.0,13,7,3,0.0
9763,52.0,13,7,3,0.0
9764,46.0,12,8,3,0.0
9765,26.0,9,11,4,0.0
9766,42.0,11,9,2,0.0
9767,40.0,10,10,0,0.0
9768,20.0,8,12,4,0.0
9769,36.0,10,10,2,0.0
9770,60.0,14,6,2,0.0
9771,48.0,12,8,2,0.0
9772,60.0,14,6,2,0.0
9773,72.0,16,4,2,0.0
9774,38.0,11,9,4,0.0
9775,20.0,8,12,4,0.0
9776,42.0,12,8,5,0.0
9777,44.0,12,8,4,0.0
9778,64.0,15,5,3,0.0
9779,24.0,8,12,2,0.0
9780,68.0,15,5,1,0.0
9781,50.0,12,8,1,0.0
9782,48.0,12,8,2,0.0
9783,36.0,10,10,2,0.0
9784,14.0,8,12,7,0.0
9785,36.0,10,10,2,0.0
9786,38.0,11,9,4,0.0
9787,10.0,6,14,3,0.0
9788,16.0,7,13,3,0.0
9789,34.0,10,10,3,0.0
9790,52.0,13,7,3,0.0
9791,54.0,14,6,5,0.0
9792,36.0,10,10,2,234621714432.0
9793,66.0,15,5,2,0.0
9794,30.0,9,11,2,0.0
9795,42.0,11,9,2,0.0
9796,30.0,9,11,2,0.0
9797,46.0,12,8,3,0.0
9798,34.0,10,10,3,0.0
9799,22.0,8,12,3,0.0
9800,34.0,10,10,3,0.0
9801,44.0,11,9,1,0.0
9802,50.0,13,7,4,0.0
9803,40.0,11,9,3,0.0
9804,42.0,12,8,5,0.0
9805,44.0,11,9,1,0.0
9806,24.0,8,12,2,0.0
9807,44.0,11,9,1,0.0
9808,46.0,11,9,0,0.0
9809,52.0,12,8,0,0.0
9810,20.0,9,11,7,0.0
9811,44.0,11,9,1,0.0
9812,42.0,11,9,2,0.0
9813,40.0,11,9,3,0.0
9814,48.0,12,8,2,0.0
9815,28.0,9,11,3,0.0
9816,34.0,9,11,0,0.0
9817,52.0,13,7,3,0.0
9818,20.0,8,12,4,0.0
9819,36.0,10,10,2,0.0
9820,28.0,9,11,3,0.0
9821,16.0,7,13,3,0.0
9822,52.0,13,7,3,0.0
9823,32.0,9,11,1,0.0
9824,42.0,11,9,2,45129220096.0
9825,42.0,11,9,2,0.0
9826,48.0,12,8,2,0.0
9827,28.0,9,11,3,0.0
9828,44.0,12,8,4,0.0
9829,36.0,11,9,5,0.0
9830,38.0,11,9,4,0.0
9831,2.0,5,15,4,0.0
9832,58.0,14,6,3,0.0
9833,32.0,10,10,4,0.0
9834,36.0,11,9,5,0.0
9835,12.0,6,14,2,0.0
9836,28.0,9,11,3,0.0
9837,48.0,12,8,2,0.0
9838,52.0,13,7,3,0.0
9839,48.0,12,8,2,0.0
9840,40.0,10,10,0,0.0
9841,40.0,11,9,3,0.0
9842,38.0,11,9,4,0.0
9843,36.0,10,10,2,0.0
9844,22.0,8,12,3,0.0
9845,22.0,9,11,6,0.0
9846,56.0,13,7,1,0.0
9847,34.0,10,10,3,0.0
9848,26.0,9,11,4,0.0
9849,46.0,12,8,3,0.0
9850,28.0,9,11,3,0.0
9851,42.0,11,9,2,0.0
9852,16.0,8,12,6,0.0
9853,56.0,13,7,1,0.0
9854,22.0,7,13,0,0.0
9855,28.0,8,12,0,0.0
9856,42.0,11,9,2,5607430029312.0
9857,34.0,9,11,0,0.0
9858,18.0,8,12,5,0.0
9859,26.0,8,12,1,0.0
9860,34.0,9,11,0,0.0
9861,34.0,10,10,3,0.0
9862,30.0,9,11,2,0.0
9863,44.0,11,9,1,0.0
9864,36.0,10,10,2,0.0
9865,30.0,11,9,8,0.0
9866,10.0,6,14,3,0.0
9867,18.0,8,12,5,0.0
9868,24.0,8,12,2,0.0
9869,28.0,9,11,3,0.0
9870,36.0,10,10,2,0.0
9871,62.0,16,4,7,0.0
9872,28.0,9,11,3,0.0
9873,36.0,11,9,5,0.0
9874,38.0,11,9,4,0.0
9875,36.0,11,9,5,0.0
9876,30.0,9,11,2,0.0
9877,42.0,12,8,5,0.0
9878,32.0,9,11,1,0.0
9879,48.0,12,8,2,0.0
9880,60.0,14,6,2,0.0
9881,22.0,8,12,3,0.0
9882,60.0,14,6,2,0.0
9883,34.0,9,11,0,0.0
9884,46.0,12,8,3,0.0
9885,58.0,14,6,3,0.0
9886,68.0,15,5,1,0.0
9887,42.0,11,9,2,0.0
9888,6.0,6,14,5,272181231616.0
9889,36.0,11,9,5,0.0
9890,42.0,12,8,5,0.0
9891,62.0,15,5,4,0.0
9892,34.0,10,10,3,0.0
9893,66.0,15,5,2,0.0
9894,30.0,10,10,5,0.0
9895,52.0,13,7,3,0.0
9896,8.0,5,15,1,0.0
9897,10.0,7,13,6,0.0
9898,48.0,13,7,5,0.0
9899,30.0,9,11,2,0.0
9900,22.0,8,12,3,0.0
9901,18.0,8,12,5,0.0
9902,48.0,12,8,2,0.0
9903,38.0,10,10,1,0.0
9904,34.0,10,10,3,0.0
9905,34.0,10,10,3,0.0
9906,30.0,10,10,5,0.0
9907,16.0,7,13,3,0.0
9908,38.0,11,9,4,0.0
9909,34.0,10,10,3,0.0
9910,36.0,10,10,2,0.0
9911,54.0,13,7,2,0.0
9912,38.0,10,10,1,0.0
9913,66.0,15,5,2,0.0
9914,34.0,10,10,3,0.0
9915,28.0,9,11,3,0.0
9916,16.0,7,13,3,0.0
9917,50.0,12,8,1,0.0
9918,32.0,9,11,1,0.0
9919,18.0,7,13,2,0.0
9920,30.0,10,10,5,23130976256.0
9921,26.0,9,11,4,0.0
9922,58.0,14,6,3,0.0
9923,32.0,9,11,1,0.0
9924,34.0,9,11,0,0.0
9925,46.0,11,9,0,0.0
9926,48.0,13,7,5,0.0
9927,0.0,5,15,5,0.0
9928,38.0,10,10,1,0.0
9929,42.0,11,9,2,0.0
9930,44.0,11,9,1,0.0
9931,62.0,14,6,1,0.0
9932,32.0,10,10,4,0.0
9933,40.0,11,9,3,0.0
9934,50.0,13,7,4,0.0
9935,40.0,10,10,0,0.0
9936,26.0,8,12,1,0.0
9937,46.0,13,7,6,0.0
9938,44.0,11,9,1,0.0
9939,62.0,14,6,1,0.0
9940,26.0,9,11,4,0.0
9941,50.0,13,7,4,0.0
9942,24.0,8,12,2,0.0
9943,18.0,8,12,5,0.0
9944,40.0,11,9,3,0.0
9945,34.0,10,10,3,0.0
9946,28.0,9,11,3,0.0
9947,40.0,12,8,6,0.0
9948,36.0,12,8,8,0.0
9949,32.0,11,9,7,0.0
9950,36.0,11,9,5,0.0
9951,34.0,10,10,3,0.0
9952,42.0,11,9,2,789757100032.0
9953,38.0,10,10,1,0.0
9954,46.0,12,8,3,0.0
9955,38.0,11,9,4,0.0
9956,38.0,11,9,4,0.0
9957,56.0,13,7,1,0.0
9958,44.0,12,8,4,0.0
9959,40.0,11,9,3,0.0
9960,16.0,7,13,3,0.0
9961,36.0,10,10,2,0.0
9962,54.0,13,7,2,0.0
9963,12.0,6,14,2,0.0
9964,38.0,11,9,4,0.0
9965,16.0,7,13,3,0.0
9966,28.0,9,11,3,0.0
9967,30.0,9,11,2,0.0
9968,26.0,9,11,4,0.0
9969,18.0,9,11,8,0.0
9970,50.0,12,8,1,0.0
9971,62.0,14,6,1,0.0
9972,24.0,9,11,5,0.0
9973,62.0,14,6,1,0.0
9974,32.0,10,10,4,0.0
9975,42.0,12,8,5,0.0
9976,42.0,11,9,2,0.0
9977,32.0,10,10,4,0.0
9978,42.0,11,9,2,0.0
9979,46.0,11,9,0,0.0
9980,30.0,9,11,2,0.0
9981,50.0,12,8,1,0.0
9982,42.0,11,9,2,0.0
9983,28.0,9,11,3,0.0
9984,48.0,12,8,2,125957791744.0
9985,22.0,7,13,0,0.0
9986,44.0,12,8,4,0.0
9987,44.0,11,9,1,0.0
9988,34.0,11,9,6,0.0
9989,24.0,9,11,5,0.0
9990,50.0,12,8,1,0.0
9991,24.0,8,12,2,0.0
9992,34.0,11,9,6,0.0
9993,18.0,8,12,5,0.0
9994,18.0,8,12,5,0.0
9995,42.0,11,9,2,0.0
9996,48.0,12,8,2,0.0
9997,54.0,13,7,2,0.0
9998,10.0,6,14,3,0.0
9999,44.0,12,8,4,0.0
10000,36.0,10,10,2,0.0
10001,40.0,11,9,3,0.0
10002,36.0,11,9,5,0.0
10003,20.0,8,12,4,0.0
10004,42.0,11,9,2,0.0
10005,30.0,10,10,5,0.0
10006,38.0,10,10,1,0.0
10007,40.0,11,9,3,0.0
10008,28.0,8,12,0,0.0
10009,26.0,9,11,4,0.0
10010,26.0,8,12,1,0.0
10011,58.0,13,7,0,0.0
10012,40.0,11,9,3,0.0
10013,40.0,11,9,3,0.0
10014,66.0,15,5,2,0.0
10015,42.0,11,9,2,0.0
10016,38.0,11,9,4,492272448.0
10017,36.0,12,8,8,0.0
10018,54.0,14,6,5,0.0
10019,48.0,12,8,2,0.0
10020,24.0,8,12,2,0.0
10021,18.0,7,13,2,0.0
10022,44.0,11,9,1,0.0
10023,50.0,13,7,4,0.0
10024,36.0,10,10,2,0.0
10025,24.0,8,12,2,0.0
10026,18.0,7,13,2,0.0
10027,50.0,12,8,1,0.0
10028,34.0,11,9,6,0.0
10029,8.0,6,14,4,0.0
10030,22.0,8,12,3,0.0
10031,18.0,7,13,2,0.0
10032,46.0,12,8,3,0.0
10033,34.0,10,10,3,0.0
10034,22.0,8,12,3,0.0
10035,40.0,13,7,9,0.0
10036,26.0,9,11,4,0.0
10037,20.0,8,12,4,0.0
10038,52.0,13,7,3,0.0
10039,36.0,10,10,2,0.0
10040,40.0,11,9,3,0.0
10041,66.0,15,5,2,0.0
10042,44.0,12,8,4,0.0
10043,24.0,9,11,5,0.0
10044,46.0,12,8,3,0.0
10045,24.0,9,11,5,0.0
10046,40.0,11,9,3,0.0
10047,50.0,12,8,1,0.0
10048,22.0,9,11,6,1194417408.0
10049,32.0,10,10,4,0.0
10050,2.0,4,16,1,0.0
10051,38.0,10,10,1,0.0
10052,24.0,8,12,2,0.0
10053,46.0,11,9,0,0.0
10054,62.0,15,5,4,0.0
10055,24.0,9,11,5,0.0
10056,24.0,9,11,5,0.0
10057,72.0,16,4,2,0.0
10058,34.0,10,10,3,0.0
10059,30.0,9,11,2,0.0
10060,4.0,5,15,3,0.0
10061,44.0,11,9,1,0.0
10062,24.0,8,12,2,0.0
10063,50.0,12,8,1,0.0
10064,48.0,12,8,2,0.0
10065,30.0,9,11,2,0.0
10066,52.0,14,6,6,0.0
10067,4.0,5,15,3,0.0
10068,70.0,16,4,3,0.0
10069,20.0,7,13,1,0.0
10070,26.0,9,11,4,0.0
10071,54.0,13,7,2,0.0
10072,32.0,10,10,4,0.0
10073,20.0,7,13,1,0.0
10074,40.0,11,9,3,0.0
10075,30.0,10,10,5,0.0
10076,20.0,8,12,4,0.0
10077,22.0,8,12,3,0.0
10078,48.0,12,8,2,0.0
10079,56.0,13,7,1,0.0
10080,40.0,10,10,0,620679528448.0
10081,28.0,9,11,3,0.0
10082,44.0,11,9,1,0.0
10083,28.0,9,11,3,0.0
10084,58.0,14,6,3,0.0
10085,42.0,12,8,5,0.0
10086,26.0,8,12,1,0.0
10087,52.0,14,6,6,0.0
10088,38.0,10,10,1,0.0
10089,24.0,9,11,5,0.0
10090,60.0,14,6,2,0.0
10091,42.0,11,9,2,0.0
10092,44.0,11,9,1,0.0
10093,44.0,12,8,4,0.0
10094,26.0,8,12,1,0.0
10095,20.0,7,13,1,0.0
10096,30.0,10,10,5,0.0
10097,26.0,9,11,4,0.0
10098,48.0,12,8,2,0.0
10099,20.0,7,13,1,0.0
10100,32.0,9,11,1,0.0
10101,28.0,9,11,3,0.0
10102,42.0,11,9,2,0.0
10103,48.0,12,8,2,0.0
10104,24.0,9,11,5,0.0
10105,22.0,8,12,3,0.0
10106,30.0,9,11,2,0.0
10107,28.0,10,10,6,0.0
10108,48.0,12,8,2,0.0
10109,30.0,9,11,2,0.0
10110,50.0,13,7,4,0.0
10111,48.0,12,8,2,0.0
10112,54.0,14,6,5,19052185518080.0
10113,26.0,10,10,7,0.0
10114,30.0,9,11,2,0.0
10115,38.0,11,9,4,0.0
10116,38.0,11,9,4,0.0
10117,36.0,10,10,2,0.0
10118,28.0,9,11,3,0.0
10119,18.0,9,11,8,0.0
10120,52.0,13,7,3,0.0
10121,62.0,14,6,1,0.0
10122,26.0,9,11,4,0.0
10123,44.0,12,8,4,0.0
10124,20.0,7,13,1,0.0
10125,32.0,9,11,1,0.0
10126,14.0,7,13,4,0.0
10127,48.0,12,8,2,0.0
10128,46.0,12,8,3,0.0
10129,38.0,11,9,4,0.0
10130,56.0,13,7,1,0.0
10131,20.0,8,12,4,0.0
10132,20.0,8,12,4,0.0
10133,32.0,10,10,4,0.0
10134,22.0,8,12,3,0.0
10135,36.0,11,9,5,0.0
10136,30.0,10,10,5,0.0
10137,44.0,12,8,4,0.0
10138,50.0,12,8,1,0.0
10139,40.0,10,10,0,0.0
10140,32.0,9,11,1,0.0
10141,14.0,7,13,4,0.0
10142,24.0,8,12,2,0.0
10143,40.0,10,10,0,0.0
10144,44.0,11,9,1,504516928.0
10145,20.0,8,12,4,0.0
10146,58.0,14,6,3,0.0
10147,46.0,12,8,3,0.0
10148,20.0,7,13,1,0.0
10149,20.0,7,13,1,0.0
10150,34.0,9,11,0,0.0
10151,44.0,11,9,1,0.0
10152,46.0,12,8,3,0.0
10153,40.0,11,9,3,0.0
10154,24.0,9,11,5,0.0
10155,54.0,13,7,2,0.0
10156,30.0,9,11,2,0.0
10157,20.0,8,12,4,0.0
10158,32.0,10,10,4,0.0
10159,26.0,9,11,4,0.0
10160,44.0,12,8,4,0.0
10161,58.0,14,6,3,0.0
10162,48.0,12,8,2,0.0
10163,24.0,8,12,2,0.0
10164,50.0,13,7,4,0.0
10165,54.0,13,7,2,0.0
10166,28.0,9,11,3,0.0
10167,42.0,12,8,5,0.0
10168,22.0,8,12,3,0.0
10169,30.0,9,11,2,0.0
10170,24.0,8,12,2,0.0
10171,20.0,8,12,4,0.0
10172,10.0,6,14,3,0.0
10173,36.0,10,10,2,0.0
10174,52.0,12,8,0,0.0
10175,36.0,10,10,2,0.0
10176,34.0,11,9,6,715453038592.0
10177,38.0,11,9,4,0.0
10178,28.0,9,11,3,0.0
10179,44.0,11,9,1,0.0
10180,4.0,5,15,3,0.0
10181,56.0,14,6,4,0.0
10182,32.0,9,11,1,0.0
10183,30.0,9,11,2,0.0
10184,38.0,10,10,1,0.0
10185,68.0,15,5,1,0.0
10186,44.0,11,9,1,0.0
10187,36.0,10,10,2,0.0
10188,70.0,16,4,3,0.0
10189,54.0,13,7,2,0.0
10190,18.0,8,12,5,0.0
10191,56.0,13,7,1,0.0
10192,62.0,14,6,1,0.0
10193,34.0,10,10,3,0.0
10194,10.0,6,14,3,0.0
10195,62.0,14,6,1,0.0
10196,44.0,11,9,1,0.0
10197,42.0,11,9,2,0.0
10198,10.0,7,13,6,0.0
10199,34.0,10,10,3,0.0
10200,38.0,11,9,4,0.0
10201,22.0,8,12,3,0.0
10202,38.0,10,10,1,0.0
10203,66.0,15,5,2,0.0
10204,38.0,12,8,7,0.0
10205,42.0,12,8,5,0.0
10206,32.0,9,11,1,0.0
10207,52.0,13,7,3,0.0
10208,58.0,15,5,6,36112519168.0
10209,32.0,9,11,1,0.0
10210,26.0,8,12,1,0.0
10211,42.0,11,9,2,0.0
10212,56.0,13,7,1,0.0
10213,50.0,12,8,1,0.0
10214,40.0,12,8,6,0.0
10215,44.0,11,9,1,0.0
10216,54.0,14,6,5,0.0
10217,56.0,14,6,4,0.0
10218,64.0,15,5,3,0.0
10219,28.0,9,11,3,0.0
10220,48.0,13,7,5,0.0
10221,44.0,11,9,1,0.0
10222,34.0,10,10,3,0.0
10223,44.0,11,9,1,0.0
10224,26.0,8,12,1,0.0
10225,20.0,8,12,4,0.0
10226,46.0,11,9,0,0.0
10227,26.0,9,11,4,0.0
10228,76.0,17,3,3,0.0
10229,58.0,14,6,3,0.0
10230,50.0,13,7,4,0.0
10231,42.0,11,9,2,0.0
10232,34.0,10,10,3,0.0
10233,28.0,9,11,3,0.0
10234,48.0,12,8,2,0.0
10235,18.0,7,13,2,0.0
10236,40.0,11,9,3,0.0
10237,28.0,10,10,6,0.0
10238,28.0,9,11,3,0.0
10239,48.0,12,8,2,0.0
10240,50.0,12,8,1,216109382893568.0
10241,30.0,9,11,2,0.0
10242,20.0,7,13,1,0.0
10243,56.0,13,7,1,0.0
10244,26.0,9,11,4,0.0
10245,56.0,13,7,1,0.0
10246,40.0,11,9,3,0.0
10247,18.0,7,13,2,0.0
10248,42.0,11,9,2,0.0
10249,56.0,14,6,4,0.0
10250,16.0,7,13,3,0.0
10251,40.0,11,9,3,0.0
10252,24.0,8,12,2,0.0
10253,38.0,10,10,1,0.0
10254,36.0,10,10,2,0.0
10255,24.0,8,12,2,0.0
10256,22.0,8,12,3,0.0
10257,34.0,10,10,3,0.0
10258,40.0,11,9,3,0.0
10259,34.0,10,10,3,0.0
10260,34.0,10,10,3,0.0
10261,58.0,13,7,0,0.0
10262,40.0,11,9,3,0.0
10263,44.0,12,8,4,0.0
10264,36.0,11,9,5,0.0
10265,28.0,9,11,3,0.0
10266,44.0,11,9,1,0.0
10267,18.0,7,13,2,0.0
10268,44.0,11,9,1,0.0
10269,20.0,8,12,4,0.0
10270,34.0,10,10,3,0.0
10271,30.0,9,11,2,0.0
10272,66.0,15,5,2,24333232.0
10273,26.0,9,11,4,0.0
10274,44.0,12,8,4,0.0
10275,34.0,10,10,3,0.0
10276,36.0,11,9,5,0.0
10277,44.0,12,8,4,0.0
10278,42.0,12,8,5,0.0
10279,28.0,9,11,3,0.0
10280,32.0,9,11,1,0.0
10281,44.0,11,9,1,0.0
10282,20.0,9,11,7,0.0
10283,42.0,11,9,2,0.0
10284,42.0,11,9,2,0.0
10285,38.0,10,10,1,0.0
10286,34.0,9,11,0,0.0
10287,50.0,12,8,1,0.0
10288,48.0,12,8,2,0.0
10289,20.0,8,12,4,0.0
10290,30.0,9,11,2,0.0
10291,40.0,12,8,6,0.0
10292,26.0,9,11,4,0.0
10293,34.0,10,10,3,0.0
10294,36.0,11,9,5,0.0
10295,34.0,10,10,3,0.0
10296,54.0,13,7,2,0.0
10297,26.0,9,11,4,0.0
10298,44.0,11,9,1,0.0
10299,38.0,11,9,4,0.0
10300,36.0,10,10,2,0.0
10301,10.0,6,14,3,0.0
10302,30.0,10,10,5,0.0
10303,46.0,12,8,3,0.0
10304,36.0,11,9,5,127635696.0
10305,46.0,11,9,0,0.0
10306,46.0,12,8,3,0.0
10307,40.0,11,9,3,0.0
10308,48.0,12,8,2,0.0
10309,58.0,13,7,0,0.0
10310,34.0,10,10,3,0.0
10311,48.0,13,7,5,0.0
10312,50.0,13,7,4,0.0
10313,30.0,10,10,5,0.0
10314,50.0,12,8,1,0.0
10315,28.0,9,11,3,0.0
10316,28.0,9,11,3,0.0
10317,40.0,10,10,0,0.0
10318,52.0,13,7,3,0.0
10319,40.0,11,9,3,0.0
10320,28.0,9,11,3,0.0
10321,42.0,11,9,2,0.0
10322,82.0,17,3,0,0.0
10323,54.0,13,7,2,0.0
10324,48.0,12,8,2,0.0
10325,54.0,13,7,2,0.0
10326,20.0,8,12,4,0.0
10327,56.0,13,7,1,0.0
10328,28.0,9,11,3,0.0
10329,36.0,10,10,2,0.0
10330,66.0,15,5,2,0.0
10331,50.0,12,8,1,0.0
10332,24.0,8,12,2,0.0
10333,50.0,12,8,1,0.0
10334,44.0,12,8,4,0.0
10335,44.0,11,9,1,0.0
10336,12.0,6,14,2,27662706688.0
10337,44.0,11,9,1,0.0
10338,30.0,10,10,5,0.0
10339,64.0,15,5,3,0.0
10340,42.0,11,9,2,0.0
10341,44.0,12,8,4,0.0
10342,30.0,10,10,5,0.0
10343,40.0,11,9,3,0.0
10344,30.0,9,11,2,0.0
10345,32.0,11,9,7,0.0
10346,28.0,9,11,3,0.0
10347,56.0,13,7,1,0.0
10348,38.0,11,9,4,0.0
10349,22.0,8,12,3,0.0
10350,36.0,10,10,2,0.0
10351,56.0,13,7,1,0.0
10352,42.0,11,9,2,0.0
10353,46.0,11,9,0,0.0
10354,48.0,13,7,5,0.0
10355,16.0,7,13,3,0.0
10356,14.0,6,14,1,0.0
10357,40.0,11,9,3,0.0
10358,74.0,16,4,1,0.0
10359,38.0,10,10,1,0.0
10360,28.0,9,11,3,0.0
10361,32.0,10,10,4,0.0
10362,32.0,9,11,1,0.0
10363,48.0,12,8,2,0.0
10364,24.0,9,11,5,0.0
10365,12.0,6,14,2,0.0
10366,34.0,10,10,3,0.0
10367,22.0,8,12,3,0.0
10368,28.0,10,10,6,48417275904.0
10369,32.0,10,10,4,0.0
10370,42.0,11,9,2,0.0
10371,18.0,8,12,5,0.0
10372,46.0,12,8,3,0.0
10373,30.0,9,11,2,0.0
10374,66.0,15,5,2,0.0
10375,40.0,12,8,6,0.0
10376,38.0,11,9,4,0.0
10377,26.0,8,12,1,0.0
10378,32.0,10,10,4,0.0
10379,30.0,9,11,2,0.0
10380,50.0,13,7,4,0.0
10381,40.0,11,9,3,0.0
10382,32.0,9,11,1,0.0
10383,38.0,11,9,4,0.0
10384,34.0,11,9,6,0.0
10385,24.0,8,12,2,0.0
10386,32.0,9,11,1,0.0
10387,48.0,12,8,2,0.0
10388,46.0,12,8,3,0.0
10389,24.0,8,12,2,0.0
10390,32.0,10,10,4,0.0
10391,28.0,9,11,3,0.0
10392,40.0,12,8,6,0.0
10393,24.0,8,12,2,0.0
10394,28.0,9,11,3,0.0
10395,44.0,11,9,1,0.0
10396,32.0,9,11,1,0.0
10397,20.0,7,13,1,0.0
10398,42.0,12,8,5,0.0
10399,32.0,9,11,1,0.0
10400,54.0,13,7,2,4819761152.0
10401,34.0,10,10,3,0.0
10402,46.0,11,9,0,0.0
10403,54.0,13,7,2,0.0
10404,30.0,9,11,2,0.0
10405,26.0,9,11,4,0.0
10406,32.0,9,11,1,0.0
10407,44.0,12,8,4,0.0
10408,40.0,11,9,3,0.0
10409,24.0,8,12,2,0.0
10410,32.0,10,10,4,0.0
10411,48.0,13,7,5,0.0
10412,56.0,14,6,4,0.0
10413,52.0,12,8,0,0.0
10414,46.0,12,8,3,0.0
10415,34.0,10,10,3,0.0
10416,28.0,9,11,3,0.0
10417,32.0,9,11,1,0.0
10418,32.0,9,11,1,0.0
10419,48.0,12,8,2,0.0
10420,20.0,9,11,7,0.0
10421,48.0,12,8,2,0.0
10422,34.0,10,10,3,0.0
10423,66.0,15,5,2,0.0
10424,28.0,9,11,3,0.0
10425,44.0,11,9,1,0.0
10426,40.0,11,9,3,0.0
10427,54.0,13,7,2,0.0
10428,26.0,8,12,1,0.0
10429,24.0,8,12,2,0.0
10430,64.0,15,5,3,0.0
10431,50.0,12,8,1,0.0
10432,42.0,11,9,2,107473981669376.0
10433,34.0,10,10,3,0.0
10434,32.0,10,10,4,0.0
10435,36.0,10,10,2,0.0
10436,30.0,9,11,2,0.0
10437,72.0,16,4,2,0.0
10438,20.0,8,12,4,0.0
10439,52.0,12,8,0,0.0
10440,30.0,9,11,2,0.0
10441,50.0,12,8,1,0.0
10442,44.0,12,8,4,0.0
10443,26.0,8,12,1,0.0
10444,32.0,11,9,7,0.0
10445,32.0,9,11,1,0.0
10446,46.0,13,7,6,0.0
10447,48.0,13,7,5,0.0
10448,2.0,4,16,1,0.0
10449,72.0,16,4,2,0.0
10450,22.0,8,12,3,0.0
10451,38.0,10,10,1,0.0
10452,48.0,12,8,2,0.0
10453,26.0,8,12,1,0.0
10454,14.0,7,13,4,0.0
10455,44.0,12,8,4,0.0
10456,48.0,12,8,2,0.0
10457,26.0,9,11,4,0.0
10458,18.0,8,12,5,0.0
10459,48.0,12,8,2,0.0
10460,40.0,12,8,6,0.0
10461,16.0,7,13,3,0.0
10462,36.0,10,10,2,0.0
10463,46.0,12,8,3,0.0
10464,70.0,16,4,3,78149008.0
10465,42.0,11,9,2,0.0
10466,44.0,12,8,4,0.0
10467,52.0,13,7,3,0.0
10468,38.0,11,9,4,0.0
10469,46.0,12,8,3,0.0
10470,62.0,15,5,4,0.0
10471,58.0,13,7,0,0.0
10472,32.0,10,10,4,0.0
10473,18.0,8,12,5,0.0
10474,66.0,16,4,5,0.0
10475,74.0,16,4,1,0.0
10476,32.0,9,11,1,0.0
10477,24.0,8,12,2,0.0
10478,28.0,9,11,3,0.0
10479,44.0,12,8,4,0.0
10480,52.0,13,7,3,0.0
10481,30.0,9,11,2,0.0
10482,38.0,11,9,4,0.0
10483,50.0,12,8,1,0.0
10484,48.0,12,8,2,0.0
10485,48.0,12,8,2,0.0
10486,28.0,10,10,6,0.0
10487,30.0,10,10,5,0.0
10488,42.0,11,9,2,0.0
10489,40.0,11,9,3,0.0
10490,26.0,9,11,4,0.0
10491,18.0,7,13,2,0.0
10492,34.0,10,10,3,0.0
10493,52.0,13,7,3,0.0
10494,46.0,12,8,3,0.0
10495,22.0,8,12,3,0.0
10496,46.0,11,9,0,54888493056.0
10497,50.0,12,8,1,0.0
10498,64.0,14,6,0,0.0
10499,28.0,9,11,3,0.0
10500,32.0,10,10,4,0.0
10501,26.0,8,12,1,0.0
10502,38.0,10,10,1,0.0
10503,52.0,12,8,0,0.0
10504,44.0,11,9,1,0.0
10505,52.0,12,8,0,0.0
10506,32.0,9,11,1,0.0
10507,24.0,9,11,5,0.0
10508,22.0,8,12,3,0.0
10509,48.0,13,7,5,0.0
10510,24.0,8,12,2,0.0
10511,40.0,11,9,3,0.0
10512,26.0,9,11,4,0.0
10513,58.0,13,7,0,0.0
10514,46.0,12,8,3,0.0
10515,32.0,9,11,1,0.0
10516,48.0,12,8,2,0.0
10517,20.0,8,12,4,0.0
10518,28.0,9,11,3,0.0
10519,10.0,5,15,0,0.0
10520,50.0,12,8,1,0.0
10521,-4.0,4,16,4,0.0
10522,56.0,14,6,4,0.0
10523,24.0,8,12,2,0.0
10524,54.0,13,7,2,0.0
10525,34.0,10,10,3,0.0
10526,26.0,8,12,1,0.0
10527,62.0,15,5,4,0.0
10528,40.0,11,9,3,3345726208.0
10529,36.0,10,10,2,0.0
10530,36.0,10,10,2,0.0
10531,36.0,11,9,5,0.0
10532,16.0,7,13,3,0.0
10533,46.0,13,7,6,0.0
10534,26.0,8,12,1,0.0
10535,30.0,9,11,2,0.0
10536,22.0,8,12,3,0.0
10537,62.0,14,6,1,0.0
10538,32.0,9,11,1,0.0
10539,48.0,12,8,2,0.0
10540,36.0,10,10,2,0.0
10541,28.0,9,11,3,0.0
10542,6.0,6,14,5,0.0
10543,28.0,8,12,0,0.0
10544,24.0,8,12,2,0.0
10545,32.0,9,11,1,0.0
10546,46.0,12,8,3,0.0
10547,20.0,8,12,4,0.0
10548,22.0,8,12,3,0.0
10549,32.0,10,10,4,0.0
10550,36.0,10,10,2,0.0
10551,42.0,11,9,2,0.0
10552,34.0,10,10,3,0.0
10553,46.0,12,8,3,0.0
10554,44.0,12,8,4,0.0
10555,44.0,12,8,4,0.0
10556,16.0,7,13,3,0.0
10557,34.0,10,10,3,0.0
10558,40.0,10,10,0,0.0
10559,40.0,11,9,3,0.0
10560,68.0,16,4,4,26135112974336.0
10561,50.0,12,8,1,0.0
10562,26.0,9,11,4,0.0
10563,44.0,11,9,1,0.0
10564,20.0,9,11,7,0.0
10565,18.0,7,13,2,0.0
10566,54.0,13,7,2,0.0
10567,70.0,16,4,3,0.0
10568,22.0,8,12,3,0.0
10569,36.0,10,10,2,0.0
10570,38.0,10,10,1,0.0
10571,26.0,8,12,1,0.0
10572,40.0,12,8,6,0.0
10573,30.0,9,11,2,0.0
10574,48.0,12,8,2,0.0
10575,22.0,9,11,6,0.0
10576,44.0,12,8,4,0.0
10577,44.0,12,8,4,0.0
10578,32.0,9,11,1,0.0
10579,50.0,12,8,1,0.0
10580,28.0,9,11,3,0.0
10581,38.0,10,10,1,0.0
10582,54.0,13,7,2,0.0
10583,46.0,12,8,3,0.0
10584,30.0,9,11,2,0.0
10585,56.0,14,6,4,0.0
10586,36.0,11,9,5,0.0
10587,42.0,11,9,2,0.0
10588,6.0,5,15,2,0.0
10589,40.0,10,10,0,0.0
10590,26.0,10,10,7,0.0
10591,28.0,9,11,3,0.0
10592,44.0,12,8,4,3293379035136.0
10593,38.0,11,9,4,0.0
10594,48.0,12,8,2,0.0
10595,50.0,13,7,4,0.0
10596,34.0,9,11,0,0.0
10597,42.0,12,8,5,0.0
10598,24.0,8,12,2,0.0
10599,34.0,11,9,6,0.0
10600,46.0,11,9,0,0.0
10601,20.0,7,13,1,0.0
10602,28.0,9,11,3,0.0
10603,24.0,8,12,2,0.0
10604,54.0,13,7,2,0.0
10605,34.0,10,10,3,0.0
10606,46.0,12,8,3,0.0
10607,50.0,12,8,1,0.0
10608,46.0,12,8,3,0.0
10609,54.0,13,7,2,0.0
10610,62.0,14,6,1,0.0
10611,32.0,9,11,1,0.0
10612,44.0,11,9,1,0.0
10613,38.0,10,10,1,0.0
10614,48.0,12,8,2,0.0
10615,32.0,10,10,4,0.0
10616,50.0,12,8,1,0.0
10617,42.0,11,9,2,0.0
10618,48.0,12,8,2,0.0
10619,50.0,12,8,1,0.0
10620,26.0,9,11,4,0.0
10621,36.0,10,10,2,0.0
10622,38.0,12,8,7,0.0
10623,50.0,12,8,1,0.0
10624,40.0,10,10,0,3150374764544.0
10625,58.0,13,7,0,0.0
10626,30.0,9,11,2,0.0
10627,62.0,15,5,4,0.0
10628,44.0,12,8,4,0.0
10629,34.0,9,11,0,0.0
10630,42.0,12,8,5,0.0
10631,48.0,13,7,5,0.0
10632,-6.0,4,16,5,0.0
10633,26.0,9,11,4,0.0
10634,16.0,7,13,3,0.0
10635,30.0,10,10,5,0.0
10636,46.0,12,8,3,0.0
10637,30.0,10,10,5,0.0
10638,46.0,12,8,3,0.0
10639,18.0,7,13,2,0.0
10640,28.0,8,12,0,0.0
10641,36.0,10,10,2,0.0
10642,34.0,10,10,3,0.0
10643,40.0,12,8,6,0.0
10644,26.0,9,11,4,0.0
10645,56.0,13,7,1,0.0
10646,46.0,13,7,6,0.0
10647,40.0,12,8,6,0.0
10648,48.0,12,8,2,0.0
10649,52.0,12,8,0,0.0
10650,28.0,8,12,0,0.0
10651,44.0,12,8,4,0.0
10652,36.0,10,10,2,0.0
10653,48.0,12,8,2,0.0
10654,54.0,13,7,2,0.0
10655,28.0,9,11,3,0.0
10656,44.0,12,8,4,683098176.0
10657,18.0,7,13,2,0.0
10658,34.0,10,10,3,0.0
10659,50.0,12,8,1,0.0
10660,18.0,7,13,2,0.0
10661,40.0,12,8,6,0.0
10662,34.0,10,10,3,0.0
10663,36.0,11,9,5,0.0
10664,48.0,12,8,2,0.0
10665,38.0,10,10,1,0.0
10666,68.0,15,5,1,0.0
10667,24.0,9,11,5,0.0
10668,30.0,9,11,2,0.0
10669,16.0,7,13,3,0.0
10670,46.0,12,8,3,0.0
10671,34.0,9,11,0,0.0
10672,42.0,11,9,2,0.0
10673,48.0,12,8,2,0.0
10674,20.0,8,12,4,0.0
10675,24.0,9,11,5,0.0
10676,8.0,5,15,1,0.0
10677,32.0,9,11,1,0.0
10678,10.0,6,14,3,0.0
10679,2.0,5,15,4,0.0
10680,34.0,10,10,3,0.0
10681,80.0,17,3,1,0.0
10682,14.0,7,13,4,0.0
10683,14.0,7,13,4,0.0
10684,28.0,9,11,3,0.0
10685,38.0,11,9,4,0.0
10686,38.0,11,9,4,0.0
10687,40.0,11,9,3,0.0
10688,46.0,12,8,3,2501820160.0
10689,26.0,8,12,1,0.0
10690,30.0,10,10,5,0.0
10691,38.0,10,10,1,0.0
10692,2.0,5,15,4,0.0
10693,48.0,12,8,2,0.0
10694,18.0,7,13,2,0.0
10695,52.0,13,7,3,0.0
10696,38.0,12,8,7,0.0
10697,32.0,9,11,1,0.0
10698,34.0,10,10,3,0.0
10699,58.0,14,6,3,0.0
10700,16.0,6,14,0,0.0
10701,32.0,10,10,4,0.0
10702,40.0,11,9,3,0.0
10703,44.0,12,8,4,0.0
10704,54.0,13,7,2,0.0
10705,40.0,11,9,3,0.0
10706,48.0,13,7,5,0.0
10707,42.0,12,8,5,0.0
10708,40.0,11,9,3,0.0
10709,20.0,8,12,4,0.0
10710,50.0,13,7,4,0.0
10711,56.0,13,7,1,0.0
10712,36.0,12,8,8,0.0
10713,30.0,10,10,5,0.0
10714,42.0,12,8,5,0.0
10715,20.0,8,12,4,0.0
10716,44.0,11,9,1,0.0
10717,12.0,6,14,2,0.0
10718,38.0,11,9,4,0.0
10719,32.0,10,10,4,0.0
10720,26.0,9,11,4,19712032768.0
10721,34.0,10,10,3,0.0
10722,42.0,11,9,2,0.0
10723,50.0,13,7,4,0.0
10724,62.0,15,5,4,0.0
10725,38.0,10,10,1,0.0
10726,54.0,13,7,2,0.0
10727,36.0,10,10,2,0.0
10728,24.0,8,12,2,0.0
10729,40.0,10,10,0,0.0
10730,30.0,10,10,5,0.0
10731,40.0,10,10,0,0.0
10732,10.0,6,14,3,0.0
10733,28.0,9,11,3,0.0
10734,60.0,14,6,2,0.0
10735,42.0,11,9,2,0.0
10736,34.0,10,10,3,0.0
10737,38.0,10,10,1,0.0
10738,32.0,9,11,1,0.0
10739,28.0,9,11,3,0.0
10740,28.0,8,12,0,0.0
10741,46.0,12,8,3,0.0
10742,28.0,10,10,6,0.0
10743,48.0,12,8,2,0.0
10744,54.0,14,6,5,0.0
10745,36.0,10,10,2,0.0
10746,36.0,11,9,5,0.0
10747,40.0,11,9,3,0.0
10748,26.0,9,11,4,0.0
10749,32.0,10,10,4,0.0
10750,48.0,12,8,2,0.0
10751,40.0,11,9,3,0.0
10752,24.0,8,12,2,922291929088.0
10753,40.0,12,8,6,0.0
10754,62.0,15,5,4,0.0
10755,56.0,13,7,1,0.0
10756,56.0,14,6,4,0.0
10757,52.0,13,7,3,0.0
10758,40.0,12,8,6,0.0
10759,24.0,9,11,5,0.0
10760,34.0,10,10,3,0.0
10761,2.0,5,15,4,0.0
10762,38.0,11,9,4,0.0
10763,28.0,9,11,3,0.0
10764,16.0,7,13,3,0.0
10765,44.0,12,8,4,0.0
10766,24.0,9,11,5,0.0
10767,48.0,13,7,5,0.0
10768,14.0,7,13,4,0.0
10769,38.0,11,9,4,0.0
10770,58.0,13,7,0,0.0
10771,16.0,7,13,3,0.0
10772,16.0,7,13,3,0.0
10773,54.0,13,7,2,0.0
10774,76.0,17,3,3,0.0
10775,42.0,11,9,2,0.0
10776,34.0,10,10,3,0.0
10777,34.0,11,9,6,0.0
10778,30.0,9,11,2,0.0
10779,62.0,14,6,1,0.0
10780,44.0,12,8,4,0.0
10781,20.0,7,13,1,0.0
10782,36.0,11,9,5,0.0
10783,16.0,7,13,3,0.0
10784,-2.0,4,16,3,2006321792.0
10785,38.0,11,9,4,0.0
10786,34.0,10,10,3,0.0
10787,50.0,12,8,1,0.0
10788,36.0,10,10,2,0.0
10789,44.0,12,8,4,0.0
10790,18.0,8,12,5,0.0
10791,50.0,12,8,1,0.0
10792,34.0,10,10,3,0.0
10793,22.0,8,12,3,0.0
10794,46.0,12,8,3,0.0
10795,38.0,10,10,1,0.0
10796,16.0,7,13,3,0.0
10797,12.0,6,14,2,0.0
10798,24.0,8,12,2,0.0
10799,42.0,11,9,2,0.0
10800,44.0,11,9,1,0.0
10801,40.0,10,10,0,0.0
10802,46.0,12,8,3,0.0
10803,42.0,11,9,2,0.0
10804,34.0,9,11,0,0.0
10805,30.0,9,11,2,0.0
10806,52.0,13,7,3,0.0
10807,38.0,11,9,4,0.0
10808,22.0,8,12,3,0.0
10809,48.0,12,8,2,0.0
10810,16.0,7,13,3,0.0
10811,42.0,11,9,2,0.0
10812,50.0,13,7,4,0.0
10813,30.0,10,10,5,0.0
10814,26.0,9,11,4,0.0
10815,56.0,13,7,1,0.0
10816,38.0,11,9,4,353812938752.0
10817,60.0,14,6,2,0.0
10818,22.0,8,12,3,0.0
10819,20.0,9,11,7,0.0
10820,26.0,9,11,4,0.0
10821,60.0,14,6,2,0.0
10822,24.0,9,11,5,0.0
10823,34.0,10,10,3,0.0
10824,30.0,9,11,2,0.0
10825,14.0,7,13,4,0.0
10826,50.0,12,8,1,0.0
10827,22.0,9,11,6,0.0
10828,8.0,6,14,4,0.0
10829,42.0,11,9,2,0.0
10830,10.0,6,14,3,0.0
10831,28.0,10,10,6,0.0
10832,40.0,11,9,3,0.0
10833,50.0,12,8,1,0.0
10834,40.0,10,10,0,0.0
10835,32.0,9,11,1,0.0
10836,16.0,6,14,0,0.0
10837,26.0,9,11,4,0.0
10838,44.0,12,8,4,0.0
10839,46.0,11,9,0,0.0
10840,28.0,9,11,3,0.0
10841,24.0,9,11,5,0.0
10842,30.0,9,11,2,0.0
10843,34.0,10,10,3,0.0
10844,44.0,12,8,4,0.0
10845,38.0,11,9,4,0.0
10846,30.0,9,11,2,0.0
10847,54.0,13,7,2,0.0
10848,34.0,10,10,3,1447851851776.0
10849,48.0,13,7,5,0.0
10850,52.0,12,8,0,0.0
10851,40.0,10,10,0,0.0
10852,62.0,16,4,7,0.0
10853,52.0,12,8,0,0.0
10854,52.0,13,7,3,0.0
10855,40.0,11,9,3,0.0
10856,70.0,15,5,0,0.0
10857,26.0,8,12,1,0.0
10858,32.0,10,10,4,0.0
10859,58.0,14,6,3,0.0
10860,52.0,13,7,3,0.0
10861,42.0,12,8,5,0.0
10862,38.0,11,9,4,0.0
10863,28.0,9,11,3,0.0
10864,66.0,15,5,2,0.0
10865,52.0,13,7,3,0.0
10866,22.0,9,11,6,0.0
10867,36.0,11,9,5,0.0
10868,52.0,13,7,3,0.0
10869,40.0,10,10,0,0.0
10870,44.0,12,8,4,0.0
10871,50.0,13,7,4,0.0
10872,12.0,6,14,2,0.0
10873,44.0,12,8,4,0.0
10874,26.0,9,11,4,0.0
10875,44.0,11,9,1,0.0
10876,50.0,12,8,1,0.0
10877,44.0,11,9,1,0.0
10878,30.0,10,10,5,0.0
10879,50.0,12,8,1,0.0
10880,28.0,9,11,3,1170947328.0
10881,56.0,13,7,1,0.0
10882,66.0,15,5,2,0.0
10883,46.0,13,7,6,0.0
10884,30.0,10,10,5,0.0
10885,48.0,12,8,2,0.0
10886,26.0,8,12,1,0.0
10887,14.0,6,14,1,0.0
10888,48.0,12,8,2,0.0
10889,34.0,11,9,6,0.0
10890,44.0,11,9,1,0.0
10891,44.0,11,9,1,0.0
10892,36.0,11,9,5,0.0
10893,26.0,9,11,4,0.0
10894,42.0,11,9,2,0.0
10895,48.0,14,6,8,0.0
10896,36.0,10,10,2,0.0
10897,30.0,10,10,5,0.0
10898,36.0,10,10,2,0.0
10899,56.0,14,6,4,0.0
10900,34.0,10,10,3,0.0
10901,14.0,6,14,1,0.0
10902,14.0,7,13,4,0.0
10903,24.0,8,12,2,0.0
10904,38.0,10,10,1,0.0
10905,28.0,9,11,3,0.0
10906,28.0,9,11,3,0.0
10907,40.0,11,9,3,0.0
10908,16.0,8,12,6,0.0
10909,26.0,9,11,4,0.0
10910,74.0,17,3,4,0.0
10911,20.0,8,12,4,0.0
10912,46.0,12,8,3,1.7032803061334016e+16
10913,48.0,12,8,2,0.0
10914,52.0,12,8,0,0.0
10915,72.0,17,3,5,0.0
10916,20.0,7,13,1,0.0
10917,46.0,12,8,3,0.0
10918,12.0,7,13,5,0.0
10919,52.0,13,7,3,0.0
10920,48.0,14,6,8,0.0
10921,36.0,11,9,5,0.0
10922,16.0,7,13,3,0.0
10923,44.0,11,9,1,0.0
10924,42.0,12,8,5,0.0
10925,46.0,12,8,3,0.0
10926,36.0,10,10,2,0.0
10927,30.0,10,10,5,0.0
10928,52.0,13,7,3,0.0
10929,28.0,9,11,3,0.0
10930,12.0,6,14,2,0.0
10931,44.0,11,9,1,0.0
10932,46.0,12,8,3,0.0
10933,42.0,11,9,2,0.0
10934,60.0,14,6,2,0.0
10935,52.0,13,7,3,0.0
10936,44.0,12,8,4,0.0
10937,34.0,10,10,3,0.0
10938,28.0,9,11,3,0.0
10939,36.0,11,9,5,0.0
10940,26.0,10,10,7,0.0
10941,14.0,6,14,1,0.0
10942,48.0,12,8,2,0.0
10943,46.0,12,8,3,0.0
10944,40.0,11,9,3,310028192.0
10945,36.0,10,10,2,0.0
10946,52.0,13,7,3,0.0
10947,8.0,6,14,4,0.0
10948,24.0,8,12,2,0.0
10949,54.0,15,5,8,0.0
10950,38.0,10,10,1,0.0
10951,28.0,9,11,3,0.0
10952,32.0,10,10,4,0.0
10953,34.0,10,10,3,0.0
10954,30.0,9,11,2,0.0
10955,26.0,8,12,1,0.0
10956,44.0,13,7,7,0.0
10957,54.0,13,7,2,0.0
10958,40.0,11,9,3,0.0
10959,46.0,11,9,0,0.0
10960,30.0,9,11,2,0.0
10961,36.0,10,10,2,0.0
10962,56.0,14,6,4,0.0
10963,32.0,10,10,4,0.0
10964,40.0,11,9,3,0.0
10965,28.0,9,11,3,0.0
10966,38.0,12,8,7,0.0
10967,48.0,12,8,2,0.0
10968,64.0,15,5,3,0.0
10969,44.0,12,8,4,0.0
10970,44.0,12,8,4,0.0
10971,56.0,14,6,4,0.0
10972,42.0,12,8,5,0.0
10973,50.0,13,7,4,0.0
10974,56.0,14,6,4,0.0
10975,26.0,8,12,1,0.0
10976,34.0,11,9,6,20408463360.0
10977,42.0,11,9,2,0.0
10978,56.0,14,6,4,0.0
10979,30.0,9,11,2,0.0
10980,34.0,9,11,0,0.0
10981,20.0,8,12,4,0.0
10982,42.0,11,9,2,0.0
10983,36.0,10,10,2,0.0
10984,46.0,12,8,3,0.0
10985,56.0,14,6,4,0.0
10986,34.0,10,10,3,0.0
10987,20.0,7,13,1,0.0
10988,40.0,11,9,3,0.0
10989,30.0,10,10,5,0.0
10990,66.0,15,5,2,0.0
10991,38.0,11,9,4,0.0
10992,54.0,13,7,2,0.0
10993,50.0,13,7,4,0.0
10994,24.0,8,12,2,0.0
10995,38.0,11,9,4,0.0
10996,30.0,9,11,2,0.0
10997,42.0,12,8,5,0.0
10998,40.0,11,9,3,0.0
10999,34.0,11,9,6,0.0
11000,32.0,9,11,1,0.0
11001,62.0,14,6,1,0.0
11002,56.0,14,6,4,0.0
11003,54.0,13,7,2,0.0
11004,38.0,11,9,4,0.0
11005,60.0,14,6,2,0.0
11006,48.0,12,8,2,0.0
11007,40.0,11,9,3,0.0
11008,42.0,11,9,2,275810720.0
11009,38.0,10,10,1,0.0
11010,52.0,12,8,0,0.0
11011,44.0,12,8,4,0.0
11012,36.0,10,10,2,0.0
11013,54.0,13,7,2,0.0
11014,56.0,13,7,1,0.0
11015,24.0,8,12,2,0.0
11016,42.0,11,9,2,0.0
11017,42.0,11,9,2,0.0
11018,36.0,10,10,2,0.0
11019,52.0,12,8,0,0.0
11020,56.0,13,7,1,0.0
11021,26.0,8,12,1,0.0
11022,40.0,11,9,3,0.0
11023,36.0,10,10,2,0.0
11024,40.0,12,8,6,0.0
11025,34.0,9,11,0,0.0
11026,40.0,11,9,3,0.0
11027,24.0,8,12,2,0.0
11028,12.0,6,14,2,0.0
11029,44.0,12,8,4,0.0
11030,44.0,11,9,1,0.0
11031,40.0,11,9,3,0.0
11032,28.0,9,11,3,0.0
11033,30.0,10,10,5,0.0
11034,38.0,10,10,1,0.0
11035,52.0,13,7,3,0.0
11036,46.0,11,9,0,0.0
11037,68.0,15,5,1,0.0
11038,42.0,11,9,2,0.0
11039,18.0,7,13,2,0.0
11040,36.0,11,9,5,14646566912.0
11041,54.0,13,7,2,0.0
11042,52.0,14,6,6,0.0
11043,52.0,13,7,3,0.0
11044,48.0,13,7,5,0.0
11045,38.0,10,10,1,0.0
11046,30.0,10,10,5,0.0
11047,36.0,11,9,5,0.0
11048,12.0,7,13,5,0.0
11049,48.0,12,8,2,0.0
11050,18.0,7,13,2,0.0
11051,36.0,11,9,5,0.0
11052,32.0,10,10,4,0.0
11053,30.0,9,11,2,0.0
11054,42.0,11,9,2,0.0
11055,50.0,13,7,4,0.0
11056,48.0,12,8,2,0.0
11057,46.0,13,7,6,0.0
11058,26.0,9,11,4,0.0
11059,42.0,11,9,2,0.0
11060,42.0,11,9,2,0.0
11061,54.0,13,7,2,0.0
11062,22.0,8,12,3,0.0
11063,50.0,13,7,4,0.0
11064,50.0,12,8,1,0.0
11065,42.0,12,8,5,0.0
11066,50.0,12,8,1,0.0
11067,30.0,9,11,2,0.0
11068,32.0,11,9,7,0.0
11069,66.0,15,5,2,0.0
11070,28.0,9,11,3,0.0
11071,40.0,11,9,3,0.0
11072,44.0,11,9,1,1818643072.0
11073,32.0,10,10,4,0.0
11074,22.0,8,12,3,0.0
11075,30.0,9,11,2,0.0
11076,42.0,12,8,5,0.0
11077,14.0,6,14,1,0.0
11078,40.0,12,8,6,0.0
11079,64.0,14,6,0,0.0
11080,44.0,11,9,1,0.0
11081,40.0,11,9,3,0.0
11082,16.0,7,13,3,0.0
11083,40.0,12,8,6,0.0
11084,46.0,11,9,0,0.0
11085,48.0,12,8,2,0.0
11086,58.0,14,6,3,0.0
11087,22.0,8,12,3,0.0
11088,22.0,8,12,3,0.0
11089,54.0,13,7,2,0.0
11090,34.0,11,9,6,0.0
11091,40.0,10,10,0,0.0
11092,18.0,7,13,2,0.0
11093,38.0,10,10,1,0.0
11094,56.0,13,7,1,0.0
11095,54.0,13,7,2,0.0
11096,48.0,12,8,2,0.0
11097,34.0,10,10,3,0.0
11098,40.0,11,9,3,0.0
11099,34.0,10,10,3,0.0
11100,34.0,9,11,0,0.0
11101,68.0,15,5,1,0.0
11102,36.0,10,10,2,0.0
11103,50.0,13,7,4,0.0
11104,44.0,12,8,4,20267917312.0
11105,52.0,13,7,3,0.0
11106,18.0,7,13,2,0.0
11107,50.0,12,8,1,0.0
11108,48.0,12,8,2,0.0
11109,46.0,12,8,3,0.0
11110,48.0,12,8,2,0.0
11111,44.0,11,9,1,0.0
11112,32.0,10,10,4,0.0
11113,48.0,12,8,2,0.0
11114,34.0,10,10,3,0.0
11115,38.0,11,9,4,0.0
11116,40.0,11,9,3,0.0
11117,12.0,6,14,2,0.0
11118,46.0,12,8,3,0.0
11119,38.0,11,9,4,0.0
11120,46.0,12,8,3,0.0
11121,34.0,10,10,3,0.0
11122,24.0,8,12,2,0.0
11123,34.0,10,10,3,0.0
11124,48.0,13,7,5,0.0
11125,44.0,11,9,1,0.0
11126,50.0,12,8,1,0.0
11127,56.0,13,7,1,0.0
11128,38.0,10,10,1,0.0
11129,58.0,13,7,0,0.0
11130,12.0,7,13,5,0.0
11131,54.0,13,7,2,0.0
11132,58.0,14,6,3,0.0
11133,52.0,13,7,3,0.0
11134,34.0,10,10,3,0.0
11135,54.0,14,6,5,0.0
11136,30.0,9,11,2,4282101268480.0
11137,56.0,13,7,1,0.0
11138,46.0,12,8,3,0.0
11139,38.0,11,9,4,0.0
11140,58.0,14,6,3,0.0
11141,54.0,13,7,2,0.0
11142,28.0,9,11,3,0.0
11143,64.0,15,5,3,0.0
11144,78.0,17,3,2,0.0
11145,32.0,9,11,1,0.0
11146,26.0,8,12,1,0.0
11147,50.0,13,7,4,0.0
11148,40.0,10,10,0,0.0
11149,36.0,10,10,2,0.0
11150,20.0,8,12,4,0.0
11151,44.0,11,9,1,0.0
11152,24.0,8,12,2,0.0
11153,58.0,14,6,3,0.0
11154,32.0,10,10,4,0.0
11155,46.0,12,8,3,0.0
11156,40.0,12,8,6,0.0
11157,72.0,16,4,2,0.0
11158,36.0,10,10,2,0.0
11159,56.0,13,7,1,0.0
11160,38.0,10,10,1,0.0
11161,36.0,10,10,2,0.0
11162,60.0,14,6,2,0.0
11163,56.0,14,6,4,0.0
11164,36.0,10,10,2,0.0
11165,12.0,6,14,2,0.0
11166,28.0,9,11,3,0.0
11167,54.0,13,7,2,0.0
11168,42.0,12,8,5,227130386415616.0
11169,36.0,10,10,2,0.0
11170,28.0,9,11,3,0.0
11171,30.0,9,11,2,0.0
11172,30.0,9,11,2,0.0
11173,40.0,11,9,3,0.0
11174,20.0,8,12,4,0.0
11175,54.0,13,7,2,0.0
11176,46.0,11,9,0,0.0
11177,26.0,8,12,1,0.0
11178,44.0,12,8,4,0.0
11179,52.0,12,8,0,0.0
11180,40.0,11,9,3,0.0
11181,44.0,11,9,1,0.0
11182,28.0,9,11,3,0.0
11183,42.0,11,9,2,0.0
11184,46.0,11,9,0,0.0
11185,30.0,10,10,5,0.0
11186,32.0,10,10,4,0.0
11187,44.0,12,8,4,0.0
11188,38.0,11,9,4,0.0
11189,44.0,11,9,1,0.0
11190,20.0,8,12,4,0.0
11191,26.0,8,12,1,0.0
11192,46.0,12,8,3,0.0
11193,46.0,11,9,0,0.0
11194,14.0,7,13,4,0.0
11195,44.0,11,9,1,0.0
11196,68.0,15,5,1,0.0
11197,24.0,8,12,2,0.0
11198,40.0,10,10,0,0.0
11199,36.0,10,10,2,0.0
11200,32.0,10,10,4,40246653747200.0
11201,40.0,12,8,6,0.0
11202,44.0,11,9,1,0.0
11203,42.0,11,9,2,0.0
11204,42.0,11,9,2,0.0
11205,40.0,11,9,3,0.0
11206,38.0,11,9,4,0.0
11207,36.0,11,9,5,0.0
11208,64.0,14,6,0,0.0
11209,36.0,10,10,2,0.0
11210,38.0,10,10,1,0.0
11211,26.0,8,12,1,0.0
11212,40.0,11,9,3,0.0
11213,14.0,7,13,4,0.0
11214,28.0,9,11,3,0.0
11215,36.0,10,10,2,0.0
11216,32.0,10,10,4,0.0
11217,40.0,10,10,0,0.0
11218,44.0,12,8,4,0.0
11219,28.0,9,11,3,0.0
11220,18.0,7,13,2,0.0
11221,40.0,10,10,0,0.0
11222,44.0,11,9,1,0.0
11223,38.0,11,9,4,0.0
11224,40.0,11,9,3,0.0
11225,40.0,11,9,3,0.0
11226,38.0,10,10,1,0.0
11227,12.0,6,14,2,0.0
11228,4.0,6,14,6,0.0
11229,64.0,14,6,0,0.0
11230,40.0,11,9,3,0.0
11231,16.0,8,12,6,0.0
11232,42.0,11,9,2,233866240.0
11233,36.0,11,9,5,0.0
11234,34.0,10,10,3,0.0
11235,50.0,13,7,4,0.0
11236,50.0,12,8,1,0.0
11237,18.0,7,13,2,0.0
11238,48.0,12,8,2,0.0
11239,38.0,11,9,4,0.0
11240,36.0,11,9,5,0.0
11241,48.0,12,8,2,0.0
11242,42.0,12,8,5,0.0
11243,62.0,14,6,1,0.0
11244,8.0,6,14,4,0.0
11245,38.0,10,10,1,0.0
11246,32.0,11,9,7,0.0
11247,34.0,10,10,3,0.0
11248,30.0,9,11,2,0.0
11249,56.0,13,7,1,0.0
11250,40.0,11,9,3,0.0
11251,44.0,12,8,4,0.0
11252,26.0,9,11,4,0.0
11253,36.0,10,10,2,0.0
11254,38.0,11,9,4,0.0
11255,46.0,12,8,3,0.0
11256,40.0,11,9,3,0.0
11257,38.0,11,9,4,0.0
11258,32.0,10,10,4,0.0
11259,50.0,13,7,4,0.0
11260,66.0,15,5,2,0.0
11261,22.0,8,12,3,0.0
11262,32.0,10,10,4,0.0
11263,30.0,10,10,5,0.0
11264,28.0,8,12,0,951871799296.0
11265,48.0,12,8,2,0.0
11266,30.0,10,10,5,0.0
11267,46.0,12,8,3,0.0
11268,42.0,11,9,2,0.0
11269,28.0,9,11,3,0.0
11270,44.0,11,9,1,0.0
11271,46.0,11,9,0,0.0
11272,60.0,14,6,2,0.0
11273,30.0,9,11,2,0.0
11274,38.0,11,9,4,0.0
11275,44.0,12,8,4,0.0
11276,34.0,10,10,3,0.0
11277,36.0,11,9,5,0.0
11278,32.0,10,10,4,0.0
11279,46.0,12,8,3,0.0
11280,30.0,9,11,2,0.0
11281,28.0,9,11,3,0.0
11282,26.0,9,11,4,0.0
11283,66.0,15,5,2,0.0
11284,22.0,8,12,3,0.0
11285,66.0,15,5,2,0.0
11286,42.0,11,9,2,0.0
11287,24.0,9,11,5,0.0
11288,38.0,10,10,1,0.0
11289,8.0,6,14,4,0.0
11290,30.0,10,10,5,0.0
11291,44.0,12,8,4,0.0
11292,30.0,9,11,2,0.0
11293,30.0,10,10,5,0.0
11294,30.0,10,10,5,0.0
11295,28.0,9,11,3,0.0
11296,42.0,11,9,2,16183677952.0
11297,22.0,8,12,3,0.0
11298,38.0,11,9,4,0.0
11299,34.0,9,11,0,0.0
11300,56.0,14,6,4,0.0
11301,28.0,9,11,3,0.0
11302,44.0,11,9,1,0.0
11303,42.0,12,8,5,0.0
11304,28.0,9,11,3,0.0
11305,22.0,9,11,6,0.0
11306,18.0,7,13,2,0.0
11307,52.0,13,7,3,0.0
11308,34.0,10,10,3,0.0
11309,62.0,14,6,1,0.0
11310,54.0,13,7,2,0.0
11311,30.0,9,11,2,0.0
11312,28.0,9,11,3,0.0
11313,54.0,14,6,5,0.0
11314,22.0,8,12,3,0.0
11315,28.0,8,12,0,0.0
11316,44.0,12,8,4,0.0
11317,42.0,11,9,2,0.0
11318,12.0,6,14,2,0.0
11319,50.0,12,8,1,0.0
11320,36.0,10,10,2,0.0
11321,28.0,9,11,3,0.0
11322,26.0,9,11,4,0.0
11323,38.0,10,10,1,0.0
11324,58.0,14,6,3,0.0
11325,28.0,9,11,3,0.0
11326,30.0,9,11,2,0.0
11327,38.0,10,10,1,0.0
11328,42.0,11,9,2,223101632512.0
11329,52.0,13,7,3,0.0
11330,34.0,10,10,3,0.0
11331,38.0,11,9,4,0.0
11332,44.0,11,9,1,0.0
11333,62.0,14,6,1,0.0
11334,44.0,12,8,4,0.0
11335,40.0,11,9,3,0.0
11336,32.0,10,10,4,0.0
11337,36.0,11,9,5,0.0
11338,34.0,10,10,3,0.0
11339,34.0,10,10,3,0.0
11340,62.0,14,6,1,0.0
11341,10.0,6,14,3,0.0
11342,10.0,7,13,6,0.0
11343,58.0,14,6,3,0.0
11344,46.0,12,8,3,0.0
11345,14.0,6,14,1,0.0
11346,46.0,12,8,3,0.0
11347,30.0,9,11,2,0.0
11348,56.0,13,7,1,0.0
11349,40.0,11,9,3,0.0
11350,32.0,10,10,4,0.0
11351,60.0,14,6,2,0.0
11352,56.0,13,7,1,0.0
11353,24.0,8,12,2,0.0
11354,46.0,13,7,6,0.0
11355,38.0,11,9,4,0.0
11356,32.0,10,10,4,0.0
11357,30.0,9,11,2,0.0
11358,34.0,10,10,3,0.0
11359,20.0,8,12,4,0.0
11360,48.0,12,8,2,388001398784.0
11361,38.0,11,9,4,0.0
11362,46.0,13,7,6,0.0
11363,32.0,9,11,1,0.0
11364,22.0,8,12,3,0.0
11365,24.0,8,12,2,0.0
11366,32.0,9,11,1,0.0
11367,22.0,8,12,3,0.0
11368,24.0,8,12,2,0.0
11369,52.0,13,7,3,0.0
11370,32.0,9,11,1,0.0
11371,48.0,13,7,5,0.0
11372,48.0,12,8,2,0.0
11373,14.0,6,14,1,0.0
11374,42.0,11,9,2,0.0
11375,32.0,9,11,1,0.0
11376,32.0,9,11,1,0.0
11377,22.0,9,11,6,0.0
11378,14.0,7,13,4,0.0
11379,20.0,7,13,1,0.0
11380,62.0,14,6,1,0.0
11381,52.0,13,7,3,0.0
11382,54.0,13,7,2,0.0
11383,54.0,13,7,2,0.0
11384,32.0,10,10,4,0.0
11385,48.0,12,8,2,0.0
11386,22.0,8,12,3,0.0
11387,52.0,13,7,3,0.0
11388,72.0,16,4,2,0.0
11389,68.0,15,5,1,0.0
11390,32.0,9,11,1,0.0
11391,52.0,12,8,0,0.0
11392,32.0,10,10,4,75764758216704.0
11393,24.0,9,11,5,0.0
11394,44.0,11,9,1,0.0
11395,36.0,10,10,2,0.0
11396,46.0,12,8,3,0.0
11397,40.0,11,9,3,0.0
11398,34.0,10,10,3,0.0
11399,66.0,15,5,2,0.0
11400,36.0,11,9,5,0.0
11401,58.0,14,6,3,0.0
11402,58.0,13,7,0,0.0
11403,58.0,14,6,3,0.0
11404,24.0,8,12,2,0.0
11405,48.0,12,8,2,0.0
11406,38.0,11,9,4,0.0
11407,28.0,9,11,3,0.0
11408,42.0,12,8,5,0.0
11409,14.0,6,14,1,0.0
11410,36.0,10,10,2,0.0
11411,28.0,9,11,3,0.0
11412,38.0,11,9,4,0.0
11413,40.0,11,9,3,0.0
11414,46.0,11,9,0,0.0
11415,58.0,14,6,3,0.0
11416,16.0,6,14,0,0.0
11417,40.0,11,9,3,0.0
11418,38.0,10,10,1,0.0
11419,44.0,11,9,1,0.0
11420,22.0,8,12,3,0.0
11421,24.0,8,12,2,0.0
11422,34.0,10,10,3,0.0
11423,48.0,13,7,5,0.0
11424,54.0,13,7,2,69784461312.0
11425,50.0,12,8,1,0.0
11426,32.0,10,10,4,0.0
11427,54.0,14,6,5,0.0
11428,30.0,10,10,5,0.0
11429,22.0,8,12,3,0.0
11430,38.0,12,8,7,0.0
11431,64.0,14,6,0,0.0
11432,22.0,8,12,3,0.0
11433,24.0,9,11,5,0.0
11434,8.0,6,14,4,0.0
11435,22.0,7,13,0,0.0
11436,20.0,7,13,1,0.0
11437,24.0,8,12,2,0.0
11438,36.0,10,10,2,0.0
11439,32.0,10,10,4,0.0
11440,38.0,11,9,4,0.0
11441,22.0,8,12,3,0.0
11442,24.0,8,12,2,0.0
11443,56.0,15,5,7,0.0
11444,56.0,14,6,4,0.0
11445,18.0,7,13,2,0.0
11446,36.0,10,10,2,0.0
11447,28.0,8,12,0,0.0
11448,36.0,10,10,2,0.0
11449,66.0,15,5,2,0.0
11450,52.0,13,7,3,0.0
11451,52.0,13,7,3,0.0
11452,58.0,14,6,3,0.0
11453,42.0,11,9,2,0.0
11454,32.0,10,10,4,0.0
11455,28.0,9,11,3,0.0
11456,48.0,12,8,2,11391494144.0
11457,48.0,13,7,5,0.0
11458,36.0,10,10,2,0.0
11459,30.0,10,10,5,0.0
11460,12.0,6,14,2,0.0
11461,46.0,12,8,3,0.0
11462,42.0,11,9,2,0.0
11463,20.0,8,12,4,0.0
11464,74.0,16,4,1,0.0
11465,48.0,12,8,2,0.0
11466,36.0,11,9,5,0.0
11467,42.0,11,9,2,0.0
11468,36.0,11,9,5,0.0
11469,52.0,14,6,6,0.0
11470,52.0,13,7,3,0.0
11471,64.0,15,5,3,0.0
11472,24.0,8,12,2,0.0
11473,36.0,11,9,5,0.0
11474,34.0,10,10,3,0.0
11475,34.0,10,10,3,0.0
11476,38.0,10,10,1,0.0
11477,42.0,11,9,2,0.0
11478,40.0,11,9,3,0.0
11479,48.0,12,8,2,0.0
11480,8.0,5,15,1,0.0
11481,42.0,11,9,2,0.0
11482,12.0,6,14,2,0.0
11483,30.0,9,11,2,0.0
11484,24.0,8,12,2,0.0
11485,4.0,6,14,6,0.0
11486,54.0,13,7,2,0.0
11487,20.0,7,13,1,0.0
11488,42.0,11,9,2,9344925696.0
11489,36.0,10,10,2,0.0
11490,42.0,11,9,2,0.0
11491,42.0,12,8,5,0.0
11492,44.0,11,9,1,0.0
11493,52.0,12,8,0,0.0
11494,34.0,10,10,3,0.0
11495,36.0,10,10,2,0.0
11496,32.0,10,10,4,0.0
11497,54.0,15,5,8,0.0
11498,56.0,14,6,4,0.0
11499,44.0,11,9,1,0.0
11500,34.0,10,10,3,0.0
11501,44.0,12,8,4,0.0
11502,54.0,13,7,2,0.0
11503,28.0,10,10,6,0.0
11504,30.0,9,11,2,0.0
11505,38.0,11,9,4,0.0
11506,46.0,12,8,3,0.0
11507,30.0,9,11,2,0.0
11508,56.0,13,7,1,0.0
11509,38.0,11,9,4,0.0
11510,18.0,8,12,5,0.0
11511,70.0,16,4,3,0.0
11512,8.0,5,15,1,0.0
11513,34.0,10,10,3,0.0
11514,32.0,10,10,4,0.0
11515,10.0,7,13,6,0.0
11516,30.0,10,10,5,0.0
11517,20.0,8,12,4,0.0
11518,50.0,12,8,1,0.0
11519,52.0,13,7,3,0.0
11520,44.0,12,8,4,618171269120.0
11521,24.0,8,12,2,0.0
11522,54.0,13,7,2,0.0
11523,50.0,13,7,4,0.0
11524,32.0,10,10,4,0.0
11525,34.0,10,10,3,0.0
11526,50.0,12,8,1,0.0
11527,32.0,11,9,7,0.0
11528,48.0,12,8,2,0.0
11529,32.0,10,10,4,0.0
11530,34.0,9,11,0,0.0
11531,24.0,8,12,2,0.0
11532,44.0,12,8,4,0.0
11533,22.0,7,13,0,0.0
11534,42.0,13,7,8,0.0
11535,68.0,15,5,1,0.0
11536,38.0,10,10,1,0.0
11537,70.0,15,5,0,0.0
11538,58.0,15,5,6,0.0
11539,38.0,10,10,1,0.0
11540,22.0,7,13,0,0.0
11541,48.0,12,8,2,0.0
11542,42.0,11,9,2,0.0
11543,12.0,6,14,2,0.0
11544,48.0,13,7,5,0.0
11545,38.0,10,10,1,0.0
11546,26.0,9,11,4,0.0
11547,48.0,12,8,2,0.0
11548,52.0,12,8,0,0.0
11549,28.0,10,10,6,0.0
11550,34.0,10,10,3,0.0
11551,24.0,8,12,2,0.0
11552,36.0,10,10,2,136757248000.0
11553,34.0,10,10,3,0.0
11554,50.0,12,8,1,0.0
11555,24.0,8,12,2,0.0
11556,46.0,11,9,0,0.0
11557,58.0,14,6,3,0.0
11558,48.0,12,8,2,0.0
11559,32.0,9,11,1,0.0
11560,24.0,9,11,5,0.0
11561,20.0,8,12,4,0.0
11562,30.0,9,11,2,0.0
11563,36.0,10,10,2,0.0
11564,40.0,11,9,3,0.0
11565,28.0,9,11,3,0.0
11566,38.0,10,10,1,0.0
11567,46.0,12,8,3,0.0
11568,32.0,10,10,4,0.0
11569,32.0,9,11,1,0.0
11570,22.0,8,12,3,0.0
11571,34.0,11,9,6,0.0
11572,52.0,13,7,3,0.0
11573,50.0,13,7,4,0.0
11574,54.0,13,7,2,0.0
11575,60.0,14,6,2,0.0
11576,62.0,14,6,1,0.0
11577,32.0,10,10,4,0.0
11578,28.0,9,11,3,0.0
11579,14.0,7,13,4,0.0
11580,46.0,12,8,3,0.0
11581,40.0,11,9,3,0.0
11582,20.0,8,12,4,0.0
11583,54.0,13,7,2,0.0
11584,18.0,8,12,5,7296303104.0
11585,34.0,10,10,3,0.0
11586,54.0,13,7,2,0.0
11587,48.0,13,7,5,0.0
11588,58.0,14,6,3,0.0
11589,36.0,11,9,5,0.0
11590,34.0,11,9,6,0.0
11591,36.0,10,10,2,0.0
11592,36.0,11,9,5,0.0
11593,26.0,10,10,7,0.0
11594,44.0,11,9,1,0.0
11595,54.0,13,7,2,0.0
11596,26.0,10,10,7,0.0
11597,28.0,9,11,3,0.0
11598,30.0,9,11,2,0.0
11599,30.0,9,11,2,0.0
11600,36.0,10,10,2,0.0
11601,34.0,10,10,3,0.0
11602,50.0,12,8,1,0.0
11603,22.0,8,12,3,0.0
11604,46.0,11,9,0,0.0
11605,52.0,12,8,0,0.0
11606,54.0,13,7,2,0.0
11607,26.0,8,12,1,0.0
11608,32.0,10,10,4,0.0
11609,52.0,13,7,3,0.0
11610,32.0,10,10,4,0.0
11611,32.0,9,11,1,0.0
11612,50.0,12,8,1,0.0
11613,2.0,6,14,7,0.0
11614,56.0,13,7,1,0.0
11615,58.0,14,6,3,0.0
11616,40.0,11,9,3,7261787136.0
11617,58.0,13,7,0,0.0
11618,48.0,12,8,2,0.0
11619,28.0,9,11,3,0.0
11620,44.0,12,8,4,0.0
11621,34.0,11,9,6,0.0
11622,14.0,7,13,4,0.0
11623,32.0,10,10,4,0.0
11624,42.0,11,9,2,0.0
11625,58.0,13,7,0,0.0
11626,48.0,12,8,2,0.0
11627,52.0,12,8,0,0.0
11628,40.0,10,10,0,0.0
11629,20.0,7,13,1,0.0
11630,60.0,14,6,2,0.0
11631,28.0,8,12,0,0.0
11632,34.0,10,10,3,0.0
11633,36.0,10,10,2,0.0
11634,42.0,12,8,5,0.0
11635,38.0,10,10,1,0.0
11636,12.0,7,13,5,0.0
11637,14.0,7,13,4,0.0
11638,40.0,11,9,3,0.0
11639,26.0,9,11,4,0.0
11640,28.0,9,11,3,0.0
11641,52.0,13,7,3,0.0
11642,38.0,10,10,1,0.0
11643,18.0,7,13,2,0.0
11644,30.0,9,11,2,0.0
11645,12.0,7,13,5,0.0
11646,54.0,14,6,5,0.0
11647,30.0,9,11,2,0.0
11648,52.0,13,7,3,2046497390592.0
11649,32.0,10,10,4,0.0
11650,56.0,13,7,1,0.0
11651,52.0,13,7,3,0.0
11652,36.0,10,10,2,0.0
11653,54.0,13,7,2,0.0
11654,46.0,12,8,3,0.0
11655,60.0,14,6,2,0.0
11656,56.0,13,7,1,0.0
11657,46.0,12,8,3,0.0
11658,20.0,7,13,1,0.0
11659,36.0,10,10,2,0.0
11660,20.0,8,12,4,0.0
11661,50.0,13,7,4,0.0
11662,16.0,7,13,3,0.0
11663,40.0,11,9,3,0.0
11664,44.0,11,9,1,0.0
11665,24.0,8,12,2,0.0
11666,62.0,14,6,1,0.0
11667,30.0,10,10,5,0.0
11668,56.0,13,7,1,0.0
11669,38.0,11,9,4,0.0
11670,62.0,15,5,4,0.0
11671,36.0,10,10,2,0.0
11672,24.0,9,11,5,0.0
11673,48.0,12,8,2,0.0
11674,40.0,11,9,3,0.0
11675,40.0,10,10,0,0.0
11676,48.0,13,7,5,0.0
11677,28.0,10,10,6,0.0
11678,48.0,12,8,2,0.0
11679,22.0,8,12,3,0.0
11680,40.0,11,9,3,279977459712.0
11681,28.0,9,11,3,0.0
11682,28.0,10,10,6,0.0
11683,50.0,13,7,4,0.0
11684,36.0,10,10,2,0.0
11685,44.0,11,9,1,0.0
11686,20.0,8,12,4,0.0
11687,18.0,7,13,2,0.0
11688,24.0,8,12,2,0.0
11689,34.0,10,10,3,0.0
11690,60.0,14,6,2,0.0
11691,24.0,9,11,5,0.0
11692,42.0,11,9,2,0.0
11693,54.0,13,7,2,0.0
11694,48.0,12,8,2,0.0
11695,24.0,8,12,2,0.0
11696,46.0,11,9,0,0.0
11697,52.0,13,7,3,0.0
11698,48.0,12,8,2,0.0
11699,28.0,9,11,3,0.0
11700,44.0,11,9,1,0.0
11701,34.0,10,10,3,0.0
11702,32.0,10,10,4,0.0
11703,26.0,9,11,4,0.0
11704,16.0,7,13,3,0.0
11705,40.0,11,9,3,0.0
11706,42.0,11,9,2,0.0
11707,24.0,8,12,2,0.0
11708,56.0,13,7,1,0.0
11709,64.0,14,6,0,0.0
11710,40.0,10,10,0,0.0
11711,36.0,11,9,5,0.0
11712,42.0,11,9,2,11043971072.0
11713,40.0,11,9,3,0.0
11714,34.0,10,10,3,0.0
11715,52.0,12,8,0,0.0
11716,14.0,7,13,4,0.0
11717,60.0,15,5,5,0.0
11718,20.0,7,13,1,0.0
11719,32.0,9,11,1,0.0
11720,28.0,10,10,6,0.0
11721,36.0,10,10,2,0.0
11722,26.0,8,12,1,0.0
11723,64.0,15,5,3,0.0
11724,30.0,10,10,5,0.0
11725,12.0,6,14,2,0.0
11726,50.0,13,7,4,0.0
11727,22.0,9,11,6,0.0
11728,24.0,8,12,2,0.0
11729,62.0,14,6,1,0.0
11730,52.0,13,7,3,0.0
11731,24.0,8,12,2,0.0
11732,40.0,12,8,6,0.0
11733,46.0,11,9,0,0.0
11734,40.0,11,9,3,0.0
11735,36.0,10,10,2,0.0
11736,62.0,14,6,1,0.0
11737,22.0,8,12,3,0.0
11738,28.0,9,11,3,0.0
11739,38.0,11,9,4,0.0
11740,44.0,11,9,1,0.0
11741,34.0,10,10,3,0.0
11742,44.0,11,9,1,0.0
11743,62.0,14,6,1,0.0
11744,60.0,14,6,2,1614316044288.0
11745,54.0,13,7,2,0.0
11746,36.0,10,10,2,0.0
11747,52.0,13,7,3,0.0
11748,28.0,9,11,3,0.0
11749,30.0,9,11,2,0.0
11750,18.0,8,12,5,0.0
11751,30.0,9,11,2,0.0
11752,28.0,9,11,3,0.0
11753,12.0,6,14,2,0.0
11754,12.0,6,14,2,0.0
11755,40.0,11,9,3,0.0
11756,26.0,8,12,1,0.0
11757,32.0,10,10,4,0.0
11758,52.0,13,7,3,0.0
11759,46.0,12,8,3,0.0
11760,30.0,9,11,2,0.0
11761,22.0,8,12,3,0.0
11762,48.0,13,7,5,0.0
11763,58.0,15,5,6,0.0
11764,42.0,11,9,2,0.0
11765,20.0,8,12,4,0.0
11766,30.0,9,11,2,0.0
11767,28.0,8,12,0,0.0
11768,52.0,13,7,3,0.0
11769,46.0,13,7,6,0.0
11770,28.0,8,12,0,0.0
11771,36.0,10,10,2,0.0
11772,40.0,11,9,3,0.0
11773,40.0,10,10,0,0.0
11774,56.0,14,6,4,0.0
11775,42.0,12,8,5,0.0
11776,12.0,7,13,5,44049968922624.0
11777,32.0,10,10,4,0.0
11778,20.0,8,12,4,0.0
11779,50.0,12,8,1,0.0
11780,40.0,10,10,0,0.0
11781,36.0,10,10,2,0.0
11782,16.0,7,13,3,0.0
11783,30.0,9,11,2,0.0
11784,44.0,12,8,4,0.0
11785,58.0,13,7,0,0.0
11786,38.0,10,10,1,0.0
11787,48.0,12,8,2,0.0
11788,26.0,9,11,4,0.0
11789,46.0,12,8,3,0.0
11790,28.0,10,10,6,0.0
11791,36.0,10,10,2,0.0
11792,50.0,13,7,4,0.0
11793,22.0,8,12,3,0.0
11794,20.0,7,13,1,0.0
11795,38.0,10,10,1,0.0
11796,30.0,9,11,2,0.0
11797,36.0,10,10,2,0.0
11798,54.0,13,7,2,0.0
11799,30.0,9,11,2,0.0
11800,-14.0,3,17,6,0.0
11801,26.0,8,12,1,0.0
11802,12.0,7,13,5,0.0
11803,40.0,11,9,3,0.0
11804,22.0,8,12,3,0.0
11805,28.0,8,12,0,0.0
11806,72.0,16,4,2,0.0
11807,46.0,11,9,0,0.0
11808,14.0,7,13,4,13607718912.0
11809,30.0,9,11,2,0.0
11810,18.0,7,13,2,0.0
11811,28.0,9,11,3,0.0
11812,50.0,12,8,1,0.0
11813,60.0,15,5,5,0.0
11814,58.0,13,7,0,0.0
11815,64.0,14,6,0,0.0
11816,32.0,9,11,1,0.0
11817,48.0,12,8,2,0.0
11818,54.0,13,7,2,0.0
11819,46.0,12,8,3,0.0
11820,16.0,7,13,3,0.0
11821,24.0,8,12,2,0.0
11822,48.0,12,8,2,0.0
11823,32.0,10,10,4,0.0
11824,26.0,9,11,4,0.0
11825,38.0,11,9,4,0.0
11826,64.0,15,5,3,0.0
11827,14.0,7,13,4,0.0
11828,36.0,10,10,2,0.0
11829,60.0,14,6,2,0.0
11830,34.0,9,11,0,0.0
11831,44.0,12,8,4,0.0
11832,38.0,11,9,4,0.0
11833,44.0,11,9,1,0.0
11834,28.0,9,11,3,0.0
11835,34.0,9,11,0,0.0
11836,44.0,11,9,1,0.0
11837,34.0,10,10,3,0.0
11838,44.0,11,9,1,0.0
11839,44.0,12,8,4,0.0
11840,32.0,10,10,4,125543000.0
11841,10.0,6,14,3,0.0
11842,32.0,10,10,4,0.0
11843,30.0,9,11,2,0.0
11844,72.0,17,3,5,0.0
11845,44.0,11,9,1,0.0
11846,28.0,9,11,3,0.0
11847,64.0,15,5,3,0.0
11848,22.0,8,12,3,0.0
11849,46.0,11,9,0,0.0
11850,42.0,12,8,5,0.0
11851,34.0,9,11,0,0.0
11852,52.0,13,7,3,0.0
11853,38.0,11,9,4,0.0
11854,30.0,9,11,2,0.0
11855,44.0,11,9,1,0.0
11856,28.0,10,10,6,0.0
11857,52.0,13,7,3,0.0
11858,42.0,12,8,5,0.0
11859,32.0,9,11,1,0.0
11860,38.0,11,9,4,0.0
11861,66.0,15,5,2,0.0
11862,42.0,12,8,5,0.0
11863,58.0,14,6,3,0.0
11864,30.0,9,11,2,0.0
11865,36.0,11,9,5,0.0
11866,24.0,8,12,2,0.0
11867,44.0,11,9,1,0.0
11868,40.0,12,8,6,0.0
11869,66.0,16,4,5,0.0
11870,36.0,11,9,5,0.0
11871,24.0,8,12,2,0.0
11872,48.0,13,7,5,1816013056.0
11873,22.0,8,12,3,0.0
11874,22.0,7,13,0,0.0
11875,38.0,10,10,1,0.0
11876,30.0,9,11,2,0.0
11877,38.0,11,9,4,0.0
11878,42.0,12,8,5,0.0
11879,20.0,9,11,7,0.0
11880,30.0,9,11,2,0.0
11881,42.0,11,9,2,0.0
11882,22.0,8,12,3,0.0
11883,48.0,12,8,2,0.0
11884,58.0,13,7,0,0.0
11885,42.0,11,9,2,0.0
11886,34.0,11,9,6,0.0
11887,52.0,13,7,3,0.0
11888,38.0,11,9,4,0.0
11889,8.0,5,15,1,0.0
11890,32.0,10,10,4,0.0
11891,36.0,11,9,5,0.0
11892,38.0,12,8,7,0.0
11893,26.0,8,12,1,0.0
11894,36.0,10,10,2,0.0
11895,42.0,11,9,2,0.0
11896,58.0,14,6,3,0.0
11897,46.0,13,7,6,0.0
11898,34.0,10,10,3,0.0
11899,24.0,8,12,2,0.0
11900,34.0,10,10,3,0.0
11901,42.0,11,9,2,0.0
11902,20.0,7,13,1,0.0
11903,36.0,10,10,2,0.0
11904,46.0,12,8,3,64658540.0
11905,58.0,14,6,3,0.0
11906,38.0,10,10,1,0.0
11907,66.0,15,5,2,0.0
11908,34.0,10,10,3,0.0
11909,50.0,13,7,4,0.0
11910,58.0,14,6,3,0.0
11911,44.0,12,8,4,0.0
11912,16.0,7,13,3,0.0
11913,14.0,7,13,4,0.0
11914,50.0,12,8,1,0.0
11915,54.0,13,7,2,0.0
11916,28.0,9,11,3,0.0
11917,38.0,10,10,1,0.0
11918,28.0,9,11,3,0.0
11919,36.0,10,10,2,0.0
11920,26.0,9,11,4,0.0
11921,70.0,15,5,0,0.0
11922,36.0,10,10,2,0.0
11923,62.0,15,5,4,0.0
11924,46.0,13,7,6,0.0
11925,20.0,7,13,1,0.0
11926,30.0,10,10,5,0.0
11927,30.0,9,11,2,0.0
11928,38.0,11,9,4,0.0
11929,44.0,11,9,1,0.0
11930,20.0,8,12,4,0.0
11931,42.0,11,9,2,0.0
11932,40.0,11,9,3,0.0
11933,12.0,7,13,5,0.0
11934,52.0,13,7,3,0.0
11935,42.0,11,9,2,0.0
11936,44.0,11,9,1,59134377984.0
11937,32.0,11,9,7,0.0
11938,32.0,9,11,1,0.0
11939,38.0,11,9,4,0.0
11940,44.0,11,9,1,0.0
11941,38.0,10,10,1,0.0
11942,52.0,13,7,3,0.0
11943,22.0,7,13,0,0.0
11944,26.0,8,12,1,0.0
11945,34.0,10,10,3,0.0
11946,22.0,9,11,6,0.0
11947,30.0,10,10,5,0.0
11948,40.0,11,9,3,0.0
11949,28.0,9,11,3,0.0
11950,38.0,11,9,4,0.0
11951,42.0,12,8,5,0.0
11952,28.0,9,11,3,0.0
11953,32.0,9,11,1,0.0
11954,56.0,13,7,1,0.0
11955,36.0,10,10,2,0.0
11956,46.0,12,8,3,0.0
11957,30.0,10,10,5,0.0
11958,56.0,14,6,4,0.0
11959,66.0,15,5,2,0.0
11960,20.0,8,12,4,0.0
11961,42.0,11,9,2,0.0
11962,52.0,13,7,3,0.0
11963,32.0,10,10,4,0.0
11964,54.0,13,7,2,0.0
11965,16.0,8,12,6,0.0
11966,32.0,9,11,1,0.0
11967,54.0,14,6,5,0.0
11968,34.0,10,10,3,20847270.0
11969,18.0,7,13,2,0.0
11970,42.0,11,9,2,0.0
11971,48.0,13,7,5,0.0
11972,6.0,6,14,5,0.0
11973,40.0,12,8,6,0.0
11974,22.0,8,12,3,0.0
11975,46.0,12,8,3,0.0
11976,40.0,12,8,6,0.0
11977,28.0,9,11,3,0.0
11978,26.0,8,12,1,0.0
11979,30.0,10,10,5,0.0
11980,40.0,11,9,3,0.0
11981,12.0,6,14,2,0.0
11982,52.0,13,7,3,0.0
11983,26.0,9,11,4,0.0
11984,30.0,10,10,5,0.0
11985,28.0,9,11,3,0.0
11986,46.0,12,8,3,0.0
11987,32.0,10,10,4,0.0
11988,20.0,8,12,4,0.0
11989,20.0,8,12,4,0.0
11990,44.0,12,8,4,0.0
11991,32.0,9,11,1,0.0
11992,56.0,13,7,1,0.0
11993,14.0,7,13,4,0.0
11994,20.0,8,12,4,0.0
11995,28.0,9,11,3,0.0
11996,34.0,9,11,0,0.0
11997,26.0,8,12,1,0.0
11998,36.0,10,10,2,0.0
11999,48.0,12,8,2,0.0
12000,30.0,9,11,2,604041.625
12001,40.0,10,10,0,0.0
12002,30.0,9,11,2,0.0
12003,40.0,11,9,3,0.0
12004,54.0,13,7,2,0.0
12005,64.0,14,6,0,0.0
12006,50.0,12,8,1,0.0
12007,42.0,12,8,5,0.0
12008,44.0,11,9,1,0.0
12009,32.0,9,11,1,0.0
12010,58.0,14,6,3,0.0
12011,16.0,8,12,6,0.0
12012,34.0,10,10,3,0.0
12013,32.0,9,11,1,0.0
12014,48.0,12,8,2,0.0
12015,44.0,12,8,4,0.0
12016,42.0,11,9,2,0.0
12017,34.0,10,10,3,0.0
12018,40.0,11,9,3,0.0
12019,48.0,12,8,2,0.0
12020,36.0,11,9,5,0.0
12021,70.0,16,4,3,0.0
12022,20.0,8,12,4,0.0
12023,44.0,11,9,1,0.0
12024,38.0,12,8,7,0.0
12025,38.0,11,9,4,0.0
12026,50.0,12,8,1,0.0
12027,52.0,13,7,3,0.0
12028,48.0,12,8,2,0.0
12029,36.0,10,10,2,0.0
12030,38.0,11,9,4,0.0
12031,68.0,15,5,1,0.0
12032,46.0,12,8,3,8500022272.0
12033,42.0,11,9,2,0.0
12034,44.0,13,7,7,0.0
12035,40.0,11,9,3,0.0
12036,48.0,12,8,2,0.0
12037,8.0,6,14,4,0.0
12038,32.0,11,9,7,0.0
12039,40.0,11,9,3,0.0
12040,50.0,13,7,4,0.0
12041,36.0,10,10,2,0.0
12042,32.0,10,10,4,0.0
12043,66.0,15,5,2,0.0
12044,52.0,13,7,3,0.0
12045,36.0,11,9,5,0.0
12046,36.0,10,10,2,0.0
12047,32.0,9,11,1,0.0
12048,30.0,9,11,2,0.0
12049,16.0,7,13,3,0.0
12050,78.0,18,2,5,0.0
12051,40.0,11,9,3,0.0
12052,38.0,11,9,4,0.0
12053,38.0,10,10,1,0.0
12054,30.0,11,9,8,0.0
12055,48.0,12,8,2,0.0
12056,20.0,7,13,1,0.0
12057,48.0,12,8,2,0.0
12058,26.0,8,12,1,0.0
12059,18.0,8,12,5,0.0
12060,16.0,6,14,0,0.0
12061,38.0,10,10,1,0.0
12062,42.0,11,9,2,0.0
12063,22.0,7,13,0,0.0
12064,18.0,8,12,5,697732759552.0
12065,62.0,15,5,4,0.0
12066,26.0,9,11,4,0.0
12067,34.0,9,11,0,0.0
12068,22.0,8,12,3,0.0
12069,54.0,13,7,2,0.0
12070,48.0,12,8,2,0.0
12071,20.0,8,12,4,0.0
12072,40.0,11,9,3,0.0
12073,48.0,12,8,2,0.0
12074,40.0,11,9,3,0.0
12075,34.0,11,9,6,0.0
12076,24.0,8,12,2,0.0
12077,54.0,13,7,2,0.0
12078,42.0,11,9,2,0.0
12079,54.0,13,7,2,0.0
12080,30.0,9,11,2,0.0
12081,48.0,13,7,5,0.0
12082,30.0,9,11,2,0.0
12083,24.0,8,12,2,0.0
12084,58.0,14,6,3,0.0
12085,22.0,7,13,0,0.0
12086,22.0,8,12,3,0.0
12087,50.0,12,8,1,0.0
12088,46.0,11,9,0,0.0
12089,44.0,12,8,4,0.0
12090,8.0,6,14,4,0.0
12091,64.0,15,5,3,0.0
12092,22.0,8,12,3,0.0
12093,44.0,11,9,1,0.0
12094,40.0,10,10,0,0.0
12095,16.0,6,14,0,0.0
12096,26.0,9,11,4,990019776.0
12097,56.0,14,6,4,0.0
12098,50.0,12,8,1,0.0
12099,4.0,5,15,3,0.0
12100,42.0,11,9,2,0.0
12101,40.0,11,9,3,0.0
12102,44.0,11,9,1,0.0
12103,48.0,12,8,2,0.0
12104,48.0,12,8,2,0.0
12105,32.0,10,10,4,0.0
12106,46.0,11,9,0,0.0
12107,58.0,13,7,0,0.0
12108,40.0,11,9,3,0.0
12109,30.0,10,10,5,0.0
12110,14.0,8,12,7,0.0
12111,42.0,11,9,2,0.0
12112,26.0,9,11,4,0.0
12113,36.0,10,10,2,0.0
12114,30.0,11,9,8,0.0
12115,30.0,10,10,5,0.0
12116,48.0,12,8,2,0.0
12117,56.0,14,6,4,0.0
12118,20.0,7,13,1,0.0
12119,16.0,7,13,3,0.0
12120,58.0,14,6,3,0.0
12121,20.0,8,12,4,0.0
12122,48.0,12,8,2,0.0
12123,44.0,11,9,1,0.0
12124,46.0,12,8,3,0.0
12125,42.0,11,9,2,0.0
12126,28.0,8,12,0,0.0
12127,46.0,12,8,3,0.0
12128,40.0,11,9,3,19537919475712.0
12129,58.0,14,6,3,0.0
12130,72.0,16,4,2,0.0
12131,32.0,11,9,7,0.0
12132,16.0,7,13,3,0.0
12133,48.0,12,8,2,0.0
12134,26.0,9,11,4,0.0
12135,20.0,9,11,7,0.0
12136,62.0,14,6,1,0.0
12137,26.0,10,10,7,0.0
12138,34.0,11,9,6,0.0
12139,50.0,13,7,4,0.0
12140,30.0,9,11,2,0.0
12141,62.0,15,5,4,0.0
12142,20.0,8,12,4,0.0
12143,50.0,13,7,4,0.0
12144,46.0,12,8,3,0.0
12145,42.0,11,9,2,0.0
12146,38.0,11,9,4,0.0
12147,50.0,13,7,4,0.0
12148,22.0,8,12,3,0.0
12149,36.0,10,10,2,0.0
12150,58.0,14,6,3,0.0
12151,62.0,14,6,1,0.0
12152,54.0,13,7,2,0.0
12153,54.0,13,7,2,0.0
12154,36.0,11,9,5,0.0
12155,42.0,11,9,2,0.0
12156,48.0,12,8,2,0.0
12157,68.0,15,5,1,0.0
12158,12.0,6,14,2,0.0
12159,32.0,9,11,1,0.0
12160,30.0,9,11,2,1969385472.0
12161,8.0,5,15,1,0.0
12162,38.0,11,9,4,0.0
12163,46.0,12,8,3,0.0
12164,30.0,10,10,5,0.0
12165,26.0,8,12,1,0.0
12166,44.0,11,9,1,0.0
12167,62.0,14,6,1,0.0
12168,36.0,10,10,2,0.0
12169,62.0,14,6,1,0.0
12170,52.0,13,7,3,0.0
12171,36.0,10,10,2,0.0
12172,48.0,12,8,2,0.0
12173,46.0,12,8,3,0.0
12174,34.0,11,9,6,0.0
12175,50.0,13,7,4,0.0
12176,46.0,11,9,0,0.0
12177,42.0,11,9,2,0.0
12178,36.0,11,9,5,0.0
12179,42.0,11,9,2,0.0
12180,28.0,8,12,0,0.0
12181,40.0,10,10,0,0.0
12182,38.0,11,9,4,0.0
12183,52.0,12,8,0,0.0
12184,48.0,12,8,2,0.0
12185,50.0,13,7,4,0.0
12186,20.0,7,13,1,0.0
12187,36.0,10,10,2,0.0
12188,44.0,11,9,1,0.0
12189,36.0,11,9,5,0.0
12190,28.0,9,11,3,0.0
12191,34.0,10,10,3,0.0
12192,52.0,13,7,3,841369152.0
12193,62.0,14,6,1,0.0
12194,16.0,8,12,6,0.0
12195,42.0,11,9,2,0.0
12196,32.0,9,11,1,0.0
12197,46.0,12,8,3,0.0
12198,38.0,10,10,1,0.0
12199,42.0,11,9,2,0.0
12200,16.0,7,13,3,0.0
12201,56.0,13,7,1,0.0
12202,54.0,14,6,5,0.0
12203,46.0,12,8,3,0.0
12204,18.0,7,13,2,0.0
12205,48.0,12,8,2,0.0
12206,44.0,12,8,4,0.0
12207,40.0,11,9,3,0.0
12208,12.0,7,13,5,0.0
12209,46.0,12,8,3,0.0
12210,60.0,14,6,2,0.0
12211,38.0,10,10,1,0.0
12212,70.0,15,5,0,0.0
12213,36.0,10,10,2,0.0
12214,44.0,12,8,4,0.0
12215,44.0,11,9,1,0.0
12216,24.0,8,12,2,0.0
12217,44.0,12,8,4,0.0
12218,48.0,13,7,5,0.0
12219,22.0,8,12,3,0.0
12220,48.0,12,8,2,0.0
12221,42.0,11,9,2,0.0
12222,26.0,9,11,4,0.0
12223,16.0,7,13,3,0.0
12224,42.0,11,9,2,21977503744.0
12225,40.0,11,9,3,0.0
12226,44.0,12,8,4,0.0
12227,24.0,8,12,2,0.0
12228,60.0,14,6,2,0.0
12229,40.0,12,8,6,0.0
12230,68.0,15,5,1,0.0
12231,28.0,9,11,3,0.0
12232,66.0,15,5,2,0.0
12233,58.0,13,7,0,0.0
12234,58.0,14,6,3,0.0
12235,30.0,9,11,2,0.0
12236,30.0,10,10,5,0.0
12237,36.0,10,10,2,0.0
12238,44.0,11,9,1,0.0
12239,46.0,11,9,0,0.0
12240,70.0,16,4,3,0.0
12241,32.0,10,10,4,0.0
12242,28.0,8,12,0,0.0
12243,40.0,11,9,3,0.0
12244,60.0,14,6,2,0.0
12245,32.0,10,10,4,0.0
12246,16.0,7,13,3,0.0
12247,46.0,12,8,3,0.0
12248,46.0,12,8,3,0.0
12249,38.0,10,10,1,0.0
12250,48.0,13,7,5,0.0
12251,34.0,10,10,3,0.0
12252,52.0,12,8,0,0.0
12253,48.0,12,8,2,0.0
12254,34.0,10,10,3,0.0
12255,62.0,15,5,4,0.0
12256,56.0,13,7,1,1514155008.0
12257,24.0,9,11,5,0.0
12258,28.0,9,11,3,0.0
12259,50.0,12,8,1,0.0
12260,56.0,13,7,1,0.0
12261,36.0,11,9,5,0.0
12262,56.0,13,7,1,0.0
12263,34.0,10,10,3,0.0
12264,18.0,8,12,5,0.0
12265,28.0,10,10,6,0.0
12266,42.0,12,8,5,0.0
12267,44.0,11,9,1,0.0
12268,58.0,14,6,3,0.0
12269,42.0,11,9,2,0.0
12270,42.0,11,9,2,0.0
12271,56.0,13,7,1,0.0
12272,36.0,12,8,8,0.0
12273,36.0,11,9,5,0.0
12274,38.0,11,9,4,0.0
12275,46.0,12,8,3,0.0
12276,40.0,11,9,3,0.0
12277,58.0,13,7,0,0.0
12278,38.0,11,9,4,0.0
12279,26.0,8,12,1,0.0
12280,46.0,11,9,0,0.0
12281,36.0,11,9,5,0.0
12282,54.0,13,7,2,0.0
12283,56.0,13,7,1,0.0
12284,40.0,12,8,6,0.0
12285,18.0,7,13,2,0.0
12286,58.0,15,5,6,0.0
12287,58.0,14,6,3,0.0
12288,36.0,10,10,2,7664760782848.0
12289,42.0,12,8,5,0.0
12290,34.0,10,10,3,0.0
12291,24.0,8,12,2,0.0
12292,42.0,12,8,5,0.0
12293,30.0,10,10,5,0.0
12294,58.0,14,6,3,0.0
12295,54.0,13,7,2,0.0
12296,40.0,11,9,3,0.0
12297,32.0,9,11,1,0.0
12298,36.0,11,9,5,0.0
12299,50.0,13,7,4,0.0
12300,22.0,8,12,3,0.0
12301,22.0,7,13,0,0.0
12302,44.0,11,9,1,0.0
12303,42.0,11,9,2,0.0
12304,14.0,7,13,4,0.0
12305,38.0,11,9,4,0.0
12306,12.0,7,13,5,0.0
12307,54.0,14,6,5,0.0
12308,30.0,9,11,2,0.0
12309,56.0,13,7,1,0.0
12310,34.0,10,10,3,0.0
12311,-14.0,3,17,6,0.0
12312,42.0,12,8,5,0.0
12313,46.0,13,7,6,0.0
12314,18.0,7,13,2,0.0
12315,34.0,10,10,3,0.0
12316,48.0,12,8,2,0.0
12317,10.0,6,14,3,0.0
12318,20.0,8,12,4,0.0
12319,36.0,11,9,5,0.0
12320,36.0,10,10,2,1840052480.0
12321,16.0,7,13,3,0.0
12322,34.0,9,11,0,0.0
12323,30.0,10,10,5,0.0
12324,52.0,12,8,0,0.0
12325,22.0,9,11,6,0.0
12326,44.0,11,9,1,0.0
12327,22.0,8,12,3,0.0
12328,56.0,13,7,1,0.0
12329,38.0,11,9,4,0.0
12330,30.0,9,11,2,0.0
12331,50.0,12,8,1,0.0
12332,46.0,12,8,3,0.0
12333,20.0,7,13,1,0.0
12334,42.0,11,9,2,0.0
12335,52.0,12,8,0,0.0
12336,66.0,15,5,2,0.0
12337,50.0,12,8,1,0.0
12338,42.0,11,9,2,0.0
12339,54.0,13,7,2,0.0
12340,18.0,8,12,5,0.0
12341,44.0,11,9,1,0.0
12342,64.0,15,5,3,0.0
12343,44.0,12,8,4,0.0
12344,50.0,12,8,1,0.0
12345,58.0,14,6,3,0.0
12346,34.0,10,10,3,0.0
12347,40.0,10,10,0,0.0
12348,42.0,11,9,2,0.0
12349,50.0,13,7,4,0.0
12350,38.0,11,9,4,0.0
12351,20.0,8,12,4,0.0
12352,36.0,10,10,2,4866677248.0
12353,42.0,12,8,5,0.0
12354,40.0,10,10,0,0.0
12355,30.0,10,10,5,0.0
12356,30.0,9,11,2,0.0
12357,14.0,6,14,1,0.0
12358,56.0,13,7,1,0.0
12359,44.0,12,8,4,0.0
12360,64.0,15,5,3,0.0
12361,36.0,10,10,2,0.0
12362,30.0,9,11,2,0.0
12363,66.0,15,5,2,0.0
12364,36.0,10,10,2,0.0
12365,54.0,13,7,2,0.0
12366,40.0,11,9,3,0.0
12367,34.0,9,11,0,0.0
12368,60.0,14,6,2,0.0
12369,24.0,8,12,2,0.0
12370,28.0,9,11,3,0.0
12371,44.0,11,9,1,0.0
12372,32.0,10,10,4,0.0
12373,26.0,9,11,4,0.0
12374,38.0,11,9,4,0.0
12375,22.0,9,11,6,0.0
12376,54.0,14,6,5,0.0
12377,42.0,11,9,2,0.0
12378,42.0,11,9,2,0.0
12379,40.0,11,9,3,0.0
12380,24.0,8,12,2,0.0
12381,60.0,14,6,2,0.0
12382,66.0,15,5,2,0.0
12383,34.0,10,10,3,0.0
12384,34.0,10,10,3,6818014208.0
12385,38.0,11,9,4,0.0
12386,24.0,8,12,2,0.0
12387,30.0,9,11,2,0.0
12388,48.0,12,8,2,0.0
12389,38.0,10,10,1,0.0
12390,52.0,13,7,3,0.0
12391,28.0,10,10,6,0.0
12392,24.0,8,12,2,0.0
12393,20.0,8,12,4,0.0
12394,18.0,8,12,5,0.0
12395,38.0,11,9,4,0.0
12396,34.0,11,9,6,0.0
12397,34.0,10,10,3,0.0
12398,48.0,13,7,5,0.0
12399,48.0,12,8,2,0.0
12400,44.0,11,9,1,0.0
12401,34.0,10,10,3,0.0
12402,24.0,8,12,2,0.0
12403,64.0,15,5,3,0.0
12404,38.0,10,10,1,0.0
12405,42.0,11,9,2,0.0
12406,58.0,14,6,3,0.0
12407,46.0,12,8,3,0.0
12408,48.0,12,8,2,0.0
12409,56.0,14,6,4,0.0
12410,40.0,11,9,3,0.0
12411,42.0,11,9,2,0.0
12412,38.0,12,8,7,0.0
12413,26.0,9,11,4,0.0
12414,44.0,12,8,4,0.0
12415,22.0,9,11,6,0.0
12416,32.0,10,10,4,33939462144.0
12417,66.0,15,5,2,0.0
12418,50.0,12,8,1,0.0
12419,44.0,12,8,4,0.0
12420,56.0,13,7,1,0.0
12421,44.0,12,8,4,0.0
12422,26.0,9,11,4,0.0
12423,24.0,8,12,2,0.0
12424,18.0,7,13,2,0.0
12425,40.0,11,9,3,0.0
12426,50.0,12,8,1,0.0
12427,24.0,8,12,2,0.0
12428,66.0,15,5,2,0.0
12429,24.0,9,11,5,0.0
12430,52.0,13,7,3,0.0
12431,50.0,13,7,4,0.0
12432,24.0,8,12,2,0.0
12433,44.0,12,8,4,0.0
12434,44.0,12,8,4,0.0
12435,38.0,10,10,1,0.0
12436,16.0,7,13,3,0.0
12437,34.0,10,10,3,0.0
12438,46.0,12,8,3,0.0
12439,32.0,10,10,4,0.0
12440,40.0,11,9,3,0.0
12441,54.0,13,7,2,0.0
12442,50.0,12,8,1,0.0
12443,46.0,13,7,6,0.0
12444,40.0,11,9,3,0.0
12445,26.0,10,10,7,0.0
12446,44.0,12,8,4,0.0
12447,44.0,12,8,4,0.0
12448,36.0,10,10,2,22883915005952.0
12449,42.0,11,9,2,0.0
12450,34.0,9,11,0,0.0
12451,46.0,12,8,3,0.0
12452,14.0,7,13,4,0.0
12453,36.0,10,10,2,0.0
12454,24.0,10,10,8,0.0
12455,30.0,10,10,5,0.0
12456,46.0,12,8,3,0.0
12457,36.0,10,10,2,0.0
12458,46.0,11,9,0,0.0
12459,40.0,10,10,0,0.0
12460,18.0,7,13,2,0.0
12461,32.0,10,10,4,0.0
12462,30.0,9,11,2,0.0
12463,50.0,13,7,4,0.0
12464,30.0,9,11,2,0.0
12465,38.0,10,10,1,0.0
12466,52.0,12,8,0,0.0
12467,42.0,12,8,5,0.0
12468,48.0,13,7,5,0.0
12469,10.0,7,13,6,0.0
12470,38.0,11,9,4,0.0
12471,30.0,10,10,5,0.0
12472,64.0,15,5,3,0.0
12473,44.0,12,8,4,0.0
12474,12.0,6,14,2,0.0
12475,48.0,12,8,2,0.0
12476,44.0,12,8,4,0.0
12477,30.0,9,11,2,0.0
12478,40.0,11,9,3,0.0
12479,18.0,8,12,5,0.0
12480,64.0,14,6,0,15850078208.0
12481,26.0,10,10,7,0.0
12482,54.0,13,7,2,0.0
12483,32.0,10,10,4,0.0
12484,52.0,13,7,3,0.0
12485,6.0,5,15,2,0.0
12486,60.0,15,5,5,0.0
12487,24.0,8,12,2,0.0
12488,32.0,11,9,7,0.0
12489,20.0,8,12,4,0.0
12490,64.0,15,5,3,0.0
12491,26.0,9,11,4,0.0
12492,28.0,9,11,3,0.0
12493,40.0,11,9,3,0.0
12494,28.0,10,10,6,0.0
12495,32.0,10,10,4,0.0
12496,42.0,11,9,2,0.0
12497,20.0,9,11,7,0.0
12498,46.0,12,8,3,0.0
12499,34.0,9,11,0,0.0
12500,24.0,9,11,5,0.0
12501,40.0,11,9,3,0.0
12502,52.0,13,7,3,0.0
12503,36.0,10,10,2,0.0
12504,26.0,9,11,4,0.0
12505,46.0,12,8,3,0.0
12506,46.0,13,7,6,0.0
12507,38.0,11,9,4,0.0
12508,38.0,11,9,4,0.0
12509,42.0,11,9,2,0.0
12510,34.0,10,10,3,0.0
12511,58.0,13,7,0,0.0
12512,68.0,15,5,1,551334784.0
12513,32.0,10,10,4,0.0
12514,28.0,9,11,3,0.0
12515,56.0,15,5,7,0.0
12516,66.0,15,5,2,0.0
12517,36.0,10,10,2,0.0
12518,36.0,10,10,2,0.0
12519,40.0,11,9,3,0.0
12520,48.0,12,8,2,0.0
12521,22.0,8,12,3,0.0
12522,26.0,8,12,1,0.0
12523,32.0,9,11,1,0.0
12524,56.0,13,7,1,0.0
12525,16.0,7,13,3,0.0
12526,62.0,15,5,4,0.0
12527,44.0,12,8,4,0.0
12528,60.0,14,6,2,0.0
12529,44.0,11,9,1,0.0
12530,40.0,11,9,3,0.0
12531,24.0,9,11,5,0.0
12532,52.0,14,6,6,0.0
12533,26.0,8,12,1,0.0
12534,44.0,11,9,1,0.0
12535,60.0,14,6,2,0.0
12536,60.0,14,6,2,0.0
12537,38.0,11,9,4,0.0
12538,50.0,12,8,1,0.0
12539,38.0,11,9,4,0.0
12540,52.0,12,8,0,0.0
12541,24.0,9,11,5,0.0
12542,32.0,10,10,4,0.0
12543,38.0,10,10,1,0.0
12544,42.0,11,9,2,563412140032.0
12545,28.0,9,11,3,0.0
12546,36.0,11,9,5,0.0
12547,44.0,11,9,1,0.0
12548,42.0,11,9,2,0.0
12549,26.0,9,11,4,0.0
12550,44.0,12,8,4,0.0
12551,42.0,11,9,2,0.0
12552,42.0,11,9,2,0.0
12553,20.0,8,12,4,0.0
12554,50.0,13,7,4,0.0
12555,52.0,13,7,3,0.0
12556,38.0,12,8,7,0.0
12557,16.0,7,13,3,0.0
12558,28.0,9,11,3,0.0
12559,36.0,11,9,5,0.0
12560,30.0,9,11,2,0.0
12561,32.0,9,11,1,0.0
12562,66.0,15,5,2,0.0
12563,28.0,9,11,3,0.0
12564,46.0,12,8,3,0.0
12565,42.0,11,9,2,0.0
12566,34.0,10,10,3,0.0
12567,38.0,11,9,4,0.0
12568,44.0,12,8,4,0.0
12569,52.0,14,6,6,0.0
12570,44.0,11,9,1,0.0
12571,56.0,13,7,1,0.0
12572,28.0,9,11,3,0.0
12573,10.0,7,13,6,0.0
12574,18.0,7,13,2,0.0
12575,30.0,9,11,2,0.0
12576,34.0,10,10,3,87601931354112.0
12577,52.0,13,7,3,0.0
12578,44.0,11,9,1,0.0
12579,34.0,11,9,6,0.0
12580,38.0,10,10,1,0.0
12581,52.0,13,7,3,0.0
12582,54.0,13,7,2,0.0
12583,58.0,14,6,3,0.0
12584,38.0,11,9,4,0.0
12585,44.0,11,9,1,0.0
12586,56.0,13,7,1,0.0
12587,50.0,12,8,1,0.0
12588,46.0,12,8,3,0.0
12589,20.0,8,12,4,0.0
12590,26.0,9,11,4,0.0
12591,50.0,12,8,1,0.0
12592,36.0,10,10,2,0.0
12593,60.0,15,5,5,0.0
12594,26.0,8,12,1,0.0
12595,32.0,10,10,4,0.0
12596,10.0,7,13,6,0.0
12597,62.0,14,6,1,0.0
12598,20.0,8,12,4,0.0
12599,46.0,12,8,3,0.0
12600,16.0,7,13,3,0.0
12601,62.0,14,6,1,0.0
12602,20.0,8,12,4,0.0
12603,52.0,13,7,3,0.0
12604,26.0,9,11,4,0.0
12605,44.0,12,8,4,0.0
12606,28.0,9,11,3,0.0
12607,50.0,12,8,1,0.0
12608,26.0,9,11,4,92401377280.0
12609,14.0,7,13,4,0.0
12610,32.0,10,10,4,0.0
12611,40.0,11,9,3,0.0
12612,28.0,9,11,3,0.0
12613,40.0,12,8,6,0.0
12614,32.0,9,11,1,0.0
12615,40.0,11,9,3,0.0
12616,24.0,9,11,5,0.0
12617,38.0,11,9,4,0.0
12618,48.0,12,8,2,0.0
12619,50.0,12,8,1,0.0
12620,42.0,13,7,8,0.0
12621,46.0,12,8,3,0.0
12622,60.0,15,5,5,0.0
12623,28.0,9,11,3,0.0
12624,36.0,11,9,5,0.0
12625,30.0,9,11,2,0.0
12626,64.0,14,6,0,0.0
12627,50.0,12,8,1,0.0
12628,50.0,12,8,1,0.0
12629,40.0,11,9,3,0.0
12630,34.0,10,10,3,0.0
12631,44.0,11,9,1,0.0
12632,54.0,13,7,2,0.0
12633,26.0,9,11,4,0.0
12634,50.0,12,8,1,0.0
12635,36.0,11,9,5,0.0
12636,70.0,16,4,3,0.0
12637,14.0,7,13,4,0.0
12638,18.0,8,12,5,0.0
12639,34.0,10,10,3,0.0
12640,44.0,11,9,1,82989456.0
12641,40.0,10,10,0,0.0
12642,36.0,10,10,2,0.0
12643,46.0,12,8,3,0.0
12644,52.0,13,7,3,0.0
12645,48.0,12,8,2,0.0
12646,40.0,12,8,6,0.0
12647,12.0,7,13,5,0.0
12648,28.0,9,11,3,0.0
12649,56.0,13,7,1,0.0
12650,36.0,11,9,5,0.0
12651,38.0,10,10,1,0.0
12652,44.0,12,8,4,0.0
12653,18.0,9,11,8,0.0
12654,32.0,10,10,4,0.0
12655,62.0,14,6,1,0.0
12656,28.0,9,11,3,0.0
12657,44.0,11,9,1,0.0
12658,36.0,11,9,5,0.0
12659,38.0,11,9,4,0.0
12660,44.0,11,9,1,0.0
12661,28.0,9,11,3,0.0
12662,38.0,10,10,1,0.0
12663,38.0,11,9,4,0.0
12664,18.0,8,12,5,0.0
12665,48.0,12,8,2,0.0
12666,22.0,9,11,6,0.0
12667,26.0,8,12,1,0.0
12668,42.0,12,8,5,0.0
12669,34.0,9,11,0,0.0
12670,18.0,8,12,5,0.0
12671,54.0,13,7,2,0.0
12672,26.0,9,11,4,10485744271360.0
12673,36.0,10,10,2,0.0
12674,28.0,9,11,3,0.0
12675,38.0,10,10,1,0.0
12676,48.0,12,8,2,0.0
12677,44.0,13,7,7,0.0
12678,26.0,9,11,4,0.0
12679,22.0,8,12,3,0.0
12680,26.0,8,12,1,0.0
12681,54.0,13,7,2,0.0
12682,58.0,15,5,6,0.0
12683,46.0,13,7,6,0.0
12684,30.0,9,11,2,0.0
12685,26.0,8,12,1,0.0
12686,56.0,13,7,1,0.0
12687,34.0,10,10,3,0.0
12688,50.0,12,8,1,0.0
12689,38.0,11,9,4,0.0
12690,22.0,7,13,0,0.0
12691,48.0,13,7,5,0.0
12692,30.0,9,11,2,0.0
12693,32.0,9,11,1,0.0
12694,46.0,12,8,3,0.0
12695,38.0,11,9,4,0.0
12696,44.0,11,9,1,0.0
12697,32.0,9,11,1,0.0
12698,50.0,12,8,1,0.0
12699,36.0,11,9,5,0.0
12700,48.0,13,7,5,0.0
12701,36.0,10,10,2,0.0
12702,34.0,10,10,3,0.0
12703,42.0,11,9,2,0.0
12704,44.0,11,9,1,14443852333056.0
12705,18.0,7,13,2,0.0
12706,48.0,12,8,2,0.0
12707,38.0,10,10,1,0.0
12708,32.0,9,11,1,0.0
12709,32.0,10,10,4,0.0
12710,20.0,7,13,1,0.0
12711,30.0,9,11,2,0.0
12712,32.0,10,10,4,0.0
12713,28.0,9,11,3,0.0
12714,62.0,15,5,4,0.0
12715,42.0,12,8,5,0.0
12716,46.0,12,8,3,0.0
12717,48.0,12,8,2,0.0
12718,50.0,12,8,1,0.0
12719,12.0,7,13,5,0.0
12720,36.0,11,9,5,0.0
12721,54.0,13,7,2,0.0
12722,28.0,9,11,3,0.0
12723,32.0,9,11,1,0.0
12724,30.0,9,11,2,0.0
12725,36.0,10,10,2,0.0
12726,28.0,10,10,6,0.0
12727,46.0,12,8,3,0.0
12728,40.0,10,10,0,0.0
12729,38.0,11,9,4,0.0
12730,44.0,11,9,1,0.0
12731,44.0,11,9,1,0.0
12732,44.0,11,9,1,0.0
12733,46.0,12,8,3,0.0
12734,44.0,12,8,4,0.0
12735,56.0,15,5,7,0.0
12736,40.0,10,10,0,64278306816.0
12737,36.0,10,10,2,0.0
12738,30.0,9,11,2,0.0
12739,44.0,11,9,1,0.0
12740,34.0,10,10,3,0.0
12741,22.0,8,12,3,0.0
12742,42.0,12,8,5,0.0
12743,34.0,9,11,0,0.0
12744,52.0,13,7,3,0.0
12745,34.0,10,10,3,0.0
12746,12.0,8,12,8,0.0
12747,42.0,11,9,2,0.0
12748,50.0,12,8,1,0.0
12749,42.0,12,8,5,0.0
12750,42.0,11,9,2,0.0
12751,14.0,6,14,1,0.0
12752,40.0,10,10,0,0.0
12753,36.0,10,10,2,0.0
12754,42.0,12,8,5,0.0
12755,44.0,12,8,4,0.0
12756,34.0,10,10,3,0.0
12757,42.0,11,9,2,0.0
12758,34.0,9,11,0,0.0
12759,58.0,14,6,3,0.0
12760,40.0,11,9,3,0.0
12761,36.0,11,9,5,0.0
12762,30.0,9,11,2,0.0
12763,48.0,12,8,2,0.0
12764,38.0,11,9,4,0.0
12765,56.0,13,7,1,0.0
12766,70.0,15,5,0,0.0
12767,40.0,11,9,3,0.0
12768,34.0,10,10,3,10673908736.0
12769,44.0,11,9,1,0.0
12770,50.0,12,8,1,0.0
12771,54.0,13,7,2,0.0
12772,38.0,10,10,1,0.0
12773,56.0,13,7,1,0.0
12774,24.0,8,12,2,0.0
12775,42.0,12,8,5,0.0
12776,36.0,10,10,2,0.0
12777,38.0,10,10,1,0.0
12778,48.0,13,7,5,0.0
12779,22.0,8,12,3,0.0
12780,30.0,9,11,2,0.0
12781,36.0,10,10,2,0.0
12782,40.0,11,9,3,0.0
12783,40.0,11,9,3,0.0
12784,40.0,10,10,0,0.0
12785,66.0,15,5,2,0.0
12786,22.0,9,11,6,0.0
12787,44.0,11,9,1,0.0
12788,42.0,11,9,2,0.0
12789,16.0,7,13,3,0.0
12790,48.0,12,8,2,0.0
12791,34.0,11,9,6,0.0
12792,34.0,10,10,3,0.0
12793,14.0,8,12,7,0.0
12794,52.0,13,7,3,0.0
12795,50.0,13,7,4,0.0
12796,36.0,10,10,2,0.0
12797,40.0,11,9,3,0.0
12798,60.0,14,6,2,0.0
12799,44.0,12,8,4,0.0
12800,52.0,13,7,3,499625760915456.0
12801,30.0,9,11,2,0.0
12802,48.0,12,8,2,0.0
12803,28.0,9,11,3,0.0
12804,50.0,13,7,4,0.0
12805,52.0,13,7,3,0.0
12806,54.0,14,6,5,0.0
12807,42.0,11,9,2,0.0
12808,22.0,8,12,3,0.0
12809,42.0,11,9,2,0.0
12810,50.0,13,7,4,0.0
12811,38.0,10,10,1,0.0
12812,10.0,5,15,0,0.0
12813,48.0,12,8,2,0.0
12814,38.0,11,9,4,0.0
12815,48.0,12,8,2,0.0
12816,32.0,10,10,4,0.0
12817,24.0,9,11,5,0.0
12818,34.0,10,10,3,0.0
12819,38.0,10,10,1,0.0
12820,36.0,10,10,2,0.0
12821,50.0,12,8,1,0.0
12822,50.0,13,7,4,0.0
12823,18.0,7,13,2,0.0
12824,40.0,11,9,3,0.0
12825,68.0,16,4,4,0.0
12826,26.0,9,11,4,0.0
12827,24.0,9,11,5,0.0
12828,44.0,11,9,1,0.0
12829,26.0,9,11,4,0.0
12830,68.0,16,4,4,0.0
12831,34.0,10,10,3,0.0
12832,46.0,12,8,3,460079300608.0
12833,60.0,14,6,2,0.0
12834,46.0,12,8,3,0.0
12835,38.0,10,10,1,0.0
12836,48.0,12,8,2,0.0
12837,52.0,13,7,3,0.0
12838,58.0,14,6,3,0.0
12839,54.0,13,7,2,0.0
12840,40.0,10,10,0,0.0
12841,46.0,12,8,3,0.0
12842,52.0,13,7,3,0.0
12843,34.0,11,9,6,0.0
12844,16.0,7,13,3,0.0
12845,40.0,11,9,3,0.0
12846,6.0,6,14,5,0.0
12847,42.0,11,9,2,0.0
12848,66.0,15,5,2,0.0
12849,42.0,11,9,2,0.0
12850,38.0,10,10,1,0.0
12851,42.0,11,9,2,0.0
12852,34.0,11,9,6,0.0
12853,40.0,11,9,3,0.0
12854,34.0,9,11,0,0.0
12855,42.0,11,9,2,0.0
12856,44.0,11,9,1,0.0
12857,42.0,12,8,5,0.0
12858,50.0,13,7,4,0.0
12859,56.0,13,7,1,0.0
12860,38.0,11,9,4,0.0
12861,40.0,11,9,3,0.0
12862,64.0,14,6,0,0.0
12863,34.0,9,11,0,0.0
12864,14.0,7,13,4,730160168960.0
12865,16.0,6,14,0,0.0
12866,32.0,9,11,1,0.0
12867,44.0,11,9,1,0.0
12868,40.0,10,10,0,0.0
12869,38.0,11,9,4,0.0
12870,28.0,8,12,0,0.0
12871,44.0,12,8,4,0.0
12872,38.0,11,9,4,0.0
12873,38.0,11,9,4,0.0
12874,44.0,12,8,4,0.0
12875,12.0,7,13,5,0.0
12876,48.0,12,8,2,0.0
12877,62.0,14,6,1,0.0
12878,50.0,13,7,4,0.0
12879,32.0,9,11,1,0.0
12880,38.0,10,10,1,0.0
12881,32.0,11,9,7,0.0
12882,22.0,8,12,3,0.0
12883,26.0,8,12,1,0.0
12884,32.0,9,11,1,0.0
12885,40.0,11,9,3,0.0
12886,54.0,14,6,5,0.0
12887,50.0,12,8,1,0.0
12888,38.0,10,10,1,0.0
12889,34.0,10,10,3,0.0
12890,36.0,11,9,5,0.0
12891,44.0,11,9,1,0.0
12892,30.0,10,10,5,0.0
12893,48.0,12,8,2,0.0
12894,44.0,11,9,1,0.0
12895,48.0,13,7,5,0.0
12896,10.0,6,14,3,90864592.0
12897,46.0,13,7,6,0.0
12898,28.0,9,11,3,0.0
12899,32.0,10,10,4,0.0
12900,56.0,13,7,1,0.0
12901,50.0,13,7,4,0.0
12902,28.0,10,10,6,0.0
12903,44.0,12,8,4,0.0
12904,38.0,11,9,4,0.0
12905,34.0,10,10,3,0.0
12906,56.0,13,7,1,0.0
12907,40.0,11,9,3,0.0
12908,46.0,12,8,3,0.0
12909,40.0,11,9,3,0.0
12910,50.0,13,7,4,0.0
12911,52.0,13,7,3,0.0
12912,22.0,7,13,0,0.0
12913,18.0,7,13,2,0.0
12914,46.0,12,8,3,0.0
12915,54.0,13,7,2,0.0
12916,40.0,11,9,3,0.0
12917,32.0,9,11,1,0.0
12918,50.0,12,8,1,0.0
12919,40.0,11,9,3,0.0
12920,24.0,8,12,2,0.0
12921,30.0,9,11,2,0.0
12922,38.0,10,10,1,0.0
12923,34.0,10,10,3,0.0
12924,44.0,11,9,1,0.0
12925,62.0,15,5,4,0.0
12926,30.0,10,10,5,0.0
12927,26.0,8,12,1,0.0
12928,46.0,12,8,3,120312324096.0
12929,36.0,11,9,5,0.0
12930,44.0,11,9,1,0.0
12931,50.0,12,8,1,0.0
12932,46.0,11,9,0,0.0
12933,38.0,10,10,1,0.0
12934,14.0,7,13,4,0.0
12935,34.0,10,10,3,0.0
12936,28.0,9,11,3,0.0
12937,38.0,11,9,4,0.0
12938,20.0,8,12,4,0.0
12939,40.0,11,9,3,0.0
12940,32.0,9,11,1,0.0
12941,68.0,15,5,1,0.0
12942,20.0,7,13,1,0.0
12943,56.0,13,7,1,0.0
12944,32.0,10,10,4,0.0
12945,32.0,9,11,1,0.0
12946,38.0,10,10,1,0.0
12947,28.0,9,11,3,0.0
12948,58.0,14,6,3,0.0
12949,46.0,12,8,3,0.0
12950,30.0,9,11,2,0.0
12951,44.0,12,8,4,0.0
12952,58.0,14,6,3,0.0
12953,56.0,13,7,1,0.0
12954,44.0,12,8,4,0.0
12955,38.0,10,10,1,0.0
12956,56.0,13,7,1,0.0
12957,36.0,10,10,2,0.0
12958,72.0,16,4,2,0.0
12959,28.0,9,11,3,0.0
12960,28.0,9,11,3,20535087988736.0
12961,62.0,14,6,1,0.0
12962,66.0,15,5,2,0.0
12963,42.0,12,8,5,0.0
12964,34.0,10,10,3,0.0
12965,64.0,15,5,3,0.0
12966,54.0,13,7,2,0.0
12967,30.0,9,11,2,0.0
12968,48.0,12,8,2,0.0
12969,30.0,9,11,2,0.0
12970,38.0,11,9,4,0.0
12971,50.0,13,7,4,0.0
12972,42.0,11,9,2,0.0
12973,34.0,10,10,3,0.0
12974,14.0,7,13,4,0.0
12975,56.0,13,7,1,0.0
12976,34.0,10,10,3,0.0
12977,42.0,11,9,2,0.0
12978,52.0,13,7,3,0.0
12979,38.0,11,9,4,0.0
12980,10.0,5,15,0,0.0
12981,26.0,8,12,1,0.0
12982,32.0,10,10,4,0.0
12983,54.0,13,7,2,0.0
12984,50.0,13,7,4,0.0
12985,22.0,9,11,6,0.0
12986,44.0,13,7,7,0.0
12987,26.0,8,12,1,0.0
12988,38.0,10,10,1,0.0
12989,30.0,9,11,2,0.0
12990,34.0,10,10,3,0.0
12991,54.0,13,7,2,0.0
12992,40.0,11,9,3,14637922779136.0
12993,56.0,13,7,1,0.0
12994,54.0,13,7,2,0.0
12995,38.0,11,9,4,0.0
12996,48.0,12,8,2,0.0
12997,30.0,10,10,5,0.0
12998,30.0,9,11,2,0.0
12999,16.0,7,13,3,0.0
13000,20.0,8,12,4,0.0
13001,38.0,11,9,4,0.0
13002,60.0,15,5,5,0.0
13003,34.0,9,11,0,0.0
13004,14.0,8,12,7,0.0
13005,68.0,15,5,1,0.0
13006,46.0,11,9,0,0.0
13007,30.0,10,10,5,0.0
13008,46.0,12,8,3,0.0
13009,38.0,11,9,4,0.0
13010,50.0,12,8,1,0.0
13011,44.0,11,9,1,0.0
13012,26.0,8,12,1,0.0
13013,48.0,12,8,2,0.0
13014,44.0,12,8,4,0.0
13015,52.0,13,7,3,0.0
13016,36.0,10,10,2,0.0
13017,62.0,14,6,1,0.0
13018,52.0,13,7,3,0.0
13019,36.0,10,10,2,0.0
13020,32.0,11,9,7,0.0
13021,78.0,17,3,2,0.0
13022,28.0,9,11,3,0.0
13023,38.0,11,9,4,0.0
13024,42.0,11,9,2,21894864568320.0
13025,44.0,11,9,1,0.0
13026,54.0,14,6,5,0.0
13027,46.0,12,8,3,0.0
13028,64.0,15,5,3,0.0
13029,34.0,11,9,6,0.0
13030,26.0,9,11,4,0.0
13031,24.0,8,12,2,0.0
13032,52.0,13,7,3,0.0
13033,38.0,10,10,1,0.0
13034,44.0,12,8,4,0.0
13035,28.0,9,11,3,0.0
13036,10.0,6,14,3,0.0
13037,48.0,13,7,5,0.0
13038,24.0,8,12,2,0.0
13039,28.0,9,11,3,0.0
13040,44.0,12,8,4,0.0
13041,62.0,14,6,1,0.0
13042,50.0,13,7,4,0.0
13043,50.0,13,7,4,0.0
13044,24.0,8,12,2,0.0
13045,28.0,9,11,3,0.0
13046,30.0,9,11,2,0.0
13047,44.0,12,8,4,0.0
13048,30.0,10,10,5,0.0
13049,52.0,14,6,6,0.0
13050,18.0,7,13,2,0.0
13051,22.0,8,12,3,0.0
13052,48.0,12,8,2,0.0
13053,36.0,11,9,5,0.0
13054,28.0,9,11,3,0.0
13055,28.0,8,12,0,0.0
13056,54.0,13,7,2,6785080832.0
13057,40.0,11,9,3,0.0
13058,10.0,6,14,3,0.0
13059,44.0,11,9,1,0.0
13060,52.0,12,8,0,0.0
13061,12.0,6,14,2,0.0
13062,40.0,11,9,3,0.0
13063,52.0,12,8,0,0.0
13064,58.0,14,6,3,0.0
13065,38.0,11,9,4,0.0
13066,34.0,9,11,0,0.0
13067,44.0,11,9,1,0.0
13068,34.0,10,10,3,0.0
13069,26.0,9,11,4,0.0
13070,20.0,8,12,4,0.0
13071,16.0,7,13,3,0.0
13072,34.0,10,10,3,0.0
13073,44.0,12,8,4,0.0
13074,56.0,14,6,4,0.0
13075,4.0,5,15,3,0.0
13076,18.0,8,12,5,0.0
13077,40.0,11,9,3,0.0
13078,42.0,11,9,2,0.0
13079,24.0,8,12,2,0.0
13080,42.0,11,9,2,0.0
13081,24.0,8,12,2,0.0
13082,50.0,12,8,1,0.0
13083,32.0,9,11,1,0.0
13084,48.0,12,8,2,0.0
13085,24.0,9,11,5,0.0
13086,30.0,9,11,2,0.0
13087,60.0,14,6,2,0.0
13088,26.0,9,11,4,607670370304.0
13089,38.0,12,8,7,0.0
13090,28.0,9,11,3,0.0
13091,50.0,13,7,4,0.0
13092,40.0,11,9,3,0.0
13093,44.0,12,8,4,0.0
13094,58.0,13,7,0,0.0
13095,26.0,8,12,1,0.0
13096,48.0,12,8,2,0.0
13097,50.0,13,7,4,0.0
13098,32.0,10,10,4,0.0
13099,64.0,15,5,3,0.0
13100,42.0,11,9,2,0.0
13101,64.0,15,5,3,0.0
13102,38.0,12,8,7,0.0
13103,40.0,11,9,3,0.0
13104,46.0,12,8,3,0.0
13105,62.0,15,5,4,0.0
13106,56.0,14,6,4,0.0
13107,22.0,8,12,3,0.0
13108,56.0,13,7,1,0.0
13109,26.0,9,11,4,0.0
13110,46.0,11,9,0,0.0
13111,34.0,10,10,3,0.0
13112,54.0,13,7,2,0.0
13113,20.0,9,11,7,0.0
13114,24.0,9,11,5,0.0
13115,48.0,12,8,2,0.0
13116,20.0,8,12,4,0.0
13117,42.0,12,8,5,0.0
13118,58.0,14,6,3,0.0
13119,30.0,9,11,2,0.0
13120,36.0,10,10,2,519043936.0
13121,62.0,14,6,1,0.0
13122,26.0,8,12,1,0.0
13123,34.0,10,10,3,0.0
13124,20.0,8,12,4,0.0
13125,46.0,12,8,3,0.0
13126,74.0,16,4,1,0.0
13127,40.0,11,9,3,0.0
13128,44.0,11,9,1,0.0
13129,42.0,12,8,5,0.0
13130,40.0,10,10,0,0.0
13131,44.0,13,7,7,0.0
13132,18.0,8,12,5,0.0
13133,48.0,12,8,2,0.0
13134,54.0,14,6,5,0.0
13135,48.0,13,7,5,0.0
13136,68.0,15,5,1,0.0
13137,58.0,13,7,0,0.0
13138,28.0,9,11,3,0.0
13139,40.0,10,10,0,0.0
13140,84.0,18,2,2,0.0
13141,48.0,12,8,2,0.0
13142,50.0,13,7,4,0.0
13143,36.0,10,10,2,0.0
13144,30.0,9,11,2,0.0
13145,30.0,10,10,5,0.0
13146,30.0,9,11,2,0.0
13147,28.0,10,10,6,0.0
13148,66.0,15,5,2,0.0
13149,26.0,8,12,1,0.0
13150,48.0,13,7,5,0.0
13151,22.0,8,12,3,0.0
13152,38.0,10,10,1,17344190464.0
13153,62.0,14,6,1,0.0
13154,28.0,9,11,3,0.0
13155,34.0,9,11,0,0.0
13156,46.0,12,8,3,0.0
13157,26.0,9,11,4,0.0
13158,44.0,12,8,4,0.0
13159,60.0,14,6,2,0.0
13160,42.0,11,9,2,0.0
13161,60.0,15,5,5,0.0
13162,64.0,15,5,3,0.0
13163,38.0,11,9,4,0.0
13164,46.0,12,8,3,0.0
13165,46.0,12,8,3,0.0
13166,10.0,6,14,3,0.0
13167,46.0,12,8,3,0.0
13168,34.0,10,10,3,0.0
13169,66.0,15,5,2,0.0
13170,44.0,11,9,1,0.0
13171,62.0,14,6,1,0.0
13172,26.0,8,12,1,0.0
13173,52.0,13,7,3,0.0
13174,38.0,11,9,4,0.0
13175,56.0,13,7,1,0.0
13176,40.0,11,9,3,0.0
13177,28.0,10,10,6,0.0
13178,38.0,10,10,1,0.0
13179,56.0,14,6,4,0.0
13180,56.0,13,7,1,0.0
13181,38.0,11,9,4,0.0
13182,58.0,13,7,0,0.0
13183,34.0,10,10,3,0.0
13184,32.0,10,10,4,16697112576.0
13185,22.0,8,12,3,0.0
13186,50.0,13,7,4,0.0
13187,30.0,10,10,5,0.0
13188,26.0,8,12,1,0.0
13189,38.0,11,9,4,0.0
13190,44.0,12,8,4,0.0
13191,20.0,7,13,1,0.0
13192,56.0,14,6,4,0.0
13193,24.0,8,12,2,0.0
13194,40.0,11,9,3,0.0
13195,38.0,10,10,1,0.0
13196,64.0,15,5,3,0.0
13197,52.0,13,7,3,0.0
13198,28.0,10,10,6,0.0
13199,42.0,11,9,2,0.0
13200,56.0,15,5,7,0.0
13201,32.0,9,11,1,0.0
13202,28.0,9,11,3,0.0
13203,48.0,12,8,2,0.0
13204,50.0,13,7,4,0.0
13205,30.0,9,11,2,0.0
13206,58.0,14,6,3,0.0
13207,38.0,11,9,4,0.0
13208,50.0,13,7,4,0.0
13209,50.0,13,7,4,0.0
13210,36.0,10,10,2,0.0
13211,50.0,13,7,4,0.0
13212,32.0,10,10,4,0.0
13213,42.0,11,9,2,0.0
13214,38.0,11,9,4,0.0
13215,62.0,15,5,4,0.0
13216,54.0,13,7,2,26563858432.0
13217,22.0,8,12,3,0.0
13218,30.0,9,11,2,0.0
13219,32.0,10,10,4,0.0
13220,46.0,12,8,3,0.0
13221,42.0,11,9,2,0.0
13222,30.0,9,11,2,0.0
13223,26.0,9,11,4,0.0
13224,10.0,7,13,6,0.0
13225,48.0,12,8,2,0.0
13226,46.0,13,7,6,0.0
13227,40.0,11,9,3,0.0
13228,24.0,8,12,2,0.0
13229,40.0,11,9,3,0.0
13230,8.0,5,15,1,0.0
13231,28.0,9,11,3,0.0
13232,28.0,9,11,3,0.0
13233,70.0,15,5,0,0.0
13234,40.0,11,9,3,0.0
13235,42.0,11,9,2,0.0
13236,30.0,9,11,2,0.0
13237,42.0,11,9,2,0.0
13238,32.0,9,11,1,0.0
13239,22.0,8,12,3,0.0
13240,36.0,11,9,5,0.0
13241,70.0,15,5,0,0.0
13242,54.0,13,7,2,0.0
13243,64.0,15,5,3,0.0
13244,56.0,13,7,1,0.0
13245,18.0,8,12,5,0.0
13246,38.0,10,10,1,0.0
13247,26.0,8,12,1,0.0
13248,54.0,13,7,2,473103872.0
13249,48.0,12,8,2,0.0
13250,36.0,10,10,2,0.0
13251,40.0,11,9,3,0.0
13252,32.0,10,10,4,0.0
13253,36.0,11,9,5,0.0
13254,46.0,12,8,3,0.0
13255,58.0,14,6,3,0.0
13256,22.0,8,12,3,0.0
13257,32.0,11,9,7,0.0
13258,32.0,10,10,4,0.0
13259,44.0,12,8,4,0.0
13260,30.0,10,10,5,0.0
13261,26.0,9,11,4,0.0
13262,44.0,12,8,4,0.0
13263,44.0,11,9,1,0.0
13264,56.0,14,6,4,0.0
13265,58.0,13,7,0,0.0
13266,36.0,11,9,5,0.0
13267,44.0,11,9,1,0.0
13268,42.0,11,9,2,0.0
13269,50.0,12,8,1,0.0
13270,30.0,9,11,2,0.0
13271,52.0,13,7,3,0.0
13272,32.0,9,11,1,0.0
13273,16.0,7,13,3,0.0
13274,54.0,13,7,2,0.0
13275,30.0,9,11,2,0.0
13276,34.0,9,11,0,0.0
13277,34.0,10,10,3,0.0
13278,56.0,14,6,4,0.0
13279,50.0,13,7,4,0.0
13280,10.0,6,14,3,87297520.0
13281,30.0,9,11,2,0.0
13282,28.0,9,11,3,0.0
13283,26.0,8,12,1,0.0
13284,38.0,10,10,1,0.0
13285,28.0,10,10,6,0.0
13286,30.0,10,10,5,0.0
13287,42.0,11,9,2,0.0
13288,26.0,9,11,4,0.0
13289,30.0,9,11,2,0.0
13290,60.0,15,5,5,0.0
13291,56.0,13,7,1,0.0
13292,32.0,9,11,1,0.0
13293,42.0,11,9,2,0.0
13294,42.0,11,9,2,0.0
13295,38.0,10,10,1,0.0
13296,34.0,10,10,3,0.0
13297,62.0,15,5,4,0.0
13298,24.0,9,11,5,0.0
13299,42.0,13,7,8,0.0
13300,42.0,11,9,2,0.0
13301,30.0,10,10,5,0.0
13302,48.0,12,8,2,0.0
13303,38.0,10,10,1,0.0
13304,20.0,8,12,4,0.0
13305,30.0,10,10,5,0.0
13306,52.0,14,6,6,0.0
13307,64.0,15,5,3,0.0
13308,22.0,8,12,3,0.0
13309,72.0,16,4,2,0.0
13310,52.0,12,8,0,0.0
13311,50.0,12,8,1,0.0
13312,48.0,12,8,2,2934726725730304.0
13313,42.0,11,9,2,0.0
13314,52.0,13,7,3,0.0
13315,34.0,10,10,3,0.0
13316,36.0,10,10,2,0.0
13317,42.0,11,9,2,0.0
13318,56.0,13,7,1,0.0
13319,36.0,11,9,5,0.0
13320,32.0,10,10,4,0.0
13321,36.0,11,9,5,0.0
13322,54.0,13,7,2,0.0
13323,34.0,10,10,3,0.0
13324,52.0,13,7,3,0.0
13325,44.0,12,8,4,0.0
13326,34.0,10,10,3,0.0
13327,50.0,12,8,1,0.0
13328,34.0,11,9,6,0.0
13329,26.0,9,11,4,0.0
13330,62.0,14,6,1,0.0
13331,54.0,13,7,2,0.0
13332,42.0,12,8,5,0.0
13333,48.0,13,7,5,0.0
13334,34.0,10,10,3,0.0
13335,42.0,12,8,5,0.0
13336,40.0,11,9,3,0.0
13337,28.0,9,11,3,0.0
13338,44.0,12,8,4,0.0
13339,22.0,8,12,3,0.0
13340,56.0,14,6,4,0.0
13341,34.0,10,10,3,0.0
13342,44.0,11,9,1,0.0
13343,20.0,8,12,4,0.0
13344,56.0,14,6,4,24929622016.0
13345,46.0,11,9,0,0.0
13346,36.0,10,10,2,0.0
13347,0.0,4,16,2,0.0
13348,38.0,11,9,4,0.0
13349,20.0,7,13,1,0.0
13350,46.0,11,9,0,0.0
13351,56.0,14,6,4,0.0
13352,32.0,10,10,4,0.0
13353,28.0,9,11,3,0.0
13354,30.0,9,11,2,0.0
13355,58.0,15,5,6,0.0
13356,6.0,5,15,2,0.0
13357,66.0,15,5,2,0.0
13358,30.0,9,11,2,0.0
13359,34.0,12,8,9,0.0
13360,38.0,10,10,1,0.0
13361,38.0,11,9,4,0.0
13362,60.0,14,6,2,0.0
13363,50.0,12,8,1,0.0
13364,60.0,14,6,2,0.0
13365,66.0,15,5,2,0.0
13366,40.0,11,9,3,0.0
13367,50.0,12,8,1,0.0
13368,24.0,9,11,5,0.0
13369,36.0,11,9,5,0.0
13370,48.0,12,8,2,0.0
13371,42.0,11,9,2,0.0
13372,48.0,12,8,2,0.0
13373,34.0,11,9,6,0.0
13374,56.0,13,7,1,0.0
13375,52.0,12,8,0,0.0
13376,24.0,9,11,5,1222122368.0
13377,32.0,9,11,1,0.0
13378,50.0,13,7,4,0.0
13379,36.0,10,10,2,0.0
13380,50.0,13,7,4,0.0
13381,58.0,13,7,0,0.0
13382,36.0,10,10,2,0.0
13383,46.0,12,8,3,0.0
13384,40.0,11,9,3,0.0
13385,16.0,8,12,6,0.0
13386,22.0,8,12,3,0.0
13387,28.0,9,11,3,0.0
13388,38.0,10,10,1,0.0
13389,48.0,12,8,2,0.0
13390,58.0,14,6,3,0.0
13391,24.0,8,12,2,0.0
13392,34.0,11,9,6,0.0
13393,48.0,12,8,2,0.0
13394,36.0,10,10,2,0.0
13395,62.0,14,6,1,0.0
13396,32.0,10,10,4,0.0
13397,44.0,12,8,4,0.0
13398,46.0,11,9,0,0.0
13399,36.0,10,10,2,0.0
13400,38.0,11,9,4,0.0
13401,34.0,10,10,3,0.0
13402,34.0,10,10,3,0.0
13403,38.0,11,9,4,0.0
13404,24.0,8,12,2,0.0
13405,20.0,8,12,4,0.0
13406,54.0,13,7,2,0.0
13407,30.0,9,11,2,0.0
13408,64.0,15,5,3,2422409873326080.0
13409,48.0,12,8,2,0.0
13410,52.0,13,7,3,0.0
13411,36.0,10,10,2,0.0
13412,44.0,12,8,4,0.0
13413,36.0,10,10,2,0.0
13414,62.0,15,5,4,0.0
13415,44.0,11,9,1,0.0
13416,54.0,14,6,5,0.0
13417,24.0,8,12,2,0.0
13418,24.0,9,11,5,0.0
13419,24.0,9,11,5,0.0
13420,58.0,14,6,3,0.0
13421,52.0,12,8,0,0.0
13422,16.0,7,13,3,0.0
13423,62.0,14,6,1,0.0
13424,40.0,11,9,3,0.0
13425,48.0,13,7,5,0.0
13426,44.0,12,8,4,0.0
13427,22.0,8,12,3,0.0
13428,34.0,10,10,3,0.0
13429,28.0,9,11,3,0.0
13430,26.0,8,12,1,0.0
13431,36.0,10,10,2,0.0
13432,44.0,11,9,1,0.0
13433,14.0,7,13,4,0.0
13434,60.0,15,5,5,0.0
13435,46.0,12,8,3,0.0
13436,56.0,14,6,4,0.0
13437,36.0,10,10,2,0.0
13438,36.0,10,10,2,0.0
13439,6.0,6,14,5,0.0
13440,32.0,10,10,4,431158493184.0
13441,38.0,10,10,1,0.0
13442,66.0,15,5,2,0.0
13443,54.0,13,7,2,0.0
13444,42.0,11,9,2,0.0
13445,34.0,10,10,3,0.0
13446,22.0,8,12,3,0.0
13447,50.0,13,7,4,0.0
13448,24.0,8,12,2,0.0
13449,4.0,5,15,3,0.0
13450,26.0,9,11,4,0.0
13451,64.0,15,5,3,0.0
13452,28.0,9,11,3,0.0
13453,16.0,7,13,3,0.0
13454,26.0,8,12,1,0.0
13455,36.0,10,10,2,0.0
13456,54.0,13,7,2,0.0
13457,32.0,10,10,4,0.0
13458,44.0,11,9,1,0.0
13459,38.0,10,10,1,0.0
13460,42.0,11,9,2,0.0
13461,52.0,13,7,3,0.0
13462,50.0,12,8,1,0.0
13463,10.0,5,15,0,0.0
13464,20.0,8,12,4,0.0
13465,40.0,11,9,3,0.0
13466,46.0,12,8,3,0.0
13467,30.0,9,11,2,0.0
13468,54.0,14,6,5,0.0
13469,34.0,10,10,3,0.0
13470,44.0,12,8,4,0.0
13471,50.0,12,8,1,0.0
13472,48.0,13,7,5,2253608448.0
13473,54.0,13,7,2,0.0
13474,18.0,7,13,2,0.0
13475,44.0,12,8,4,0.0
13476,52.0,14,6,6,0.0
13477,34.0,10,10,3,0.0
13478,46.0,11,9,0,0.0
13479,28.0,9,11,3,0.0
13480,36.0,11,9,5,0.0
13481,48.0,12,8,2,0.0
13482,60.0,14,6,2,0.0
13483,36.0,10,10,2,0.0
13484,58.0,14,6,3,0.0
13485,32.0,10,10,4,0.0
13486,28.0,8,12,0,0.0
13487,44.0,11,9,1,0.0
13488,46.0,11,9,0,0.0
13489,40.0,11,9,3,0.0
13490,44.0,11,9,1,0.0
13491,44.0,12,8,4,0.0
13492,52.0,14,6,6,0.0
13493,38.0,10,10,1,0.0
13494,44.0,11,9,1,0.0
13495,28.0,9,11,3,0.0
13496,32.0,10,10,4,0.0
13497,32.0,9,11,1,0.0
13498,22.0,8,12,3,0.0
13499,32.0,10,10,4,0.0
13500,50.0,12,8,1,0.0
13501,54.0,13,7,2,0.0
13502,-4.0,4,16,4,0.0
13503,50.0,13,7,4,0.0
13504,36.0,11,9,5,30877564.0
13505,34.0,10,10,3,0.0
13506,48.0,12,8,2,0.0
13507,38.0,11,9,4,0.0
13508,42.0,11,9,2,0.0
13509,20.0,7,13,1,0.0
13510,38.0,11,9,4,0.0
13511,54.0,14,6,5,0.0
13512,14.0,6,14,1,0.0
13513,38.0,10,10,1,0.0
13514,66.0,15,5,2,0.0
13515,32.0,10,10,4,0.0
13516,24.0,8,12,2,0.0
13517,74.0,17,3,4,0.0
13518,30.0,9,11,2,0.0
13519,46.0,12,8,3,0.0
13520,54.0,13,7,2,0.0
13521,62.0,15,5,4,0.0
13522,48.0,12,8,2,0.0
13523,34.0,10,10,3,0.0
13524,32.0,9,11,1,0.0
13525,38.0,11,9,4,0.0
13526,38.0,10,10,1,0.0
13527,54.0,14,6,5,0.0
13528,54.0,13,7,2,0.0
13529,54.0,13,7,2,0.0
13530,36.0,10,10,2,0.0
13531,52.0,12,8,0,0.0
13532,54.0,13,7,2,0.0
13533,44.0,12,8,4,0.0
13534,34.0,10,10,3,0.0
13535,40.0,10,10,0,0.0
13536,32.0,9,11,1,27932372992.0
13537,42.0,11,9,2,0.0
13538,44.0,12,8,4,0.0
13539,26.0,10,10,7,0.0
13540,56.0,13,7,1,0.0
13541,32.0,9,11,1,0.0
13542,48.0,12,8,2,0.0
13543,26.0,9,11,4,0.0
13544,40.0,11,9,3,0.0
13545,24.0,8,12,2,0.0
13546,40.0,11,9,3,0.0
13547,48.0,12,8,2,0.0
13548,38.0,11,9,4,0.0
13549,64.0,15,5,3,0.0
13550,30.0,9,11,2,0.0
13551,52.0,13,7,3,0.0
13552,4.0,6,14,6,0.0
13553,36.0,10,10,2,0.0
13554,14.0,8,12,7,0.0
13555,38.0,11,9,4,0.0
13556,64.0,14,6,0,0.0
13557,58.0,14,6,3,0.0
13558,40.0,11,9,3,0.0
13559,22.0,8,12,3,0.0
13560,44.0,12,8,4,0.0
13561,50.0,13,7,4,0.0
13562,32.0,10,10,4,0.0
13563,34.0,11,9,6,0.0
13564,48.0,13,7,5,0.0
13565,68.0,16,4,4,0.0
13566,38.0,11,9,4,0.0
13567,24.0,8,12,2,0.0
13568,34.0,9,11,0,1487691136.0
13569,48.0,12,8,2,0.0
13570,54.0,13,7,2,0.0
13571,32.0,9,11,1,0.0
13572,42.0,11,9,2,0.0
13573,42.0,12,8,5,0.0
13574,48.0,12,8,2,0.0
13575,54.0,13,7,2,0.0
13576,50.0,12,8,1,0.0
13577,44.0,12,8,4,0.0
13578,38.0,10,10,1,0.0
13579,32.0,9,11,1,0.0
13580,56.0,13,7,1,0.0
13581,32.0,9,11,1,0.0
13582,34.0,10,10,3,0.0
13583,62.0,15,5,4,0.0
13584,10.0,6,14,3,0.0
13585,22.0,7,13,0,0.0
13586,54.0,13,7,2,0.0
13587,66.0,15,5,2,0.0
13588,58.0,13,7,0,0.0
13589,44.0,11,9,1,0.0
13590,30.0,9,11,2,0.0
13591,70.0,16,4,3,0.0
13592,32.0,9,11,1,0.0
13593,50.0,12,8,1,0.0
13594,14.0,7,13,4,0.0
13595,8.0,6,14,4,0.0
13596,22.0,7,13,0,0.0
13597,42.0,11,9,2,0.0
13598,48.0,12,8,2,0.0
13599,40.0,11,9,3,0.0
13600,54.0,13,7,2,211270951239680.0
13601,34.0,10,10,3,0.0
13602,72.0,16,4,2,0.0
13603,48.0,12,8,2,0.0
13604,36.0,10,10,2,0.0
13605,36.0,10,10,2,0.0
13606,36.0,10,10,2,0.0
13607,50.0,12,8,1,0.0
13608,52.0,13,7,3,0.0
13609,56.0,14,6,4,0.0
13610,40.0,11,9,3,0.0
13611,42.0,11,9,2,0.0
13612,56.0,14,6,4,0.0
13613,36.0,10,10,2,0.0
13614,20.0,9,11,7,0.0
13615,54.0,13,7,2,0.0
13616,44.0,11,9,1,0.0
13617,38.0,11,9,4,0.0
13618,32.0,9,11,1,0.0
13619,58.0,14,6,3,0.0
13620,28.0,9,11,3,0.0
13621,38.0,10,10,1,0.0
13622,38.0,11,9,4,0.0
13623,16.0,8,12,6,0.0
13624,36.0,10,10,2,0.0
13625,26.0,8,12,1,0.0
13626,54.0,13,7,2,0.0
13627,32.0,11,9,7,0.0
13628,58.0,14,6,3,0.0
13629,40.0,12,8,6,0.0
13630,34.0,11,9,6,0.0
13631,38.0,11,9,4,0.0
13632,34.0,10,10,3,1309075072.0
13633,50.0,13,7,4,0.0
13634,52.0,12,8,0,0.0
13635,2.0,5,15,4,0.0
13636,46.0,12,8,3,0.0
13637,32.0,10,10,4,0.0
13638,26.0,8,12,1,0.0
13639,34.0,10,10,3,0.0
13640,52.0,12,8,0,0.0
13641,60.0,14,6,2,0.0
13642,60.0,15,5,5,0.0
13643,56.0,14,6,4,0.0
13644,48.0,12,8,2,0.0
13645,56.0,14,6,4,0.0
13646,44.0,12,8,4,0.0
13647,54.0,13,7,2,0.0
13648,28.0,9,11,3,0.0
13649,30.0,10,10,5,0.0
13650,18.0,8,12,5,0.0
13651,54.0,14,6,5,0.0
13652,46.0,12,8,3,0.0
13653,24.0,9,11,5,0.0
13654,52.0,12,8,0,0.0
13655,48.0,12,8,2,0.0
13656,36.0,10,10,2,0.0
13657,26.0,9,11,4,0.0
13658,54.0,13,7,2,0.0
13659,32.0,10,10,4,0.0
13660,26.0,9,11,4,0.0
13661,32.0,9,11,1,0.0
13662,56.0,13,7,1,0.0
13663,38.0,10,10,1,0.0
13664,24.0,8,12,2,13251360325632.0
13665,44.0,11,9,1,0.0
13666,18.0,8,12,5,0.0
13667,62.0,15,5,4,0.0
13668,34.0,10,10,3,0.0
13669,46.0,11,9,0,0.0
13670,66.0,15,5,2,0.0
13671,8.0,6,14,4,0.0
13672,28.0,10,10,6,0.0
13673,56.0,14,6,4,0.0
13674,22.0,7,13,0,0.0
13675,46.0,13,7,6,0.0
13676,30.0,10,10,5,0.0
13677,30.0,9,11,2,0.0
13678,36.0,10,10,2,0.0
13679,34.0,10,10,3,0.0
13680,36.0,10,10,2,0.0
13681,56.0,14,6,4,0.0
13682,32.0,9,11,1,0.0
13683,32.0,9,11,1,0.0
13684,56.0,13,7,1,0.0
13685,38.0,10,10,1,0.0
13686,58.0,13,7,0,0.0
13687,44.0,12,8,4,0.0
13688,48.0,12,8,2,0.0
13689,30.0,10,10,5,0.0
13690,40.0,11,9,3,0.0
13691,30.0,10,10,5,0.0
13692,34.0,10,10,3,0.0
13693,48.0,12,8,2,0.0
13694,36.0,10,10,2,0.0
13695,46.0,12,8,3,0.0
13696,26.0,9,11,4,5319346688.0
13697,42.0,11,9,2,0.0
13698,58.0,13,7,0,0.0
13699,60.0,14,6,2,0.0
13700,54.0,13,7,2,0.0
13701,34.0,10,10,3,0.0
13702,32.0,10,10,4,0.0
13703,38.0,11,9,4,0.0
13704,52.0,13,7,3,0.0
13705,20.0,7,13,1,0.0
13706,54.0,13,7,2,0.0
13707,48.0,12,8,2,0.0
13708,48.0,12,8,2,0.0
13709,24.0,9,11,5,0.0
13710,50.0,13,7,4,0.0
13711,34.0,10,10,3,0.0
13712,30.0,9,11,2,0.0
13713,50.0,13,7,4,0.0
13714,20.0,8,12,4,0.0
13715,42.0,11,9,2,0.0
13716,62.0,14,6,1,0.0
13717,36.0,10,10,2,0.0
13718,56.0,14,6,4,0.0
13719,48.0,12,8,2,0.0
13720,6.0,5,15,2,0.0
13721,20.0,8,12,4,0.0
13722,52.0,12,8,0,0.0
13723,20.0,7,13,1,0.0
13724,10.0,6,14,3,0.0
13725,44.0,12,8,4,0.0
13726,50.0,12,8,1,0.0
13727,38.0,10,10,1,0.0
13728,36.0,10,10,2,8454469582848.0
13729,58.0,14,6,3,0.0
13730,18.0,7,13,2,0.0
13731,80.0,17,3,1,0.0
13732,42.0,11,9,2,0.0
13733,24.0,8,12,2,0.0
13734,40.0,11,9,3,0.0
13735,34.0,10,10,3,0.0
13736,68.0,16,4,4,0.0
13737,54.0,13,7,2,0.0
13738,66.0,15,5,2,0.0
13739,32.0,10,10,4,0.0
13740,24.0,9,11,5,0.0
13741,58.0,14,6,3,0.0
13742,36.0,10,10,2,0.0
13743,50.0,12,8,1,0.0
13744,20.0,8,12,4,0.0
13745,48.0,12,8,2,0.0
13746,56.0,13,7,1,0.0
13747,54.0,13,7,2,0.0
13748,42.0,11,9,2,0.0
13749,38.0,11,9,4,0.0
13750,46.0,12,8,3,0.0
13751,26.0,8,12,1,0.0
13752,54.0,13,7,2,0.0
13753,56.0,13,7,1,0.0
13754,46.0,12,8,3,0.0
13755,50.0,13,7,4,0.0
13756,48.0,12,8,2,0.0
13757,52.0,13,7,3,0.0
13758,74.0,16,4,1,0.0
13759,56.0,13,7,1,0.0
13760,40.0,11,9,3,1251736064.0
13761,34.0,10,10,3,0.0
13762,30.0,10,10,5,0.0
13763,62.0,14,6,1,0.0
13764,50.0,12,8,1,0.0
13765,38.0,10,10,1,0.0
13766,72.0,16,4,2,0.0
13767,14.0,7,13,4,0.0
13768,30.0,10,10,5,0.0
13769,24.0,8,12,2,0.0
13770,36.0,10,10,2,0.0
13771,30.0,10,10,5,0.0
13772,38.0,11,9,4,0.0
13773,72.0,16,4,2,0.0
13774,58.0,13,7,0,0.0
13775,54.0,13,7,2,0.0
13776,66.0,16,4,5,0.0
13777,46.0,12,8,3,0.0
13778,32.0,10,10,4,0.0
13779,32.0,10,10,4,0.0
13780,54.0,13,7,2,0.0
13781,62.0,14,6,1,0.0
13782,46.0,12,8,3,0.0
13783,36.0,10,10,2,0.0
13784,34.0,10,10,3,0.0
13785,34.0,10,10,3,0.0
13786,18.0,8,12,5,0.0
13787,38.0,10,10,1,0.0
13788,18.0,7,13,2,0.0
13789,44.0,12,8,4,0.0
13790,50.0,12,8,1,0.0
13791,22.0,8,12,3,0.0
13792,32.0,10,10,4,2366430976.0
13793,42.0,11,9,2,0.0
13794,44.0,11,9,1,0.0
13795,30.0,9,11,2,0.0
13796,56.0,15,5,7,0.0
13797,40.0,12,8,6,0.0
13798,38.0,11,9,4,0.0
13799,38.0,10,10,1,0.0
13800,48.0,12,8,2,0.0
13801,42.0,11,9,2,0.0
13802,40.0,11,9,3,0.0
13803,34.0,9,11,0,0.0
13804,30.0,10,10,5,0.0
13805,38.0,12,8,7,0.0
13806,48.0,12,8,2,0.0
13807,26.0,9,11,4,0.0
13808,32.0,10,10,4,0.0
13809,20.0,8,12,4,0.0
13810,30.0,9,11,2,0.0
13811,20.0,8,12,4,0.0
13812,56.0,13,7,1,0.0
13813,46.0,12,8,3,0.0
13814,40.0,11,9,3,0.0
13815,28.0,10,10,6,0.0
13816,16.0,7,13,3,0.0
13817,36.0,10,10,2,0.0
13818,34.0,10,10,3,0.0
13819,14.0,7,13,4,0.0
13820,30.0,9,11,2,0.0
13821,48.0,12,8,2,0.0
13822,38.0,11,9,4,0.0
13823,46.0,13,7,6,0.0
13824,48.0,13,7,5,18393767936.0
13825,22.0,8,12,3,0.0
13826,54.0,13,7,2,0.0
13827,18.0,8,12,5,0.0
13828,52.0,14,6,6,0.0
13829,64.0,15,5,3,0.0
13830,52.0,13,7,3,0.0
13831,58.0,13,7,0,0.0
13832,50.0,12,8,1,0.0
13833,46.0,12,8,3,0.0
13834,30.0,9,11,2,0.0
13835,50.0,13,7,4,0.0
13836,52.0,13,7,3,0.0
13837,52.0,13,7,3,0.0
13838,30.0,10,10,5,0.0
13839,64.0,14,6,0,0.0
13840,40.0,11,9,3,0.0
13841,56.0,13,7,1,0.0
13842,30.0,10,10,5,0.0
13843,60.0,14,6,2,0.0
13844,42.0,12,8,5,0.0
13845,28.0,9,11,3,0.0
13846,66.0,15,5,2,0.0
13847,48.0,13,7,5,0.0
13848,48.0,13,7,5,0.0
13849,20.0,8,12,4,0.0
13850,46.0,12,8,3,0.0
13851,50.0,13,7,4,0.0
13852,36.0,10,10,2,0.0
13853,44.0,12,8,4,0.0
13854,18.0,7,13,2,0.0
13855,30.0,9,11,2,0.0
13856,42.0,11,9,2,214284458000384.0
13857,18.0,8,12,5,0.0
13858,52.0,14,6,6,0.0
13859,36.0,10,10,2,0.0
13860,70.0,15,5,0,0.0
13861,32.0,10,10,4,0.0
13862,72.0,16,4,2,0.0
13863,48.0,12,8,2,0.0
13864,54.0,14,6,5,0.0
13865,40.0,10,10,0,0.0
13866,40.0,11,9,3,0.0
13867,38.0,11,9,4,0.0
13868,46.0,13,7,6,0.0
13869,42.0,11,9,2,0.0
13870,34.0,10,10,3,0.0
13871,52.0,13,7,3,0.0
13872,48.0,12,8,2,0.0
13873,48.0,13,7,5,0.0
13874,34.0,9,11,0,0.0
13875,38.0,10,10,1,0.0
13876,44.0,11,9,1,0.0
13877,38.0,11,9,4,0.0
13878,58.0,14,6,3,0.0
13879,28.0,10,10,6,0.0
13880,50.0,12,8,1,0.0
13881,42.0,11,9,2,0.0
13882,80.0,17,3,1,0.0
13883,48.0,12,8,2,0.0
13884,54.0,14,6,5,0.0
13885,28.0,11,9,9,0.0
13886,56.0,14,6,4,0.0
13887,52.0,13,7,3,0.0
13888,24.0,9,11,5,205490.74088541666
13889,24.0,8,12,2,0.0
13890,40.0,11,9,3,0.0
13891,44.0,11,9,1,0.0
13892,50.0,12,8,1,0.0
13893,70.0,16,4,3,0.0
13894,38.0,10,10,1,0.0
13895,26.0,8,12,1,0.0
13896,26.0,8,12,1,0.0
13897,14.0,7,13,4,0.0
13898,32.0,11,9,7,0.0
13899,34.0,10,10,3,0.0
13900,76.0,17,3,3,0.0
13901,38.0,11,9,4,0.0
13902,30.0,11,9,8,0.0
13903,46.0,12,8,3,0.0
13904,24.0,8,12,2,0.0
13905,38.0,10,10,1,0.0
13906,32.0,9,11,1,0.0
13907,56.0,13,7,1,0.0
13908,46.0,12,8,3,0.0
13909,54.0,13,7,2,0.0
13910,44.0,11,9,1,0.0
13911,34.0,10,10,3,0.0
13912,48.0,12,8,2,0.0
13913,54.0,13,7,2,0.0
13914,48.0,12,8,2,0.0
13915,14.0,7,13,4,0.0
13916,34.0,10,10,3,0.0
13917,22.0,7,13,0,0.0
13918,50.0,14,6,7,0.0
13919,50.0,12,8,1,0.0
13920,50.0,14,6,7,369004445696.0
13921,46.0,12,8,3,0.0
13922,36.0,10,10,2,0.0
13923,2.0,5,15,4,0.0
13924,46.0,12,8,3,0.0
13925,50.0,13,7,4,0.0
13926,58.0,14,6,3,0.0
13927,38.0,11,9,4,0.0
13928,14.0,8,12,7,0.0
13929,28.0,10,10,6,0.0
13930,48.0,12,8,2,0.0
13931,26.0,9,11,4,0.0
13932,50.0,12,8,1,0.0
13933,38.0,11,9,4,0.0
13934,48.0,12,8,2,0.0
13935,50.0,13,7,4,0.0
13936,30.0,9,11,2,0.0
13937,36.0,10,10,2,0.0
13938,44.0,13,7,7,0.0
13939,42.0,11,9,2,0.0
13940,74.0,16,4,1,0.0
13941,36.0,10,10,2,0.0
13942,26.0,9,11,4,0.0
13943,26.0,8,12,1,0.0
13944,48.0,13,7,5,0.0
13945,50.0,13,7,4,0.0
13946,44.0,12,8,4,0.0
13947,44.0,12,8,4,0.0
13948,32.0,9,11,1,0.0
13949,46.0,12,8,3,0.0
13950,36.0,10,10,2,0.0
13951,42.0,11,9,2,0.0
13952,32.0,9,11,1,170787424.0
13953,36.0,11,9,5,0.0
13954,54.0,13,7,2,0.0
13955,40.0,11,9,3,0.0
13956,50.0,13,7,4,0.0
13957,38.0,10,10,1,0.0
13958,34.0,10,10,3,0.0
13959,52.0,13,7,3,0.0
13960,46.0,12,8,3,0.0
13961,46.0,12,8,3,0.0
13962,28.0,9,11,3,0.0
13963,62.0,14,6,1,0.0
13964,56.0,13,7,1,0.0
13965,38.0,11,9,4,0.0
13966,28.0,9,11,3,0.0
13967,34.0,10,10,3,0.0
13968,4.0,5,15,3,0.0
13969,48.0,12,8,2,0.0
13970,40.0,10,10,0,0.0
13971,36.0,11,9,5,0.0
13972,42.0,11,9,2,0.0
13973,64.0,14,6,0,0.0
13974,56.0,13,7,1,0.0
13975,40.0,12,8,6,0.0
13976,46.0,12,8,3,0.0
13977,58.0,15,5,6,0.0
13978,46.0,12,8,3,0.0
13979,36.0,11,9,5,0.0
13980,36.0,10,10,2,0.0
13981,34.0,10,10,3,0.0
13982,22.0,8,12,3,0.0
13983,58.0,14,6,3,0.0
13984,50.0,13,7,4,714766680064.0
13985,56.0,13,7,1,0.0
13986,34.0,10,10,3,0.0
13987,32.0,9,11,1,0.0
13988,58.0,14,6,3,0.0
13989,26.0,9,11,4,0.0
13990,48.0,12,8,2,0.0
13991,50.0,12,8,1,0.0
13992,32.0,9,11,1,0.0
13993,36.0,11,9,5,0.0
13994,28.0,10,10,6,0.0
13995,38.0,11,9,4,0.0
13996,26.0,8,12,1,0.0
13997,50.0,12,8,1,0.0
13998,66.0,15,5,2,0.0
13999,18.0,7,13,2,0.0
14000,44.0,11,9,1,0.0
14001,44.0,11,9,1,0.0
14002,52.0,13,7,3,0.0
14003,40.0,11,9,3,0.0
14004,40.0,11,9,3,0.0
14005,40.0,11,9,3,0.0
14006,56.0,13,7,1,0.0
14007,36.0,10,10,2,0.0
14008,32.0,10,10,4,0.0
14009,40.0,11,9,3,0.0
14010,64.0,14,6,0,0.0
14011,66.0,15,5,2,0.0
14012,18.0,7,13,2,0.0
14013,42.0,11,9,2,0.0
14014,22.0,10,10,9,0.0
14015,22.0,8,12,3,0.0
14016,18.0,7,13,2,90605.76041666667
14017,38.0,11,9,4,0.0
14018,66.0,15,5,2,0.0
14019,56.0,13,7,1,0.0
14020,30.0,9,11,2,0.0
14021,60.0,14,6,2,0.0
14022,32.0,9,11,1,0.0
14023,56.0,13,7,1,0.0
14024,20.0,9,11,7,0.0
14025,38.0,11,9,4,0.0
14026,44.0,12,8,4,0.0
14027,28.0,9,11,3,0.0
14028,46.0,12,8,3,0.0
14029,46.0,12,8,3,0.0
14030,48.0,12,8,2,0.0
14031,50.0,12,8,1,0.0
14032,42.0,12,8,5,0.0
14033,24.0,8,12,2,0.0
14034,32.0,11,9,7,0.0
14035,34.0,10,10,3,0.0
14036,50.0,12,8,1,0.0
14037,44.0,11,9,1,0.0
14038,56.0,14,6,4,0.0
14039,24.0,8,12,2,0.0
14040,42.0,12,8,5,0.0
14041,12.0,7,13,5,0.0
14042,20.0,8,12,4,0.0
14043,24.0,9,11,5,0.0
14044,46.0,12,8,3,0.0
14045,36.0,11,9,5,0.0
14046,32.0,9,11,1,0.0
14047,46.0,11,9,0,0.0
14048,32.0,10,10,4,189270425600.0
14049,58.0,14,6,3,0.0
14050,56.0,14,6,4,0.0
14051,64.0,15,5,3,0.0
14052,26.0,10,10,7,0.0
14053,20.0,7,13,1,0.0
14054,60.0,14,6,2,0.0
14055,10.0,6,14,3,0.0
14056,50.0,12,8,1,0.0
14057,30.0,10,10,5,0.0
14058,42.0,11,9,2,0.0
14059,44.0,12,8,4,0.0
14060,50.0,12,8,1,0.0
14061,28.0,9,11,3,0.0
14062,22.0,8,12,3,0.0
14063,30.0,9,11,2,0.0
14064,52.0,12,8,0,0.0
14065,44.0,11,9,1,0.0
14066,26.0,9,11,4,0.0
14067,20.0,9,11,7,0.0
14068,30.0,9,11,2,0.0
14069,44.0,12,8,4,0.0
14070,42.0,11,9,2,0.0
14071,24.0,10,10,8,0.0
14072,32.0,10,10,4,0.0
14073,76.0,17,3,3,0.0
14074,34.0,10,10,3,0.0
14075,42.0,11,9,2,0.0
14076,28.0,9,11,3,0.0
14077,38.0,11,9,4,0.0
14078,72.0,17,3,5,0.0
14079,48.0,13,7,5,0.0
14080,42.0,11,9,2,1187449216.0
14081,50.0,13,7,4,0.0
14082,54.0,13,7,2,0.0
14083,54.0,13,7,2,0.0
14084,18.0,7,13,2,0.0
14085,44.0,11,9,1,0.0
14086,58.0,14,6,3,0.0
14087,54.0,13,7,2,0.0
14088,48.0,12,8,2,0.0
14089,26.0,9,11,4,0.0
14090,44.0,12,8,4,0.0
14091,56.0,14,6,4,0.0
14092,30.0,9,11,2,0.0
14093,22.0,8,12,3,0.0
14094,50.0,13,7,4,0.0
14095,52.0,12,8,0,0.0
14096,40.0,11,9,3,0.0
14097,28.0,9,11,3,0.0
14098,32.0,10,10,4,0.0
14099,38.0,11,9,4,0.0
14100,38.0,10,10,1,0.0
14101,38.0,11,9,4,0.0
14102,22.0,8,12,3,0.0
14103,26.0,8,12,1,0.0
14104,42.0,11,9,2,0.0
14105,52.0,13,7,3,0.0
14106,28.0,10,10,6,0.0
14107,54.0,14,6,5,0.0
14108,24.0,8,12,2,0.0
14109,52.0,13,7,3,0.0
14110,38.0,10,10,1,0.0
14111,30.0,9,11,2,0.0
14112,60.0,15,5,5,4335124086784.0
14113,42.0,11,9,2,0.0
14114,60.0,14,6,2,0.0
14115,54.0,13,7,2,0.0
14116,30.0,9,11,2,0.0
14117,34.0,10,10,3,0.0
14118,22.0,8,12,3,0.0
14119,56.0,13,7,1,0.0
14120,38.0,11,9,4,0.0
14121,16.0,8,12,6,0.0
14122,22.0,8,12,3,0.0
14123,60.0,15,5,5,0.0
14124,50.0,12,8,1,0.0
14125,30.0,10,10,5,0.0
14126,38.0,11,9,4,0.0
14127,56.0,13,7,1,0.0
14128,28.0,9,11,3,0.0
14129,14.0,7,13,4,0.0
14130,36.0,10,10,2,0.0
14131,52.0,13,7,3,0.0
14132,48.0,13,7,5,0.0
14133,34.0,10,10,3,0.0
14134,28.0,9,11,3,0.0
14135,52.0,13,7,3,0.0
14136,42.0,11,9,2,0.0
14137,50.0,13,7,4,0.0
14138,36.0,10,10,2,0.0
14139,34.0,10,10,3,0.0
14140,46.0,12,8,3,0.0
14141,42.0,12,8,5,0.0
14142,58.0,14,6,3,0.0
14143,44.0,12,8,4,0.0
14144,50.0,12,8,1,22228867481600.0
14145,42.0,12,8,5,0.0
14146,52.0,13,7,3,0.0
14147,14.0,7,13,4,0.0
14148,74.0,16,4,1,0.0
14149,24.0,8,12,2,0.0
14150,22.0,8,12,3,0.0
14151,38.0,11,9,4,0.0
14152,48.0,12,8,2,0.0
14153,36.0,10,10,2,0.0
14154,48.0,13,7,5,0.0
14155,30.0,9,11,2,0.0
14156,38.0,12,8,7,0.0
14157,42.0,11,9,2,0.0
14158,36.0,10,10,2,0.0
14159,56.0,14,6,4,0.0
14160,74.0,17,3,4,0.0
14161,58.0,15,5,6,0.0
14162,32.0,9,11,1,0.0
14163,34.0,12,8,9,0.0
14164,14.0,7,13,4,0.0
14165,16.0,7,13,3,0.0
14166,62.0,14,6,1,0.0
14167,30.0,9,11,2,0.0
14168,42.0,11,9,2,0.0
14169,72.0,16,4,2,0.0
14170,50.0,13,7,4,0.0
14171,70.0,16,4,3,0.0
14172,30.0,11,9,8,0.0
14173,42.0,12,8,5,0.0
14174,54.0,13,7,2,0.0
14175,36.0,10,10,2,0.0
14176,56.0,14,6,4,20787785728.0
14177,52.0,13,7,3,0.0
14178,44.0,12,8,4,0.0
14179,32.0,10,10,4,0.0
14180,40.0,11,9,3,0.0
14181,22.0,8,12,3,0.0
14182,32.0,10,10,4,0.0
14183,42.0,12,8,5,0.0
14184,46.0,12,8,3,0.0
14185,26.0,9,11,4,0.0
14186,24.0,9,11,5,0.0
14187,42.0,12,8,5,0.0
14188,32.0,10,10,4,0.0
14189,26.0,9,11,4,0.0
14190,56.0,13,7,1,0.0
14191,32.0,10,10,4,0.0
14192,24.0,8,12,2,0.0
14193,44.0,12,8,4,0.0
14194,34.0,10,10,3,0.0
14195,42.0,11,9,2,0.0
14196,22.0,7,13,0,0.0
14197,64.0,14,6,0,0.0
14198,68.0,15,5,1,0.0
14199,30.0,10,10,5,0.0
14200,38.0,11,9,4,0.0
14201,24.0,9,11,5,0.0
14202,56.0,13,7,1,0.0
14203,32.0,10,10,4,0.0
14204,40.0,11,9,3,0.0
14205,30.0,9,11,2,0.0
14206,52.0,14,6,6,0.0
14207,64.0,15,5,3,0.0
14208,44.0,12,8,4,378969088.0
14209,38.0,11,9,4,0.0
14210,42.0,12,8,5,0.0
14211,42.0,11,9,2,0.0
14212,50.0,12,8,1,0.0
14213,44.0,12,8,4,0.0
14214,18.0,7,13,2,0.0
14215,66.0,15,5,2,0.0
14216,54.0,14,6,5,0.0
14217,62.0,16,4,7,0.0
14218,28.0,9,11,3,0.0
14219,28.0,9,11,3,0.0
14220,26.0,8,12,1,0.0
14221,52.0,14,6,6,0.0
14222,50.0,13,7,4,0.0
14223,20.0,8,12,4,0.0
14224,28.0,9,11,3,0.0
14225,42.0,11,9,2,0.0
14226,56.0,13,7,1,0.0
14227,48.0,12,8,2,0.0
14228,30.0,9,11,2,0.0
14229,28.0,9,11,3,0.0
14230,28.0,9,11,3,0.0
14231,38.0,11,9,4,0.0
14232,58.0,13,7,0,0.0
14233,26.0,10,10,7,0.0
14234,28.0,9,11,3,0.0
14235,38.0,11,9,4,0.0
14236,50.0,12,8,1,0.0
14237,24.0,8,12,2,0.0
14238,28.0,9,11,3,0.0
14239,42.0,11,9,2,0.0
14240,36.0,10,10,2,73300492288.0
14241,52.0,13,7,3,0.0
14242,28.0,9,11,3,0.0
14243,50.0,13,7,4,0.0
14244,42.0,12,8,5,0.0
14245,32.0,10,10,4,0.0
14246,42.0,11,9,2,0.0
14247,44.0,12,8,4,0.0
14248,56.0,15,5,7,0.0
14249,54.0,13,7,2,0.0
14250,28.0,9,11,3,0.0
14251,30.0,9,11,2,0.0
14252,20.0,8,12,4,0.0
14253,42.0,11,9,2,0.0
14254,30.0,10,10,5,0.0
14255,42.0,12,8,5,0.0
14256,32.0,11,9,7,0.0
14257,54.0,13,7,2,0.0
14258,38.0,11,9,4,0.0
14259,48.0,12,8,2,0.0
14260,40.0,11,9,3,0.0
14261,12.0,6,14,2,0.0
14262,52.0,13,7,3,0.0
14263,22.0,8,12,3,0.0
14264,44.0,12,8,4,0.0
14265,30.0,9,11,2,0.0
14266,32.0,10,10,4,0.0
14267,70.0,16,4,3,0.0
14268,46.0,12,8,3,0.0
14269,44.0,11,9,1,0.0
14270,52.0,13,7,3,0.0
14271,56.0,13,7,1,0.0
14272,48.0,13,7,5,704083264.0
14273,54.0,13,7,2,0.0
14274,72.0,16,4,2,0.0
14275,46.0,12,8,3,0.0
14276,28.0,9,11,3,0.0
14277,44.0,12,8,4,0.0
14278,44.0,12,8,4,0.0
14279,-2.0,5,15,6,0.0
14280,44.0,11,9,1,0.0
14281,38.0,10,10,1,0.0
14282,34.0,11,9,6,0.0
14283,34.0,10,10,3,0.0
14284,26.0,10,10,7,0.0
14285,48.0,12,8,2,0.0
14286,50.0,13,7,4,0.0
14287,54.0,14,6,5,0.0
14288,40.0,12,8,6,0.0
14289,54.0,13,7,2,0.0
14290,34.0,10,10,3,0.0
14291,42.0,12,8,5,0.0
14292,36.0,10,10,2,0.0
14293,56.0,14,6,4,0.0
14294,30.0,9,11,2,0.0
14295,38.0,10,10,1,0.0
14296,56.0,13,7,1,0.0
14297,34.0,11,9,6,0.0
14298,50.0,12,8,1,0.0
14299,34.0,10,10,3,0.0
14300,42.0,11,9,2,0.0
14301,44.0,12,8,4,0.0
14302,72.0,16,4,2,0.0
14303,44.0,12,8,4,0.0
14304,50.0,13,7,4,825290176.0
14305,54.0,14,6,5,0.0
14306,44.0,11,9,1,0.0
14307,48.0,12,8,2,0.0
14308,48.0,12,8,2,0.0
14309,50.0,12,8,1,0.0
14310,58.0,14,6,3,0.0
14311,50.0,12,8,1,0.0
14312,26.0,10,10,7,0.0
14313,46.0,12,8,3,0.0
14314,40.0,11,9,3,0.0
14315,58.0,14,6,3,0.0
14316,28.0,9,11,3,0.0
14317,32.0,9,11,1,0.0
14318,56.0,13,7,1,0.0
14319,42.0,11,9,2,0.0
14320,32.0,11,9,7,0.0
14321,-2.0,4,16,3,0.0
14322,54.0,14,6,5,0.0
14323,48.0,12,8,2,0.0
14324,34.0,11,9,6,0.0
14325,44.0,11,9,1,0.0
14326,42.0,11,9,2,0.0
14327,56.0,14,6,4,0.0
14328,28.0,9,11,3,0.0
14329,54.0,13,7,2,0.0
14330,40.0,10,10,0,0.0
14331,64.0,15,5,3,0.0
14332,42.0,11,9,2,0.0
14333,38.0,13,7,10,0.0
14334,36.0,11,9,5,0.0
14335,28.0,9,11,3,0.0
14336,30.0,10,10,5,29272922112.0
14337,38.0,11,9,4,0.0
14338,10.0,6,14,3,0.0
14339,48.0,12,8,2,0.0
14340,54.0,13,7,2,0.0
14341,26.0,9,11,4,0.0
14342,34.0,11,9,6,0.0
14343,32.0,9,11,1,0.0
14344,28.0,9,11,3,0.0
14345,54.0,14,6,5,0.0
14346,56.0,14,6,4,0.0
14347,52.0,12,8,0,0.0
14348,44.0,12,8,4,0.0
14349,36.0,10,10,2,0.0
14350,44.0,11,9,1,0.0
14351,28.0,10,10,6,0.0
14352,56.0,14,6,4,0.0
14353,40.0,11,9,3,0.0
14354,38.0,11,9,4,0.0
14355,60.0,14,6,2,0.0
14356,24.0,9,11,5,0.0
14357,20.0,9,11,7,0.0
14358,10.0,7,13,6,0.0
14359,30.0,9,11,2,0.0
14360,66.0,15,5,2,0.0
14361,26.0,9,11,4,0.0
14362,76.0,17,3,3,0.0
14363,30.0,9,11,2,0.0
14364,36.0,10,10,2,0.0
14365,34.0,10,10,3,0.0
14366,30.0,9,11,2,0.0
14367,76.0,17,3,3,0.0
14368,58.0,14,6,3,7231546327040.0
14369,54.0,13,7,2,0.0
14370,48.0,12,8,2,0.0
14371,28.0,9,11,3,0.0
14372,48.0,12,8,2,0.0
14373,52.0,13,7,3,0.0
14374,46.0,12,8,3,0.0
14375,36.0,10,10,2,0.0
14376,32.0,9,11,1,0.0
14377,38.0,11,9,4,0.0
14378,46.0,12,8,3,0.0
14379,36.0,10,10,2,0.0
14380,36.0,10,10,2,0.0
14381,48.0,13,7,5,0.0
14382,28.0,8,12,0,0.0
14383,54.0,13,7,2,0.0
14384,28.0,9,11,3,0.0
14385,12.0,7,13,5,0.0
14386,46.0,12,8,3,0.0
14387,40.0,12,8,6,0.0
14388,22.0,8,12,3,0.0
14389,82.0,18,2,3,0.0
14390,48.0,12,8,2,0.0
14391,38.0,11,9,4,0.0
14392,62.0,14,6,1,0.0
14393,52.0,13,7,3,0.0
14394,50.0,12,8,1,0.0
14395,50.0,13,7,4,0.0
14396,38.0,11,9,4,0.0
14397,38.0,10,10,1,0.0
14398,44.0,12,8,4,0.0
14399,32.0,10,10,4,0.0
14400,28.0,9,11,3,436921440.0
14401,66.0,16,4,5,0.0
14402,50.0,12,8,1,0.0
14403,40.0,12,8,6,0.0
14404,40.0,11,9,3,0.0
14405,42.0,11,9,2,0.0
14406,60.0,14,6,2,0.0
14407,26.0,8,12,1,0.0
14408,12.0,7,13,5,0.0
14409,40.0,11,9,3,0.0
14410,52.0,13,7,3,0.0
14411,50.0,12,8,1,0.0
14412,52.0,13,7,3,0.0
14413,32.0,10,10,4,0.0
14414,30.0,9,11,2,0.0
14415,62.0,14,6,1,0.0
14416,46.0,12,8,3,0.0
14417,28.0,9,11,3,0.0
14418,58.0,14,6,3,0.0
14419,50.0,12,8,1,0.0
14420,34.0,9,11,0,0.0
14421,44.0,12,8,4,0.0
14422,38.0,11,9,4,0.0
14423,6.0,6,14,5,0.0
14424,30.0,10,10,5,0.0
14425,56.0,13,7,1,0.0
14426,30.0,9,11,2,0.0
14427,22.0,8,12,3,0.0
14428,32.0,9,11,1,0.0
14429,34.0,10,10,3,0.0
14430,30.0,10,10,5,0.0
14431,26.0,8,12,1,0.0
14432,48.0,12,8,2,14027917312.0
14433,34.0,10,10,3,0.0
14434,60.0,14,6,2,0.0
14435,48.0,12,8,2,0.0
14436,24.0,8,12,2,0.0
14437,28.0,9,11,3,0.0
14438,62.0,15,5,4,0.0
14439,46.0,12,8,3,0.0
14440,54.0,13,7,2,0.0
14441,26.0,10,10,7,0.0
14442,18.0,7,13,2,0.0
14443,22.0,8,12,3,0.0
14444,30.0,10,10,5,0.0
14445,50.0,12,8,1,0.0
14446,60.0,15,5,5,0.0
14447,32.0,9,11,1,0.0
14448,32.0,9,11,1,0.0
14449,44.0,11,9,1,0.0
14450,34.0,10,10,3,0.0
14451,34.0,9,11,0,0.0
14452,32.0,10,10,4,0.0
14453,34.0,10,10,3,0.0
14454,14.0,6,14,1,0.0
14455,20.0,8,12,4,0.0
14456,10.0,7,13,6,0.0
14457,40.0,11,9,3,0.0
14458,34.0,10,10,3,0.0
14459,24.0,9,11,5,0.0
14460,32.0,10,10,4,0.0
14461,32.0,11,9,7,0.0
14462,42.0,11,9,2,0.0
14463,52.0,14,6,6,0.0
14464,62.0,15,5,4,74736631808.0
14465,48.0,12,8,2,0.0
14466,22.0,9,11,6,0.0
14467,54.0,14,6,5,0.0
14468,50.0,13,7,4,0.0
14469,14.0,7,13,4,0.0
14470,58.0,14,6,3,0.0
14471,52.0,13,7,3,0.0
14472,42.0,11,9,2,0.0
14473,38.0,10,10,1,0.0
14474,30.0,9,11,2,0.0
14475,66.0,15,5,2,0.0
14476,24.0,8,12,2,0.0
14477,70.0,16,4,3,0.0
14478,38.0,10,10,1,0.0
14479,58.0,13,7,0,0.0
14480,50.0,13,7,4,0.0
14481,34.0,10,10,3,0.0
14482,40.0,11,9,3,0.0
14483,10.0,7,13,6,0.0
14484,24.0,8,12,2,0.0
14485,68.0,16,4,4,0.0
14486,50.0,13,7,4,0.0
14487,38.0,11,9,4,0.0
14488,30.0,9,11,2,0.0
14489,52.0,13,7,3,0.0
14490,52.0,13,7,3,0.0
14491,48.0,12,8,2,0.0
14492,38.0,11,9,4,0.0
14493,60.0,15,5,5,0.0
14494,12.0,7,13,5,0.0
14495,38.0,10,10,1,0.0
14496,42.0,11,9,2,17984739328.0
14497,56.0,13,7,1,0.0
14498,30.0,10,10,5,0.0
14499,26.0,9,11,4,0.0
14500,18.0,7,13,2,0.0
14501,36.0,11,9,5,0.0
14502,28.0,9,11,3,0.0
14503,58.0,13,7,0,0.0
14504,42.0,11,9,2,0.0
14505,56.0,13,7,1,0.0
14506,42.0,11,9,2,0.0
14507,26.0,8,12,1,0.0
14508,46.0,12,8,3,0.0
14509,52.0,13,7,3,0.0
14510,24.0,8,12,2,0.0
14511,56.0,13,7,1,0.0
14512,20.0,7,13,1,0.0
14513,54.0,14,6,5,0.0
14514,58.0,14,6,3,0.0
14515,44.0,11,9,1,0.0
14516,18.0,7,13,2,0.0
14517,54.0,14,6,5,0.0
14518,54.0,13,7,2,0.0
14519,48.0,12,8,2,0.0
14520,42.0,11,9,2,0.0
14521,34.0,11,9,6,0.0
14522,26.0,9,11,4,0.0
14523,40.0,11,9,3,0.0
14524,38.0,10,10,1,0.0
14525,34.0,11,9,6,0.0
14526,56.0,13,7,1,0.0
14527,58.0,13,7,0,0.0
14528,20.0,7,13,1,655297216512.0
14529,22.0,8,12,3,0.0
14530,52.0,13,7,3,0.0
14531,36.0,10,10,2,0.0
14532,28.0,10,10,6,0.0
14533,58.0,15,5,6,0.0
14534,54.0,13,7,2,0.0
14535,34.0,12,8,9,0.0
14536,58.0,14,6,3,0.0
14537,32.0,9,11,1,0.0
14538,48.0,13,7,5,0.0
14539,40.0,12,8,6,0.0
14540,52.0,13,7,3,0.0
14541,30.0,11,9,8,0.0
14542,34.0,10,10,3,0.0
14543,54.0,13,7,2,0.0
14544,20.0,8,12,4,0.0
14545,72.0,16,4,2,0.0
14546,54.0,14,6,5,0.0
14547,50.0,12,8,1,0.0
14548,46.0,12,8,3,0.0
14549,38.0,11,9,4,0.0
14550,30.0,9,11,2,0.0
14551,44.0,12,8,4,0.0
14552,46.0,12,8,3,0.0
14553,28.0,9,11,3,0.0
14554,32.0,9,11,1,0.0
14555,38.0,10,10,1,0.0
14556,10.0,6,14,3,0.0
14557,48.0,12,8,2,0.0
14558,30.0,9,11,2,0.0
14559,28.0,9,11,3,0.0
14560,50.0,12,8,1,6425200.0
14561,68.0,15,5,1,0.0
14562,26.0,8,12,1,0.0
14563,46.0,12,8,3,0.0
14564,46.0,12,8,3,0.0
14565,36.0,11,9,5,0.0
14566,4.0,5,15,3,0.0
14567,50.0,13,7,4,0.0
14568,32.0,10,10,4,0.0
14569,54.0,13,7,2,0.0
14570,52.0,13,7,3,0.0
14571,26.0,9,11,4,0.0
14572,36.0,10,10,2,0.0
14573,46.0,12,8,3,0.0
14574,60.0,14,6,2,0.0
14575,30.0,10,10,5,0.0
14576,42.0,11,9,2,0.0
14577,66.0,15,5,2,0.0
14578,50.0,12,8,1,0.0
14579,46.0,12,8,3,0.0
14580,62.0,14,6,1,0.0
14581,44.0,11,9,1,0.0
14582,44.0,12,8,4,0.0
14583,50.0,13,7,4,0.0
14584,26.0,9,11,4,0.0
14585,32.0,10,10,4,0.0
14586,36.0,10,10,2,0.0
14587,58.0,14,6,3,0.0
14588,20.0,7,13,1,0.0
14589,62.0,14,6,1,0.0
14590,54.0,14,6,5,0.0
14591,28.0,10,10,6,0.0
14592,38.0,11,9,4,393996768.0
14593,36.0,11,9,5,0.0
14594,54.0,14,6,5,0.0
14595,46.0,12,8,3,0.0
14596,40.0,11,9,3,0.0
14597,52.0,13,7,3,0.0
14598,40.0,11,9,3,0.0
14599,48.0,13,7,5,0.0
14600,20.0,8,12,4,0.0
14601,56.0,13,7,1,0.0
14602,44.0,11,9,1,0.0
14603,38.0,11,9,4,0.0
14604,18.0,7,13,2,0.0
14605,38.0,11,9,4,0.0
14606,36.0,11,9,5,0.0
14607,36.0,11,9,5,0.0
14608,26.0,9,11,4,0.0
14609,36.0,11,9,5,0.0
14610,44.0,11,9,1,0.0
14611,44.0,12,8,4,0.0
14612,14.0,7,13,4,0.0
14613,68.0,15,5,1,0.0
14614,50.0,13,7,4,0.0
14615,64.0,14,6,0,0.0
14616,58.0,14,6,3,0.0
14617,70.0,16,4,3,0.0
14618,20.0,8,12,4,0.0
14619,56.0,13,7,1,0.0
14620,24.0,8,12,2,0.0
14621,48.0,12,8,2,0.0
14622,58.0,14,6,3,0.0
14623,32.0,10,10,4,0.0
14624,16.0,8,12,6,153269354496.0
14625,56.0,14,6,4,0.0
14626,26.0,8,12,1,0.0
14627,30.0,9,11,2,0.0
14628,66.0,15,5,2,0.0
14629,56.0,13,7,1,0.0
14630,66.0,15,5,2,0.0
14631,58.0,14,6,3,0.0
14632,74.0,17,3,4,0.0
14633,42.0,11,9,2,0.0
14634,10.0,6,14,3,0.0
14635,52.0,13,7,3,0.0
14636,70.0,16,4,3,0.0
14637,24.0,8,12,2,0.0
14638,36.0,10,10,2,0.0
14639,62.0,14,6,1,0.0
14640,52.0,13,7,3,0.0
14641,52.0,13,7,3,0.0
14642,32.0,9,11,1,0.0
14643,54.0,14,6,5,0.0
14644,54.0,13,7,2,0.0
14645,40.0,11,9,3,0.0
14646,34.0,10,10,3,0.0
14647,46.0,12,8,3,0.0
14648,70.0,16,4,3,0.0
14649,32.0,11,9,7,0.0
14650,64.0,15,5,3,0.0
14651,64.0,14,6,0,0.0
14652,60.0,14,6,2,0.0
14653,36.0,11,9,5,0.0
14654,64.0,15,5,3,0.0
14655,42.0,12,8,5,0.0
14656,36.0,10,10,2,2211550855168.0
14657,48.0,12,8,2,0.0
14658,26.0,9,11,4,0.0
14659,36.0,11,9,5,0.0
14660,62.0,15,5,4,0.0
14661,44.0,12,8,4,0.0
14662,58.0,14,6,3,0.0
14663,36.0,11,9,5,0.0
14664,32.0,10,10,4,0.0
14665,78.0,17,3,2,0.0
14666,18.0,7,13,2,0.0
14667,28.0,9,11,3,0.0
14668,10.0,7,13,6,0.0
14669,24.0,9,11,5,0.0
14670,48.0,13,7,5,0.0
14671,28.0,9,11,3,0.0
14672,44.0,11,9,1,0.0
14673,46.0,12,8,3,0.0
14674,60.0,14,6,2,0.0
14675,22.0,9,11,6,0.0
14676,30.0,9,11,2,0.0
14677,36.0,10,10,2,0.0
14678,44.0,12,8,4,0.0
14679,28.0,9,11,3,0.0
14680,44.0,11,9,1,0.0
14681,66.0,15,5,2,0.0
14682,42.0,11,9,2,0.0
14683,60.0,14,6,2,0.0
14684,44.0,11,9,1,0.0
14685,36.0,10,10,2,0.0
14686,46.0,12,8,3,0.0
14687,42.0,11,9,2,0.0
14688,34.0,10,10,3,2846395904.0
14689,70.0,16,4,3,0.0
14690,54.0,13,7,2,0.0
14691,42.0,11,9,2,0.0
14692,36.0,10,10,2,0.0
14693,24.0,9,11,5,0.0
14694,74.0,17,3,4,0.0
14695,36.0,10,10,2,0.0
14696,32.0,10,10,4,0.0
14697,40.0,11,9,3,0.0
14698,46.0,11,9,0,0.0
14699,60.0,14,6,2,0.0
14700,42.0,11,9,2,0.0
14701,22.0,9,11,6,0.0
14702,80.0,18,2,4,0.0
14703,72.0,16,4,2,0.0
14704,14.0,6,14,1,0.0
14705,40.0,10,10,0,0.0
14706,44.0,11,9,1,0.0
14707,32.0,9,11,1,0.0
14708,44.0,12,8,4,0.0
14709,38.0,12,8,7,0.0
14710,54.0,13,7,2,0.0
14711,44.0,11,9,1,0.0
14712,24.0,9,11,5,0.0
14713,62.0,15,5,4,0.0
14714,42.0,12,8,5,0.0
14715,36.0,10,10,2,0.0
14716,32.0,10,10,4,0.0
14717,24.0,8,12,2,0.0
14718,40.0,11,9,3,0.0
14719,50.0,12,8,1,0.0
14720,34.0,11,9,6,219215101952.0
14721,60.0,15,5,5,0.0
14722,32.0,9,11,1,0.0
14723,60.0,14,6,2,0.0
14724,44.0,12,8,4,0.0
14725,48.0,12,8,2,0.0
14726,34.0,11,9,6,0.0
14727,50.0,12,8,1,0.0
14728,44.0,12,8,4,0.0
14729,48.0,12,8,2,0.0
14730,22.0,8,12,3,0.0
14731,80.0,17,3,1,0.0
14732,6.0,6,14,5,0.0
14733,38.0,11,9,4,0.0
14734,34.0,10,10,3,0.0
14735,36.0,10,10,2,0.0
14736,50.0,12,8,1,0.0
14737,34.0,9,11,0,0.0
14738,52.0,13,7,3,0.0
14739,54.0,14,6,5,0.0
14740,38.0,11,9,4,0.0
14741,42.0,11,9,2,0.0
14742,48.0,12,8,2,0.0
14743,40.0,10,10,0,0.0
14744,32.0,9,11,1,0.0
14745,52.0,13,7,3,0.0
14746,28.0,8,12,0,0.0
14747,40.0,11,9,3,0.0
14748,46.0,12,8,3,0.0
14749,60.0,14,6,2,0.0
14750,36.0,10,10,2,0.0
14751,26.0,9,11,4,0.0
14752,18.0,7,13,2,56148905984.0
14753,42.0,12,8,5,0.0
14754,40.0,11,9,3,0.0
14755,48.0,12,8,2,0.0
14756,58.0,14,6,3,0.0
14757,46.0,12,8,3,0.0
14758,46.0,12,8,3,0.0
14759,46.0,11,9,0,0.0
14760,24.0,8,12,2,0.0
14761,20.0,8,12,4,0.0
14762,54.0,13,7,2,0.0
14763,24.0,8,12,2,0.0
14764,54.0,14,6,5,0.0
14765,48.0,12,8,2,0.0
14766,40.0,11,9,3,0.0
14767,56.0,13,7,1,0.0
14768,48.0,12,8,2,0.0
14769,62.0,14,6,1,0.0
14770,54.0,14,6,5,0.0
14771,46.0,12,8,3,0.0
14772,28.0,9,11,3,0.0
14773,64.0,15,5,3,0.0
14774,30.0,10,10,5,0.0
14775,46.0,12,8,3,0.0
14776,12.0,6,14,2,0.0
14777,26.0,8,12,1,0.0
14778,42.0,11,9,2,0.0
14779,62.0,14,6,1,0.0
14780,44.0,12,8,4,0.0
14781,50.0,13,7,4,0.0
14782,54.0,13,7,2,0.0
14783,36.0,10,10,2,0.0
14784,24.0,8,12,2,5283776000.0
14785,74.0,16,4,1,0.0
14786,40.0,10,10,0,0.0
14787,52.0,13,7,3,0.0
14788,32.0,9,11,1,0.0
14789,30.0,10,10,5,0.0
14790,34.0,10,10,3,0.0
14791,56.0,13,7,1,0.0
14792,28.0,9,11,3,0.0
14793,56.0,15,5,7,0.0
14794,46.0,12,8,3,0.0
14795,60.0,14,6,2,0.0
14796,16.0,8,12,6,0.0
14797,18.0,7,13,2,0.0
14798,38.0,10,10,1,0.0
14799,44.0,11,9,1,0.0
14800,48.0,12,8,2,0.0
14801,44.0,12,8,4,0.0
14802,64.0,16,4,6,0.0
14803,52.0,13,7,3,0.0
14804,22.0,8,12,3,0.0
14805,46.0,12,8,3,0.0
14806,38.0,11,9,4,0.0
14807,36.0,10,10,2,0.0
14808,38.0,10,10,1,0.0
14809,42.0,11,9,2,0.0
14810,40.0,11,9,3,0.0
14811,64.0,15,5,3,0.0
14812,52.0,13,7,3,0.0
14813,42.0,12,8,5,0.0
14814,54.0,13,7,2,0.0
14815,28.0,9,11,3,0.0
14816,40.0,11,9,3,11838787.0
14817,40.0,11,9,3,0.0
14818,50.0,12,8,1,0.0
14819,60.0,14,6,2,0.0
14820,36.0,11,9,5,0.0
14821,58.0,14,6,3,0.0
14822,32.0,9,11,1,0.0
14823,26.0,8,12,1,0.0
14824,52.0,13,7,3,0.0
14825,70.0,15,5,0,0.0
14826,44.0,13,7,7,0.0
14827,54.0,13,7,2,0.0
14828,38.0,11,9,4,0.0
14829,52.0,13,7,3,0.0
14830,44.0,12,8,4,0.0
14831,54.0,14,6,5,0.0
14832,18.0,8,12,5,0.0
14833,44.0,11,9,1,0.0
14834,68.0,15,5,1,0.0
14835,16.0,7,13,3,0.0
14836,46.0,12,8,3,0.0
14837,42.0,12,8,5,0.0
14838,48.0,12,8,2,0.0
14839,52.0,13,7,3,0.0
14840,58.0,14,6,3,0.0
14841,32.0,10,10,4,0.0
14842,36.0,10,10,2,0.0
14843,38.0,11,9,4,0.0
14844,30.0,10,10,5,0.0
14845,52.0,13,7,3,0.0
14846,34.0,11,9,6,0.0
14847,42.0,11,9,2,0.0
14848,38.0,11,9,4,13893092.0
14849,42.0,11,9,2,0.0
14850,40.0,11,9,3,0.0
14851,40.0,11,9,3,0.0
14852,38.0,13,7,10,0.0
14853,56.0,14,6,4,0.0
14854,28.0,9,11,3,0.0
14855,56.0,13,7,1,0.0
14856,56.0,14,6,4,0.0
14857,26.0,10,10,7,0.0
14858,22.0,8,12,3,0.0
14859,54.0,13,7,2,0.0
14860,50.0,12,8,1,0.0
14861,20.0,8,12,4,0.0
14862,52.0,13,7,3,0.0
14863,16.0,8,12,6,0.0
14864,58.0,14,6,3,0.0
14865,30.0,10,10,5,0.0
14866,40.0,11,9,3,0.0
14867,58.0,14,6,3,0.0
14868,38.0,10,10,1,0.0
14869,32.0,10,10,4,0.0
14870,62.0,14,6,1,0.0
14871,34.0,10,10,3,0.0
14872,16.0,7,13,3,0.0
14873,36.0,10,10,2,0.0
14874,20.0,9,11,7,0.0
14875,56.0,14,6,4,0.0
14876,34.0,10,10,3,0.0
14877,56.0,13,7,1,0.0
14878,30.0,9,11,2,0.0
14879,48.0,12,8,2,0.0
14880,52.0,12,8,0,1711128832.0
14881,22.0,8,12,3,0.0
14882,36.0,10,10,2,0.0
14883,46.0,12,8,3,0.0
14884,36.0,10,10,2,0.0
14885,44.0,12,8,4,0.0
14886,62.0,15,5,4,0.0
14887,36.0,11,9,5,0.0
14888,20.0,8,12,4,0.0
14889,48.0,12,8,2,0.0
14890,36.0,11,9,5,0.0
14891,14.0,7,13,4,0.0
14892,44.0,12,8,4,0.0
14893,36.0,11,9,5,0.0
14894,26.0,8,12,1,0.0
14895,40.0,12,8,6,0.0
14896,40.0,11,9,3,0.0
14897,60.0,14,6,2,0.0
14898,50.0,12,8,1,0.0
14899,44.0,12,8,4,0.0
14900,44.0,11,9,1,0.0
14901,46.0,12,8,3,0.0
14902,50.0,13,7,4,0.0
14903,34.0,10,10,3,0.0
14904,38.0,11,9,4,0.0
14905,48.0,12,8,2,0.0
14906,42.0,11,9,2,0.0
14907,46.0,13,7,6,0.0
14908,34.0,10,10,3,0.0
14909,44.0,12,8,4,0.0
14910,36.0,11,9,5,0.0
14911,54.0,13,7,2,0.0
14912,60.0,14,6,2,683848768.0
14913,54.0,13,7,2,0.0
14914,38.0,11,9,4,0.0
14915,34.0,10,10,3,0.0
14916,56.0,13,7,1,0.0
14917,46.0,12,8,3,0.0
14918,44.0,12,8,4,0.0
14919,34.0,10,10,3,0.0
14920,64.0,14,6,0,0.0
14921,70.0,15,5,0,0.0
14922,36.0,11,9,5,0.0
14923,44.0,12,8,4,0.0
14924,20.0,8,12,4,0.0
14925,64.0,16,4,6,0.0
14926,12.0,7,13,5,0.0
14927,40.0,11,9,3,0.0
14928,26.0,9,11,4,0.0
14929,18.0,8,12,5,0.0
14930,50.0,12,8,1,0.0
14931,42.0,11,9,2,0.0
14932,22.0,9,11,6,0.0
14933,46.0,12,8,3,0.0
14934,40.0,11,9,3,0.0
14935,40.0,11,9,3,0.0
14936,42.0,11,9,2,0.0
14937,80.0,17,3,1,0.0
14938,52.0,13,7,3,0.0
14939,42.0,11,9,2,0.0
14940,28.0,10,10,6,0.0
14941,66.0,15,5,2,0.0
14942,46.0,12,8,3,0.0
14943,42.0,12,8,5,0.0
14944,32.0,10,10,4,10615936000.0
14945,54.0,14,6,5,0.0
14946,34.0,11,9,6,0.0
14947,54.0,13,7,2,0.0
14948,66.0,15,5,2,0.0
14949,28.0,8,12,0,0.0
14950,34.0,10,10,3,0.0
14951,30.0,10,10,5,0.0
14952,32.0,9,11,1,0.0
14953,38.0,10,10,1,0.0
14954,56.0,14,6,4,0.0
14955,64.0,14,6,0,0.0
14956,52.0,13,7,3,0.0
14957,38.0,10,10,1,0.0
14958,38.0,12,8,7,0.0
14959,40.0,10,10,0,0.0
14960,58.0,14,6,3,0.0
14961,38.0,10,10,1,0.0
14962,56.0,14,6,4,0.0
14963,28.0,9,11,3,0.0
14964,50.0,12,8,1,0.0
14965,38.0,10,10,1,0.0
14966,30.0,10,10,5,0.0
14967,56.0,13,7,1,0.0
14968,34.0,9,11,0,0.0
14969,68.0,16,4,4,0.0
14970,32.0,9,11,1,0.0
14971,24.0,9,11,5,0.0
14972,24.0,8,12,2,0.0
14973,46.0,13,7,6,0.0
14974,40.0,11,9,3,0.0
14975,56.0,14,6,4,0.0
14976,66.0,16,4,5,6196560384.0
14977,48.0,12,8,2,0.0
14978,42.0,11,9,2,0.0
14979,68.0,15,5,1,0.0
14980,52.0,13,7,3,0.0
14981,46.0,12,8,3,0.0
14982,32.0,9,11,1,0.0
14983,32.0,9,11,1,0.0
14984,8.0,6,14,4,0.0
14985,28.0,9,11,3,0.0
14986,18.0,7,13,2,0.0
14987,30.0,9,11,2,0.0
14988,56.0,13,7,1,0.0
14989,70.0,16,4,3,0.0
14990,38.0,10,10,1,0.0
14991,48.0,12,8,2,0.0
14992,30.0,10,10,5,0.0
14993,44.0,11,9,1,0.0
14994,50.0,13,7,4,0.0
14995,46.0,11,9,0,0.0
14996,28.0,9,11,3,0.0
14997,38.0,12,8,7,0.0
14998,60.0,14,6,2,0.0
14999,26.0,9,11,4,0.0
15000,24.0,8,12,2,0.0
15001,32.0,9,11,1,0.0
15002,66.0,15,5,2,0.0
15003,52.0,13,7,3,0.0
15004,36.0,11,9,5,0.0
15005,14.0,7,13,4,0.0
15006,48.0,12,8,2,0.0
15007,50.0,13,7,4,0.0
15008,54.0,13,7,2,26589548.0
15009,38.0,11,9,4,0.0
15010,42.0,11,9,2,0.0
15011,66.0,15,5,2,0.0
15012,46.0,12,8,3,0.0
15013,30.0,9,11,2,0.0
15014,48.0,12,8,2,0.0
15015,38.0,11,9,4,0.0
15016,38.0,10,10,1,0.0
15017,56.0,15,5,7,0.0
15018,56.0,13,7,1,0.0
15019,40.0,10,10,0,0.0
15020,46.0,12,8,3,0.0
15021,48.0,12,8,2,0.0
15022,46.0,12,8,3,0.0
15023,36.0,10,10,2,0.0
15024,42.0,11,9,2,0.0
15025,26.0,9,11,4,0.0
15026,42.0,11,9,2,0.0
15027,46.0,12,8,3,0.0
15028,4.0,6,14,6,0.0
15029,16.0,7,13,3,0.0
15030,54.0,13,7,2,0.0
15031,48.0,12,8,2,0.0
15032,20.0,7,13,1,0.0
15033,52.0,13,7,3,0.0
15034,44.0,12,8,4,0.0
15035,36.0,10,10,2,0.0
15036,36.0,11,9,5,0.0
15037,32.0,9,11,1,0.0
15038,22.0,8,12,3,0.0
15039,56.0,13,7,1,0.0
15040,40.0,11,9,3,289885618176.0
15041,38.0,10,10,1,0.0
15042,42.0,11,9,2,0.0
15043,34.0,10,10,3,0.0
15044,10.0,6,14,3,0.0
15045,60.0,14,6,2,0.0
15046,54.0,13,7,2,0.0
15047,50.0,13,7,4,0.0
15048,48.0,12,8,2,0.0
15049,56.0,13,7,1,0.0
15050,46.0,11,9,0,0.0
15051,62.0,14,6,1,0.0
15052,36.0,10,10,2,0.0
15053,50.0,12,8,1,0.0
15054,42.0,11,9,2,0.0
15055,52.0,12,8,0,0.0
15056,52.0,13,7,3,0.0
15057,28.0,10,10,6,0.0
15058,54.0,13,7,2,0.0
15059,46.0,12,8,3,0.0
15060,36.0,10,10,2,0.0
15061,42.0,11,9,2,0.0
15062,22.0,8,12,3,0.0
15063,52.0,13,7,3,0.0
15064,46.0,12,8,3,0.0
15065,58.0,13,7,0,0.0
15066,34.0,11,9,6,0.0
15067,44.0,12,8,4,0.0
15068,64.0,15,5,3,0.0
15069,60.0,14,6,2,0.0
15070,68.0,16,4,4,0.0
15071,38.0,10,10,1,0.0
15072,24.0,9,11,5,139404798590976.0
15073,60.0,14,6,2,0.0
15074,74.0,16,4,1,0.0
15075,44.0,12,8,4,0.0
15076,24.0,8,12,2,0.0
15077,66.0,15,5,2,0.0
15078,42.0,12,8,5,0.0
15079,56.0,13,7,1,0.0
15080,36.0,11,9,5,0.0
15081,0.0,6,14,8,0.0
15082,24.0,8,12,2,0.0
15083,26.0,9,11,4,0.0
15084,48.0,12,8,2,0.0
15085,30.0,10,10,5,0.0
15086,42.0,12,8,5,0.0
15087,46.0,12,8,3,0.0
15088,24.0,8,12,2,0.0
15089,24.0,9,11,5,0.0
15090,62.0,14,6,1,0.0
15091,34.0,10,10,3,0.0
15092,38.0,11,9,4,0.0
15093,46.0,12,8,3,0.0
15094,46.0,12,8,3,0.0
15095,46.0,13,7,6,0.0
15096,54.0,13,7,2,0.0
15097,36.0,10,10,2,0.0
15098,26.0,9,11,4,0.0
15099,36.0,10,10,2,0.0
15100,32.0,11,9,7,0.0
15101,54.0,14,6,5,0.0
15102,18.0,7,13,2,0.0
15103,30.0,10,10,5,0.0
15104,32.0,9,11,1,12714887872512.0
15105,50.0,13,7,4,0.0
15106,42.0,11,9,2,0.0
15107,28.0,9,11,3,0.0
15108,40.0,11,9,3,0.0
15109,54.0,14,6,5,0.0
15110,42.0,12,8,5,0.0
15111,34.0,10,10,3,0.0
15112,52.0,13,7,3,0.0
15113,52.0,13,7,3,0.0
15114,26.0,9,11,4,0.0
15115,48.0,12,8,2,0.0
15116,30.0,10,10,5,0.0
15117,26.0,9,11,4,0.0
15118,36.0,10,10,2,0.0
15119,38.0,10,10,1,0.0
15120,44.0,11,9,1,0.0
15121,36.0,11,9,5,0.0
15122,88.0,18,2,0,0.0
15123,38.0,12,8,7,0.0
15124,44.0,12,8,4,0.0
15125,44.0,12,8,4,0.0
15126,42.0,11,9,2,0.0
15127,56.0,13,7,1,0.0
15128,40.0,11,9,3,0.0
15129,48.0,12,8,2,0.0
15130,34.0,10,10,3,0.0
15131,58.0,14,6,3,0.0
15132,34.0,10,10,3,0.0
15133,32.0,10,10,4,0.0
15134,54.0,13,7,2,0.0
15135,20.0,7,13,1,0.0
15136,64.0,15,5,3,867829678080.0
15137,36.0,10,10,2,0.0
15138,52.0,13,7,3,0.0
15139,54.0,14,6,5,0.0
15140,42.0,12,8,5,0.0
15141,42.0,11,9,2,0.0
15142,34.0,10,10,3,0.0
15143,46.0,11,9,0,0.0
15144,56.0,14,6,4,0.0
15145,48.0,12,8,2,0.0
15146,52.0,13,7,3,0.0
15147,46.0,12,8,3,0.0
15148,20.0,10,10,10,0.0
15149,48.0,13,7,5,0.0
15150,38.0,11,9,4,0.0
15151,58.0,14,6,3,0.0
15152,42.0,11,9,2,0.0
15153,58.0,14,6,3,0.0
15154,40.0,11,9,3,0.0
15155,38.0,10,10,1,0.0
15156,60.0,14,6,2,0.0
15157,70.0,16,4,3,0.0
15158,50.0,12,8,1,0.0
15159,30.0,10,10,5,0.0
15160,54.0,13,7,2,0.0
15161,50.0,13,7,4,0.0
15162,30.0,10,10,5,0.0
15163,36.0,11,9,5,0.0
15164,60.0,14,6,2,0.0
15165,36.0,10,10,2,0.0
15166,26.0,10,10,7,0.0
15167,46.0,12,8,3,0.0
15168,30.0,10,10,5,2317055950848.0
15169,38.0,10,10,1,0.0
15170,50.0,12,8,1,0.0
15171,58.0,14,6,3,0.0
15172,34.0,10,10,3,0.0
15173,46.0,12,8,3,0.0
15174,38.0,10,10,1,0.0
15175,52.0,13,7,3,0.0
15176,34.0,10,10,3,0.0
15177,30.0,10,10,5,0.0
15178,36.0,10,10,2,0.0
15179,38.0,11,9,4,0.0
15180,28.0,10,10,6,0.0
15181,30.0,9,11,2,0.0
15182,36.0,10,10,2,0.0
15183,30.0,9,11,2,0.0
15184,56.0,14,6,4,0.0
15185,38.0,11,9,4,0.0
15186,42.0,12,8,5,0.0
15187,52.0,13,7,3,0.0
15188,42.0,11,9,2,0.0
15189,40.0,11,9,3,0.0
15190,50.0,13,7,4,0.0
15191,14.0,6,14,1,0.0
15192,66.0,15,5,2,0.0
15193,42.0,12,8,5,0.0
15194,34.0,11,9,6,0.0
15195,40.0,11,9,3,0.0
15196,50.0,13,7,4,0.0
15197,42.0,12,8,5,0.0
15198,40.0,11,9,3,0.0
15199,38.0,11,9,4,0.0
15200,42.0,11,9,2,11122277376.0
15201,34.0,10,10,3,0.0
15202,62.0,14,6,1,0.0
15203,52.0,13,7,3,0.0
15204,38.0,11,9,4,0.0
15205,42.0,11,9,2,0.0
15206,52.0,14,6,6,0.0
15207,42.0,11,9,2,0.0
15208,52.0,13,7,3,0.0
15209,52.0,12,8,0,0.0
15210,24.0,8,12,2,0.0
15211,22.0,9,11,6,0.0
15212,42.0,12,8,5,0.0
15213,42.0,11,9,2,0.0
15214,66.0,16,4,5,0.0
15215,50.0,13,7,4,0.0
15216,70.0,16,4,3,0.0
15217,30.0,9,11,2,0.0
15218,18.0,7,13,2,0.0
15219,32.0,9,11,1,0.0
15220,46.0,12,8,3,0.0
15221,46.0,12,8,3,0.0
15222,28.0,9,11,3,0.0
15223,58.0,14,6,3,0.0
15224,30.0,10,10,5,0.0
15225,40.0,11,9,3,0.0
15226,34.0,10,10,3,0.0
15227,36.0,11,9,5,0.0
15228,26.0,8,12,1,0.0
15229,32.0,9,11,1,0.0
15230,46.0,12,8,3,0.0
15231,30.0,9,11,2,0.0
15232,42.0,11,9,2,646402473984.0
15233,46.0,12,8,3,0.0
15234,16.0,7,13,3,0.0
15235,64.0,14,6,0,0.0
15236,20.0,8,12,4,0.0
15237,32.0,10,10,4,0.0
15238,46.0,12,8,3,0.0
15239,46.0,13,7,6,0.0
15240,56.0,14,6,4,0.0
15241,62.0,14,6,1,0.0
15242,40.0,11,9,3,0.0
15243,16.0,7,13,3,0.0
15244,48.0,13,7,5,0.0
15245,70.0,16,4,3,0.0
15246,16.0,8,12,6,0.0
15247,50.0,13,7,4,0.0
15248,42.0,11,9,2,0.0
15249,48.0,12,8,2,0.0
15250,44.0,12,8,4,0.0
15251,56.0,13,7,1,0.0
15252,54.0,14,6,5,0.0
15253,24.0,9,11,5,0.0
15254,46.0,12,8,3,0.0
15255,38.0,11,9,4,0.0
15256,38.0,10,10,1,0.0
15257,30.0,9,11,2,0.0
15258,40.0,11,9,3,0.0
15259,66.0,15,5,2,0.0
15260,34.0,10,10,3,0.0
15261,50.0,12,8,1,0.0
15262,42.0,11,9,2,0.0
15263,52.0,13,7,3,0.0
15264,48.0,12,8,2,167586299904.0
15265,24.0,9,11,5,0.0
15266,30.0,10,10,5,0.0
15267,54.0,13,7,2,0.0
15268,46.0,12,8,3,0.0
15269,58.0,14,6,3,0.0
15270,42.0,11,9,2,0.0
15271,32.0,10,10,4,0.0
15272,54.0,14,6,5,0.0
15273,36.0,10,10,2,0.0
15274,50.0,12,8,1,0.0
15275,20.0,7,13,1,0.0
15276,34.0,10,10,3,0.0
15277,42.0,11,9,2,0.0
15278,62.0,14,6,1,0.0
15279,60.0,14,6,2,0.0
15280,42.0,11,9,2,0.0
15281,40.0,11,9,3,0.0
15282,46.0,12,8,3,0.0
15283,52.0,13,7,3,0.0
15284,26.0,9,11,4,0.0
15285,44.0,12,8,4,0.0
15286,40.0,12,8,6,0.0
15287,22.0,8,12,3,0.0
15288,52.0,13,7,3,0.0
15289,58.0,14,6,3,0.0
15290,36.0,10,10,2,0.0
15291,48.0,12,8,2,0.0
15292,36.0,10,10,2,0.0
15293,52.0,13,7,3,0.0
15294,58.0,14,6,3,0.0
15295,50.0,12,8,1,0.0
15296,42.0,11,9,2,1.3758083771662336e+16
15297,44.0,12,8,4,0.0
15298,42.0,11,9,2,0.0
15299,54.0,13,7,2,0.0
15300,38.0,11,9,4,0.0
15301,34.0,10,10,3,0.0
15302,46.0,13,7,6,0.0
15303,46.0,12,8,3,0.0
15304,38.0,11,9,4,0.0
15305,56.0,14,6,4,0.0
15306,44.0,12,8,4,0.0
15307,52.0,13,7,3,0.0
15308,44.0,11,9,1,0.0
15309,32.0,9,11,1,0.0
15310,40.0,11,9,3,0.0
15311,30.0,9,11,2,0.0
15312,46.0,12,8,3,0.0
15313,44.0,12,8,4,0.0
15314,28.0,9,11,3,0.0
15315,50.0,13,7,4,0.0
15316,70.0,16,4,3,0.0
15317,24.0,8,12,2,0.0
15318,38.0,11,9,4,0.0
15319,62.0,15,5,4,0.0
15320,26.0,8,12,1,0.0
15321,22.0,8,12,3,0.0
15322,36.0,11,9,5,0.0
15323,46.0,12,8,3,0.0
15324,38.0,11,9,4,0.0
15325,46.0,12,8,3,0.0
15326,46.0,13,7,6,0.0
15327,60.0,14,6,2,0.0
15328,46.0,12,8,3,33017431064576.0
15329,52.0,13,7,3,0.0
15330,44.0,12,8,4,0.0
15331,62.0,15,5,4,0.0
15332,24.0,8,12,2,0.0
15333,54.0,13,7,2,0.0
15334,44.0,11,9,1,0.0
15335,36.0,10,10,2,0.0
15336,44.0,12,8,4,0.0
15337,36.0,10,10,2,0.0
15338,10.0,6,14,3,0.0
15339,38.0,11,9,4,0.0
15340,36.0,10,10,2,0.0
15341,32.0,9,11,1,0.0
15342,40.0,11,9,3,0.0
15343,66.0,15,5,2,0.0
15344,40.0,11,9,3,0.0
15345,42.0,11,9,2,0.0
15346,72.0,16,4,2,0.0
15347,46.0,12,8,3,0.0
15348,48.0,13,7,5,0.0
15349,78.0,17,3,2,0.0
15350,4.0,6,14,6,0.0
15351,40.0,12,8,6,0.0
15352,52.0,13,7,3,0.0
15353,50.0,14,6,7,0.0
15354,50.0,12,8,1,0.0
15355,32.0,11,9,7,0.0
15356,42.0,11,9,2,0.0
15357,30.0,9,11,2,0.0
15358,46.0,12,8,3,0.0
15359,20.0,9,11,7,0.0
15360,30.0,9,11,2,671451968.0
15361,38.0,10,10,1,0.0
15362,24.0,8,12,2,0.0
15363,58.0,14,6,3,0.0
15364,58.0,14,6,3,0.0
15365,32.0,11,9,7,0.0
15366,20.0,8,12,4,0.0
15367,64.0,14,6,0,0.0
15368,56.0,14,6,4,0.0
15369,56.0,13,7,1,0.0
15370,36.0,11,9,5,0.0
15371,52.0,13,7,3,0.0
15372,56.0,13,7,1,0.0
15373,54.0,14,6,5,0.0
15374,56.0,14,6,4,0.0
15375,36.0,10,10,2,0.0
15376,42.0,11,9,2,0.0
15377,34.0,9,11,0,0.0
15378,48.0,12,8,2,0.0
15379,10.0,6,14,3,0.0
15380,42.0,11,9,2,0.0
15381,24.0,9,11,5,0.0
15382,48.0,12,8,2,0.0
15383,30.0,10,10,5,0.0
15384,40.0,11,9,3,0.0
15385,30.0,10,10,5,0.0
15386,64.0,14,6,0,0.0
15387,38.0,11,9,4,0.0
15388,34.0,10,10,3,0.0
15389,64.0,14,6,0,0.0
15390,18.0,7,13,2,0.0
15391,32.0,9,11,1,0.0
15392,32.0,9,11,1,676243308544.0
15393,30.0,10,10,5,0.0
15394,38.0,11,9,4,0.0
15395,46.0,12,8,3,0.0
15396,48.0,12,8,2,0.0
15397,30.0,9,11,2,0.0
15398,54.0,14,6,5,0.0
15399,48.0,12,8,2,0.0
15400,38.0,11,9,4,0.0
15401,30.0,9,11,2,0.0
15402,66.0,15,5,2,0.0
15403,32.0,9,11,1,0.0
15404,54.0,13,7,2,0.0
15405,30.0,9,11,2,0.0
15406,40.0,12,8,6,0.0
15407,72.0,16,4,2,0.0
15408,32.0,10,10,4,0.0
15409,54.0,13,7,2,0.0
15410,58.0,13,7,0,0.0
15411,18.0,8,12,5,0.0
15412,40.0,11,9,3,0.0
15413,42.0,11,9,2,0.0
15414,48.0,12,8,2,0.0
15415,48.0,12,8,2,0.0
15416,38.0,11,9,4,0.0
15417,36.0,10,10,2,0.0
15418,36.0,11,9,5,0.0
15419,38.0,10,10,1,0.0
15420,50.0,13,7,4,0.0
15421,54.0,15,5,8,0.0
15422,28.0,9,11,3,0.0
15423,44.0,12,8,4,0.0
15424,86.0,18,2,1,36647024.0
15425,44.0,11,9,1,0.0
15426,42.0,11,9,2,0.0
15427,46.0,12,8,3,0.0
15428,58.0,13,7,0,0.0
15429,32.0,11,9,7,0.0
15430,44.0,11,9,1,0.0
15431,50.0,12,8,1,0.0
15432,26.0,8,12,1,0.0
15433,36.0,10,10,2,0.0
15434,24.0,9,11,5,0.0
15435,36.0,11,9,5,0.0
15436,58.0,14,6,3,0.0
15437,52.0,13,7,3,0.0
15438,26.0,9,11,4,0.0
15439,30.0,9,11,2,0.0
15440,52.0,13,7,3,0.0
15441,36.0,10,10,2,0.0
15442,28.0,9,11,3,0.0
15443,44.0,11,9,1,0.0
15444,34.0,9,11,0,0.0
15445,40.0,12,8,6,0.0
15446,44.0,11,9,1,0.0
15447,70.0,16,4,3,0.0
15448,52.0,13,7,3,0.0
15449,42.0,12,8,5,0.0
15450,52.0,13,7,3,0.0
15451,58.0,13,7,0,0.0
15452,66.0,15,5,2,0.0
15453,30.0,9,11,2,0.0
15454,24.0,8,12,2,0.0
15455,42.0,11,9,2,0.0
15456,28.0,9,11,3,36983325851648.0
15457,20.0,8,12,4,0.0
15458,16.0,7,13,3,0.0
15459,44.0,11,9,1,0.0
15460,44.0,11,9,1,0.0
15461,36.0,12,8,8,0.0
15462,44.0,11,9,1,0.0
15463,50.0,13,7,4,0.0
15464,54.0,14,6,5,0.0
15465,32.0,11,9,7,0.0
15466,62.0,14,6,1,0.0
15467,36.0,10,10,2,0.0
15468,60.0,15,5,5,0.0
15469,56.0,14,6,4,0.0
15470,44.0,12,8,4,0.0
15471,26.0,9,11,4,0.0
15472,32.0,10,10,4,0.0
15473,46.0,12,8,3,0.0
15474,42.0,12,8,5,0.0
15475,36.0,10,10,2,0.0
15476,26.0,8,12,1,0.0
15477,38.0,11,9,4,0.0
15478,50.0,13,7,4,0.0
15479,46.0,12,8,3,0.0
15480,50.0,13,7,4,0.0
15481,40.0,10,10,0,0.0
15482,32.0,11,9,7,0.0
15483,52.0,13,7,3,0.0
15484,42.0,11,9,2,0.0
15485,44.0,12,8,4,0.0
15486,22.0,8,12,3,0.0
15487,56.0,14,6,4,0.0
15488,32.0,10,10,4,223496732672.0
15489,42.0,12,8,5,0.0
15490,48.0,12,8,2,0.0
15491,54.0,14,6,5,0.0
15492,48.0,12,8,2,0.0
15493,34.0,10,10,3,0.0
15494,52.0,13,7,3,0.0
15495,46.0,11,9,0,0.0
15496,44.0,11,9,1,0.0
15497,52.0,12,8,0,0.0
15498,42.0,12,8,5,0.0
15499,56.0,13,7,1,0.0
15500,24.0,9,11,5,0.0
15501,60.0,14,6,2,0.0
15502,28.0,10,10,6,0.0
15503,46.0,12,8,3,0.0
15504,32.0,10,10,4,0.0
15505,18.0,7,13,2,0.0
15506,30.0,10,10,5,0.0
15507,62.0,14,6,1,0.0
15508,58.0,13,7,0,0.0
15509,36.0,10,10,2,0.0
15510,54.0,14,6,5,0.0
15511,40.0,11,9,3,0.0
15512,46.0,11,9,0,0.0
15513,44.0,11,9,1,0.0
15514,38.0,11,9,4,0.0
15515,56.0,14,6,4,0.0
15516,54.0,13,7,2,0.0
15517,42.0,11,9,2,0.0
15518,32.0,10,10,4,0.0
15519,38.0,11,9,4,0.0
15520,48.0,12,8,2,2165309952.0
15521,58.0,14,6,3,0.0
15522,52.0,12,8,0,0.0
15523,34.0,10,10,3,0.0
15524,30.0,10,10,5,0.0
15525,6.0,5,15,2,0.0
15526,62.0,14,6,1,0.0
15527,54.0,13,7,2,0.0
15528,42.0,12,8,5,0.0
15529,10.0,6,14,3,0.0
15530,54.0,13,7,2,0.0
15531,50.0,13,7,4,0.0
15532,30.0,10,10,5,0.0
15533,54.0,13,7,2,0.0
15534,42.0,11,9,2,0.0
15535,50.0,12,8,1,0.0
15536,56.0,14,6,4,0.0
15537,44.0,11,9,1,0.0
15538,38.0,11,9,4,0.0
15539,26.0,9,11,4,0.0
15540,36.0,10,10,2,0.0
15541,48.0,12,8,2,0.0
15542,46.0,12,8,3,0.0
15543,48.0,12,8,2,0.0
15544,30.0,9,11,2,0.0
15545,38.0,11,9,4,0.0
15546,36.0,10,10,2,0.0
15547,52.0,13,7,3,0.0
15548,42.0,11,9,2,0.0
15549,44.0,12,8,4,0.0
15550,44.0,12,8,4,0.0
15551,38.0,10,10,1,0.0
15552,52.0,13,7,3,2782749523968.0
15553,62.0,15,5,4,0.0
15554,40.0,10,10,0,0.0
15555,44.0,11,9,1,0.0
15556,32.0,9,11,1,0.0
15557,44.0,11,9,1,0.0
15558,44.0,12,8,4,0.0
15559,34.0,10,10,3,0.0
15560,42.0,12,8,5,0.0
15561,38.0,11,9,4,0.0
15562,40.0,12,8,6,0.0
15563,54.0,13,7,2,0.0
15564,58.0,14,6,3,0.0
15565,44.0,11,9,1,0.0
15566,60.0,14,6,2,0.0
15567,32.0,10,10,4,0.0
15568,48.0,13,7,5,0.0
15569,44.0,12,8,4,0.0
15570,60.0,15,5,5,0.0
15571,44.0,11,9,1,0.0
15572,22.0,8,12,3,0.0
15573,30.0,9,11,2,0.0
15574,70.0,15,5,0,0.0
15575,44.0,12,8,4,0.0
15576,42.0,12,8,5,0.0
15577,34.0,10,10,3,0.0
15578,76.0,17,3,3,0.0
15579,32.0,9,11,1,0.0
15580,48.0,12,8,2,0.0
15581,40.0,11,9,3,0.0
15582,46.0,12,8,3,0.0
15583,36.0,10,10,2,0.0
15584,56.0,13,7,1,2026993483776.0
15585,34.0,11,9,6,0.0
15586,32.0,10,10,4,0.0
15587,24.0,8,12,2,0.0
15588,30.0,9,11,2,0.0
15589,60.0,14,6,2,0.0
15590,56.0,13,7,1,0.0
15591,52.0,13,7,3,0.0
15592,46.0,11,9,0,0.0
15593,54.0,13,7,2,0.0
15594,66.0,15,5,2,0.0
15595,12.0,7,13,5,0.0
15596,74.0,16,4,1,0.0
15597,44.0,11,9,1,0.0
15598,26.0,9,11,4,0.0
15599,24.0,8,12,2,0.0
15600,46.0,12,8,3,0.0
15601,32.0,10,10,4,0.0
15602,60.0,14,6,2,0.0
15603,36.0,10,10,2,0.0
15604,26.0,9,11,4,0.0
15605,40.0,11,9,3,0.0
15606,50.0,12,8,1,0.0
15607,36.0,10,10,2,0.0
15608,58.0,14,6,3,0.0
15609,44.0,12,8,4,0.0
15610,58.0,13,7,0,0.0
15611,46.0,12,8,3,0.0
15612,48.0,12,8,2,0.0
15613,32.0,9,11,1,0.0
15614,44.0,11,9,1,0.0
15615,60.0,14,6,2,0.0
15616,42.0,11,9,2,18007968.0
15617,60.0,14,6,2,0.0
15618,52.0,13,7,3,0.0
15619,26.0,9,11,4,0.0
15620,34.0,11,9,6,0.0
15621,48.0,12,8,2,0.0
15622,26.0,9,11,4,0.0
15623,16.0,8,12,6,0.0
15624,34.0,9,11,0,0.0
15625,36.0,10,10,2,0.0
15626,44.0,11,9,1,0.0
15627,68.0,15,5,1,0.0
15628,48.0,12,8,2,0.0
15629,26.0,9,11,4,0.0
15630,36.0,11,9,5,0.0
15631,40.0,11,9,3,0.0
15632,36.0,11,9,5,0.0
15633,36.0,11,9,5,0.0
15634,48.0,13,7,5,0.0
15635,54.0,13,7,2,0.0
15636,42.0,12,8,5,0.0
15637,74.0,16,4,1,0.0
15638,30.0,9,11,2,0.0
15639,50.0,12,8,1,0.0
15640,48.0,12,8,2,0.0
15641,44.0,11,9,1,0.0
15642,48.0,12,8,2,0.0
15643,38.0,11,9,4,0.0
15644,40.0,11,9,3,0.0
15645,48.0,12,8,2,0.0
15646,52.0,13,7,3,0.0
15647,62.0,14,6,1,0.0
15648,40.0,12,8,6,2713220284416.0
15649,38.0,11,9,4,0.0
15650,62.0,14,6,1,0.0
15651,36.0,10,10,2,0.0
15652,50.0,13,7,4,0.0
15653,58.0,13,7,0,0.0
15654,54.0,13,7,2,0.0
15655,34.0,9,11,0,0.0
15656,38.0,11,9,4,0.0
15657,38.0,10,10,1,0.0
15658,32.0,10,10,4,0.0
15659,26.0,9,11,4,0.0
15660,58.0,14,6,3,0.0
15661,62.0,15,5,4,0.0
15662,38.0,10,10,1,0.0
15663,36.0,10,10,2,0.0
15664,70.0,16,4,3,0.0
15665,58.0,14,6,3,0.0
15666,40.0,11,9,3,0.0
15667,48.0,12,8,2,0.0
15668,70.0,16,4,3,0.0
15669,48.0,12,8,2,0.0
15670,68.0,15,5,1,0.0
15671,46.0,12,8,3,0.0
15672,32.0,11,9,7,0.0
15673,32.0,9,11,1,0.0
15674,22.0,7,13,0,0.0
15675,30.0,9,11,2,0.0
15676,34.0,10,10,3,0.0
15677,46.0,12,8,3,0.0
15678,36.0,11,9,5,0.0
15679,20.0,7,13,1,0.0
15680,24.0,8,12,2,340300234752.0
15681,20.0,8,12,4,0.0
15682,30.0,11,9,8,0.0
15683,30.0,9,11,2,0.0
15684,36.0,11,9,5,0.0
15685,50.0,12,8,1,0.0
15686,30.0,9,11,2,0.0
15687,50.0,12,8,1,0.0
15688,22.0,7,13,0,0.0
15689,42.0,11,9,2,0.0
15690,40.0,11,9,3,0.0
15691,64.0,14,6,0,0.0
15692,60.0,14,6,2,0.0
15693,36.0,10,10,2,0.0
15694,40.0,11,9,3,0.0
15695,36.0,10,10,2,0.0
15696,12.0,6,14,2,0.0
15697,52.0,13,7,3,0.0
15698,46.0,11,9,0,0.0
15699,32.0,10,10,4,0.0
15700,44.0,11,9,1,0.0
15701,56.0,13,7,1,0.0
15702,60.0,14,6,2,0.0
15703,26.0,9,11,4,0.0
15704,36.0,10,10,2,0.0
15705,32.0,10,10,4,0.0
15706,44.0,11,9,1,0.0
15707,48.0,12,8,2,0.0
15708,76.0,17,3,3,0.0
15709,30.0,9,11,2,0.0
15710,46.0,11,9,0,0.0
15711,48.0,12,8,2,0.0
15712,38.0,10,10,1,8304326606848.0
15713,36.0,11,9,5,0.0
15714,36.0,11,9,5,0.0
15715,52.0,13,7,3,0.0
15716,30.0,10,10,5,0.0
15717,56.0,14,6,4,0.0
15718,38.0,10,10,1,0.0
15719,50.0,13,7,4,0.0
15720,52.0,13,7,3,0.0
15721,36.0,10,10,2,0.0
15722,58.0,14,6,3,0.0
15723,18.0,9,11,8,0.0
15724,26.0,8,12,1,0.0
15725,36.0,11,9,5,0.0
15726,48.0,12,8,2,0.0
15727,62.0,14,6,1,0.0
15728,28.0,9,11,3,0.0
15729,20.0,8,12,4,0.0
15730,42.0,11,9,2,0.0
15731,34.0,11,9,6,0.0
15732,56.0,14,6,4,0.0
15733,26.0,9,11,4,0.0
15734,46.0,12,8,3,0.0
15735,58.0,14,6,3,0.0
15736,54.0,13,7,2,0.0
15737,54.0,13,7,2,0.0
15738,34.0,10,10,3,0.0
15739,32.0,9,11,1,0.0
15740,34.0,10,10,3,0.0
15741,74.0,16,4,1,0.0
15742,40.0,11,9,3,0.0
15743,38.0,11,9,4,0.0
15744,44.0,12,8,4,381883777024.0
15745,50.0,13,7,4,0.0
15746,60.0,14,6,2,0.0
15747,62.0,14,6,1,0.0
15748,56.0,14,6,4,0.0
15749,64.0,16,4,6,0.0
15750,30.0,10,10,5,0.0
15751,42.0,11,9,2,0.0
15752,48.0,13,7,5,0.0
15753,40.0,12,8,6,0.0
15754,34.0,11,9,6,0.0
15755,52.0,13,7,3,0.0
15756,42.0,11,9,2,0.0
15757,52.0,13,7,3,0.0
15758,42.0,11,9,2,0.0
15759,48.0,12,8,2,0.0
15760,46.0,12,8,3,0.0
15761,32.0,9,11,1,0.0
15762,56.0,13,7,1,0.0
15763,50.0,12,8,1,0.0
15764,64.0,15,5,3,0.0
15765,66.0,15,5,2,0.0
15766,50.0,14,6,7,0.0
15767,34.0,10,10,3,0.0
15768,38.0,11,9,4,0.0
15769,16.0,8,12,6,0.0
15770,34.0,9,11,0,0.0
15771,64.0,15,5,3,0.0
15772,44.0,12,8,4,0.0
15773,58.0,14,6,3,0.0
15774,56.0,13,7,1,0.0
15775,44.0,12,8,4,0.0
15776,56.0,14,6,4,669167872.0
15777,40.0,11,9,3,0.0
15778,54.0,13,7,2,0.0
15779,34.0,10,10,3,0.0
15780,64.0,14,6,0,0.0
15781,38.0,11,9,4,0.0
15782,24.0,8,12,2,0.0
15783,34.0,10,10,3,0.0
15784,40.0,11,9,3,0.0
15785,56.0,14,6,4,0.0
15786,52.0,12,8,0,0.0
15787,40.0,11,9,3,0.0
15788,42.0,11,9,2,0.0
15789,68.0,15,5,1,0.0
15790,58.0,14,6,3,0.0
15791,50.0,12,8,1,0.0
15792,68.0,15,5,1,0.0
15793,34.0,10,10,3,0.0
15794,20.0,7,13,1,0.0
15795,40.0,11,9,3,0.0
15796,52.0,13,7,3,0.0
15797,52.0,13,7,3,0.0
15798,36.0,11,9,5,0.0
15799,70.0,15,5,0,0.0
15800,30.0,9,11,2,0.0
15801,70.0,15,5,0,0.0
15802,24.0,8,12,2,0.0
15803,58.0,14,6,3,0.0
15804,66.0,15,5,2,0.0
15805,44.0,13,7,7,0.0
15806,36.0,10,10,2,0.0
15807,18.0,8,12,5,0.0
15808,58.0,14,6,3,2338108928.0
15809,52.0,13,7,3,0.0
15810,56.0,13,7,1,0.0
15811,48.0,12,8,2,0.0
15812,44.0,11,9,1,0.0
15813,60.0,14,6,2,0.0
15814,26.0,9,11,4,0.0
15815,28.0,9,11,3,0.0
15816,62.0,14,6,1,0.0
15817,20.0,8,12,4,0.0
15818,30.0,9,11,2,0.0
15819,60.0,15,5,5,0.0
15820,64.0,15,5,3,0.0
15821,54.0,13,7,2,0.0
15822,34.0,10,10,3,0.0
15823,40.0,11,9,3,0.0
15824,80.0,18,2,4,0.0
15825,54.0,13,7,2,0.0
15826,48.0,12,8,2,0.0
15827,68.0,15,5,1,0.0
15828,32.0,9,11,1,0.0
15829,46.0,12,8,3,0.0
15830,56.0,13,7,1,0.0
15831,36.0,10,10,2,0.0
15832,32.0,10,10,4,0.0
15833,70.0,16,4,3,0.0
15834,38.0,10,10,1,0.0
15835,16.0,7,13,3,0.0
15836,50.0,13,7,4,0.0
15837,48.0,12,8,2,0.0
15838,46.0,12,8,3,0.0
15839,54.0,13,7,2,0.0
15840,38.0,10,10,1,676599217258496.0
15841,38.0,11,9,4,0.0
15842,36.0,10,10,2,0.0
15843,62.0,16,4,7,0.0
15844,42.0,12,8,5,0.0
15845,38.0,10,10,1,0.0
15846,30.0,9,11,2,0.0
15847,60.0,14,6,2,0.0
15848,32.0,10,10,4,0.0
15849,50.0,13,7,4,0.0
15850,62.0,14,6,1,0.0
15851,64.0,15,5,3,0.0
15852,46.0,12,8,3,0.0
15853,42.0,12,8,5,0.0
15854,52.0,14,6,6,0.0
15855,46.0,12,8,3,0.0
15856,54.0,13,7,2,0.0
15857,74.0,16,4,1,0.0
15858,36.0,10,10,2,0.0
15859,28.0,8,12,0,0.0
15860,56.0,14,6,4,0.0
15861,58.0,13,7,0,0.0
15862,60.0,15,5,5,0.0
15863,44.0,11,9,1,0.0
15864,30.0,10,10,5,0.0
15865,42.0,12,8,5,0.0
15866,60.0,14,6,2,0.0
15867,16.0,7,13,3,0.0
15868,36.0,10,10,2,0.0
15869,24.0,9,11,5,0.0
15870,50.0,13,7,4,0.0
15871,70.0,16,4,3,0.0
15872,62.0,14,6,1,25629530112.0
15873,50.0,12,8,1,0.0
15874,66.0,16,4,5,0.0
15875,50.0,12,8,1,0.0
15876,36.0,10,10,2,0.0
15877,36.0,10,10,2,0.0
15878,48.0,12,8,2,0.0
15879,56.0,14,6,4,0.0
15880,44.0,11,9,1,0.0
15881,74.0,16,4,1,0.0
15882,48.0,13,7,5,0.0
15883,44.0,11,9,1,0.0
15884,32.0,10,10,4,0.0
15885,38.0,11,9,4,0.0
15886,38.0,10,10,1,0.0
15887,38.0,11,9,4,0.0
15888,52.0,13,7,3,0.0
15889,36.0,10,10,2,0.0
15890,48.0,12,8,2,0.0
15891,64.0,15,5,3,0.0
15892,54.0,13,7,2,0.0
15893,84.0,18,2,2,0.0
15894,62.0,14,6,1,0.0
15895,40.0,11,9,3,0.0
15896,28.0,9,11,3,0.0
15897,38.0,10,10,1,0.0
15898,32.0,10,10,4,0.0
15899,54.0,13,7,2,0.0
15900,58.0,14,6,3,0.0
15901,42.0,11,9,2,0.0
15902,32.0,9,11,1,0.0
15903,48.0,13,7,5,0.0
15904,64.0,15,5,3,5865139.0
15905,54.0,14,6,5,0.0
15906,36.0,10,10,2,0.0
15907,40.0,11,9,3,0.0
15908,56.0,13,7,1,0.0
15909,50.0,12,8,1,0.0
15910,34.0,10,10,3,0.0
15911,52.0,13,7,3,0.0
15912,28.0,9,11,3,0.0
15913,44.0,12,8,4,0.0
15914,42.0,11,9,2,0.0
15915,44.0,11,9,1,0.0
15916,40.0,11,9,3,0.0
15917,38.0,12,8,7,0.0
15918,54.0,13,7,2,0.0
15919,72.0,16,4,2,0.0
15920,54.0,13,7,2,0.0
15921,62.0,15,5,4,0.0
15922,36.0,11,9,5,0.0
15923,10.0,6,14,3,0.0
15924,60.0,14,6,2,0.0
15925,64.0,15,5,3,0.0
15926,62.0,15,5,4,0.0
15927,56.0,13,7,1,0.0
15928,52.0,13,7,3,0.0
15929,58.0,14,6,3,0.0
15930,42.0,11,9,2,0.0
15931,40.0,12,8,6,0.0
15932,80.0,17,3,1,0.0
15933,46.0,11,9,0,0.0
15934,42.0,12,8,5,0.0
15935,34.0,10,10,3,0.0
15936,36.0,11,9,5,55105976.0
15937,26.0,9,11,4,0.0
15938,38.0,10,10,1,0.0
15939,48.0,12,8,2,0.0
15940,28.0,9,11,3,0.0
15941,48.0,12,8,2,0.0
15942,66.0,16,4,5,0.0
15943,46.0,12,8,3,0.0
15944,38.0,10,10,1,0.0
15945,26.0,9,11,4,0.0
15946,40.0,11,9,3,0.0
15947,38.0,10,10,1,0.0
15948,32.0,10,10,4,0.0
15949,36.0,10,10,2,0.0
15950,30.0,10,10,5,0.0
15951,50.0,12,8,1,0.0
15952,50.0,12,8,1,0.0
15953,34.0,10,10,3,0.0
15954,40.0,10,10,0,0.0
15955,40.0,11,9,3,0.0
15956,62.0,15,5,4,0.0
15957,34.0,10,10,3,0.0
15958,20.0,8,12,4,0.0
15959,52.0,13,7,3,0.0
15960,34.0,10,10,3,0.0
15961,52.0,13,7,3,0.0
15962,34.0,9,11,0,0.0
15963,46.0,12,8,3,0.0
15964,40.0,11,9,3,0.0
15965,40.0,10,10,0,0.0
15966,30.0,10,10,5,0.0
15967,38.0,11,9,4,0.0
15968,34.0,10,10,3,2639769600.0
15969,48.0,12,8,2,0.0
15970,58.0,13,7,0,0.0
15971,28.0,9,11,3,0.0
15972,28.0,9,11,3,0.0
15973,40.0,11,9,3,0.0
15974,14.0,7,13,4,0.0
15975,58.0,14,6,3,0.0
15976,40.0,11,9,3,0.0
15977,58.0,15,5,6,0.0
15978,30.0,10,10,5,0.0
15979,46.0,11,9,0,0.0
15980,50.0,12,8,1,0.0
15981,54.0,13,7,2,0.0
15982,20.0,8,12,4,0.0
15983,40.0,11,9,3,0.0
15984,28.0,9,11,3,0.0
15985,18.0,7,13,2,0.0
15986,30.0,9,11,2,0.0
15987,46.0,12,8,3,0.0
15988,40.0,12,8,6,0.0
15989,56.0,14,6,4,0.0
15990,48.0,12,8,2,0.0
15991,32.0,10,10,4,0.0
15992,46.0,12,8,3,0.0
15993,30.0,10,10,5,0.0
15994,34.0,10,10,3,0.0
15995,54.0,13,7,2,0.0
15996,46.0,11,9,0,0.0
15997,34.0,10,10,3,0.0
15998,56.0,13,7,1,0.0
15999,52.0,13,7,3,0.0
16000,50.0,12,8,1,4955946496.0
16001,58.0,14,6,3,0.0
16002,42.0,11,9,2,0.0
16003,42.0,11,9,2,0.0
16004,54.0,13,7,2,0.0
16005,66.0,15,5,2,0.0
16006,46.0,12,8,3,0.0
16007,40.0,11,9,3,0.0
16008,48.0,13,7,5,0.0
16009,38.0,11,9,4,0.0
16010,34.0,10,10,3,0.0
16011,84.0,18,2,2,0.0
16012,38.0,11,9,4,0.0
16013,40.0,11,9,3,0.0
16014,48.0,13,7,5,0.0
16015,58.0,14,6,3,0.0
16016,38.0,10,10,1,0.0
16017,54.0,13,7,2,0.0
16018,22.0,8,12,3,0.0
16019,70.0,16,4,3,0.0
16020,30.0,9,11,2,0.0
16021,54.0,14,6,5,0.0
16022,66.0,15,5,2,0.0
16023,18.0,8,12,5,0.0
16024,52.0,13,7,3,0.0
16025,52.0,13,7,3,0.0
16026,18.0,8,12,5,0.0
16027,54.0,14,6,5,0.0
16028,28.0,10,10,6,0.0
16029,18.0,7,13,2,0.0
16030,46.0,12,8,3,0.0
16031,52.0,13,7,3,0.0
16032,40.0,12,8,6,1513523121225728.0
16033,42.0,12,8,5,0.0
16034,22.0,8,12,3,0.0
16035,68.0,16,4,4,0.0
16036,34.0,9,11,0,0.0
16037,40.0,11,9,3,0.0
16038,20.0,8,12,4,0.0
16039,22.0,7,13,0,0.0
16040,54.0,14,6,5,0.0
16041,30.0,9,11,2,0.0
16042,52.0,13,7,3,0.0
16043,44.0,12,8,4,0.0
16044,38.0,11,9,4,0.0
16045,48.0,12,8,2,0.0
16046,58.0,14,6,3,0.0
16047,52.0,12,8,0,0.0
16048,36.0,11,9,5,0.0
16049,34.0,11,9,6,0.0
16050,30.0,9,11,2,0.0
16051,32.0,10,10,4,0.0
16052,62.0,15,5,4,0.0
16053,52.0,13,7,3,0.0
16054,24.0,8,12,2,0.0
16055,24.0,8,12,2,0.0
16056,42.0,12,8,5,0.0
16057,50.0,13,7,4,0.0
16058,58.0,14,6,3,0.0
16059,66.0,15,5,2,0.0
16060,38.0,10,10,1,0.0
16061,46.0,12,8,3,0.0
16062,48.0,12,8,2,0.0
16063,54.0,13,7,2,0.0
16064,58.0,15,5,6,411090176.0
16065,40.0,11,9,3,0.0
16066,46.0,13,7,6,0.0
16067,32.0,10,10,4,0.0
16068,38.0,10,10,1,0.0
16069,34.0,10,10,3,0.0
16070,38.0,11,9,4,0.0
16071,48.0,13,7,5,0.0
16072,34.0,10,10,3,0.0
16073,38.0,11,9,4,0.0
16074,32.0,10,10,4,0.0
16075,46.0,12,8,3,0.0
16076,42.0,12,8,5,0.0
16077,34.0,10,10,3,0.0
16078,50.0,12,8,1,0.0
16079,32.0,10,10,4,0.0
16080,18.0,8,12,5,0.0
16081,44.0,11,9,1,0.0
16082,36.0,10,10,2,0.0
16083,28.0,9,11,3,0.0
16084,40.0,12,8,6,0.0
16085,62.0,14,6,1,0.0
16086,28.0,9,11,3,0.0
16087,36.0,11,9,5,0.0
16088,48.0,13,7,5,0.0
16089,86.0,18,2,1,0.0
16090,44.0,12,8,4,0.0
16091,34.0,10,10,3,0.0
16092,22.0,8,12,3,0.0
16093,54.0,14,6,5,0.0
16094,28.0,9,11,3,0.0
16095,56.0,13,7,1,0.0
16096,38.0,10,10,1,26033291264.0
16097,54.0,13,7,2,0.0
16098,4.0,5,15,3,0.0
16099,56.0,14,6,4,0.0
16100,44.0,12,8,4,0.0
16101,58.0,14,6,3,0.0
16102,52.0,13,7,3,0.0
16103,26.0,10,10,7,0.0
16104,66.0,15,5,2,0.0
16105,42.0,11,9,2,0.0
16106,50.0,13,7,4,0.0
16107,30.0,10,10,5,0.0
16108,60.0,15,5,5,0.0
16109,56.0,14,6,4,0.0
16110,36.0,10,10,2,0.0
16111,36.0,11,9,5,0.0
16112,52.0,12,8,0,0.0
16113,42.0,11,9,2,0.0
16114,62.0,14,6,1,0.0
16115,14.0,6,14,1,0.0
16116,26.0,9,11,4,0.0
16117,42.0,11,9,2,0.0
16118,46.0,14,6,9,0.0
16119,26.0,9,11,4,0.0
16120,10.0,6,14,3,0.0
16121,8.0,6,14,4,0.0
16122,36.0,10,10,2,0.0
16123,30.0,9,11,2,0.0
16124,30.0,9,11,2,0.0
16125,20.0,8,12,4,0.0
16126,74.0,16,4,1,0.0
16127,40.0,10,10,0,0.0
16128,58.0,13,7,0,7682588672.0
16129,64.0,15,5,3,0.0
16130,56.0,13,7,1,0.0
16131,34.0,10,10,3,0.0
16132,40.0,12,8,6,0.0
16133,46.0,12,8,3,0.0
16134,30.0,9,11,2,0.0
16135,66.0,15,5,2,0.0
16136,40.0,12,8,6,0.0
16137,24.0,8,12,2,0.0
16138,42.0,12,8,5,0.0
16139,44.0,13,7,7,0.0
16140,22.0,8,12,3,0.0
16141,38.0,11,9,4,0.0
16142,30.0,10,10,5,0.0
16143,24.0,8,12,2,0.0
16144,44.0,12,8,4,0.0
16145,28.0,9,11,3,0.0
16146,58.0,14,6,3,0.0
16147,28.0,10,10,6,0.0
16148,42.0,11,9,2,0.0
16149,60.0,15,5,5,0.0
16150,28.0,9,11,3,0.0
16151,46.0,12,8,3,0.0
16152,38.0,11,9,4,0.0
16153,38.0,12,8,7,0.0
16154,38.0,11,9,4,0.0
16155,56.0,15,5,7,0.0
16156,24.0,9,11,5,0.0
16157,32.0,9,11,1,0.0
16158,22.0,8,12,3,0.0
16159,42.0,13,7,8,0.0
16160,30.0,10,10,5,14937517.833333334
16161,46.0,12,8,3,0.0
16162,52.0,13,7,3,0.0
16163,48.0,13,7,5,0.0
16164,40.0,11,9,3,0.0
16165,40.0,11,9,3,0.0
16166,50.0,12,8,1,0.0
16167,44.0,12,8,4,0.0
16168,32.0,10,10,4,0.0
16169,74.0,17,3,4,0.0
16170,54.0,14,6,5,0.0
16171,26.0,8,12,1,0.0
16172,16.0,8,12,6,0.0
16173,42.0,13,7,8,0.0
16174,60.0,15,5,5,0.0
16175,40.0,11,9,3,0.0
16176,28.0,9,11,3,0.0
16177,34.0,10,10,3,0.0
16178,56.0,14,6,4,0.0
16179,60.0,14,6,2,0.0
16180,48.0,12,8,2,0.0
16181,32.0,10,10,4,0.0
16182,30.0,9,11,2,0.0
16183,52.0,13,7,3,0.0
16184,24.0,9,11,5,0.0
16185,46.0,12,8,3,0.0
16186,42.0,11,9,2,0.0
16187,48.0,12,8,2,0.0
16188,38.0,10,10,1,0.0
16189,66.0,15,5,2,0.0
16190,42.0,11,9,2,0.0
16191,24.0,9,11,5,0.0
16192,56.0,14,6,4,428558483456.0
16193,42.0,11,9,2,0.0
16194,68.0,15,5,1,0.0
16195,32.0,9,11,1,0.0
16196,40.0,10,10,0,0.0
16197,40.0,11,9,3,0.0
16198,44.0,11,9,1,0.0
16199,24.0,9,11,5,0.0
16200,34.0,11,9,6,0.0
16201,30.0,10,10,5,0.0
16202,22.0,9,11,6,0.0
16203,20.0,8,12,4,0.0
16204,44.0,11,9,1,0.0
16205,22.0,8,12,3,0.0
16206,58.0,14,6,3,0.0
16207,26.0,9,11,4,0.0
16208,70.0,15,5,0,0.0
16209,48.0,12,8,2,0.0
16210,52.0,13,7,3,0.0
16211,46.0,12,8,3,0.0
16212,44.0,12,8,4,0.0
16213,50.0,13,7,4,0.0
16214,46.0,12,8,3,0.0
16215,20.0,8,12,4,0.0
16216,38.0,10,10,1,0.0
16217,54.0,13,7,2,0.0
16218,48.0,12,8,2,0.0
16219,74.0,16,4,1,0.0
16220,58.0,13,7,0,0.0
16221,54.0,14,6,5,0.0
16222,52.0,13,7,3,0.0
16223,26.0,10,10,7,0.0
16224,30.0,9,11,2,15170557952.0
16225,54.0,13,7,2,0.0
16226,44.0,12,8,4,0.0
16227,52.0,13,7,3,0.0
16228,66.0,15,5,2,0.0
16229,44.0,11,9,1,0.0
16230,54.0,13,7,2,0.0
16231,50.0,12,8,1,0.0
16232,48.0,12,8,2,0.0
16233,46.0,11,9,0,0.0
16234,54.0,13,7,2,0.0
16235,54.0,13,7,2,0.0
16236,56.0,13,7,1,0.0
16237,32.0,10,10,4,0.0
16238,50.0,13,7,4,0.0
16239,38.0,11,9,4,0.0
16240,28.0,9,11,3,0.0
16241,58.0,14,6,3,0.0
16242,58.0,14,6,3,0.0
16243,66.0,15,5,2,0.0
16244,24.0,9,11,5,0.0
16245,50.0,12,8,1,0.0
16246,56.0,13,7,1,0.0
16247,32.0,10,10,4,0.0
16248,36.0,10,10,2,0.0
16249,50.0,12,8,1,0.0
16250,44.0,12,8,4,0.0
16251,40.0,11,9,3,0.0
16252,30.0,9,11,2,0.0
16253,76.0,16,4,0,0.0
16254,42.0,12,8,5,0.0
16255,62.0,15,5,4,0.0
16256,56.0,13,7,1,14079199543296.0
16257,42.0,11,9,2,0.0
16258,50.0,14,6,7,0.0
16259,22.0,8,12,3,0.0
16260,54.0,13,7,2,0.0
16261,36.0,10,10,2,0.0
16262,34.0,10,10,3,0.0
16263,30.0,10,10,5,0.0
16264,24.0,8,12,2,0.0
16265,32.0,10,10,4,0.0
16266,60.0,14,6,2,0.0
16267,36.0,11,9,5,0.0
16268,40.0,11,9,3,0.0
16269,34.0,11,9,6,0.0
16270,52.0,13,7,3,0.0
16271,50.0,13,7,4,0.0
16272,62.0,14,6,1,0.0
16273,60.0,14,6,2,0.0
16274,46.0,12,8,3,0.0
16275,46.0,11,9,0,0.0
16276,74.0,16,4,1,0.0
16277,30.0,9,11,2,0.0
16278,54.0,13,7,2,0.0
16279,50.0,12,8,1,0.0
16280,44.0,11,9,1,0.0
16281,54.0,13,7,2,0.0
16282,44.0,12,8,4,0.0
16283,34.0,11,9,6,0.0
16284,38.0,11,9,4,0.0
16285,18.0,8,12,5,0.0
16286,26.0,9,11,4,0.0
16287,56.0,14,6,4,0.0
16288,28.0,9,11,3,5652037120.0
16289,50.0,13,7,4,0.0
16290,58.0,14,6,3,0.0
16291,22.0,9,11,6,0.0
16292,44.0,11,9,1,0.0
16293,34.0,10,10,3,0.0
16294,54.0,13,7,2,0.0
16295,22.0,8,12,3,0.0
16296,48.0,12,8,2,0.0
16297,64.0,14,6,0,0.0
16298,36.0,10,10,2,0.0
16299,36.0,10,10,2,0.0
16300,50.0,13,7,4,0.0
16301,54.0,13,7,2,0.0
16302,48.0,12,8,2,0.0
16303,40.0,11,9,3,0.0
16304,36.0,10,10,2,0.0
16305,50.0,13,7,4,0.0
16306,66.0,16,4,5,0.0
16307,50.0,12,8,1,0.0
16308,46.0,11,9,0,0.0
16309,50.0,12,8,1,0.0
16310,22.0,9,11,6,0.0
16311,36.0,10,10,2,0.0
16312,12.0,6,14,2,0.0
16313,30.0,9,11,2,0.0
16314,40.0,10,10,0,0.0
16315,56.0,13,7,1,0.0
16316,16.0,7,13,3,0.0
16317,40.0,11,9,3,0.0
16318,32.0,9,11,1,0.0
16319,20.0,9,11,7,0.0
16320,28.0,9,11,3,1168828544.0
16321,32.0,10,10,4,0.0
16322,54.0,13,7,2,0.0
16323,40.0,10,10,0,0.0
16324,46.0,12,8,3,0.0
16325,60.0,14,6,2,0.0
16326,24.0,8,12,2,0.0
16327,30.0,9,11,2,0.0
16328,46.0,12,8,3,0.0
16329,64.0,14,6,0,0.0
16330,20.0,9,11,7,0.0
16331,10.0,6,14,3,0.0
16332,72.0,17,3,5,0.0
16333,44.0,12,8,4,0.0
16334,34.0,10,10,3,0.0
16335,48.0,12,8,2,0.0
16336,56.0,13,7,1,0.0
16337,52.0,13,7,3,0.0
16338,42.0,11,9,2,0.0
16339,34.0,10,10,3,0.0
16340,36.0,10,10,2,0.0
16341,48.0,12,8,2,0.0
16342,36.0,10,10,2,0.0
16343,50.0,12,8,1,0.0
16344,38.0,11,9,4,0.0
16345,58.0,14,6,3,0.0
16346,48.0,12,8,2,0.0
16347,38.0,12,8,7,0.0
16348,30.0,9,11,2,0.0
16349,30.0,9,11,2,0.0
16350,36.0,11,9,5,0.0
16351,42.0,12,8,5,0.0
16352,46.0,12,8,3,546623.8854166666
16353,44.0,11,9,1,0.0
16354,42.0,12,8,5,0.0
16355,70.0,16,4,3,0.0
16356,32.0,10,10,4,0.0
16357,30.0,10,10,5,0.0
16358,52.0,13,7,3,0.0
16359,54.0,13,7,2,0.0
16360,42.0,11,9,2,0.0
16361,32.0,10,10,4,0.0
16362,24.0,8,12,2,0.0
16363,34.0,10,10,3,0.0
16364,44.0,11,9,1,0.0
16365,40.0,11,9,3,0.0
16366,24.0,8,12,2,0.0
16367,26.0,9,11,4,0.0
16368,38.0,11,9,4,0.0
16369,52.0,13,7,3,0.0
16370,46.0,12,8,3,0.0
16371,40.0,10,10,0,0.0
16372,40.0,11,9,3,0.0
16373,36.0,10,10,2,0.0
16374,60.0,14,6,2,0.0
16375,46.0,12,8,3,0.0
16376,36.0,11,9,5,0.0
16377,54.0,13,7,2,0.0
16378,18.0,8,12,5,0.0
16379,74.0,17,3,4,0.0
16380,30.0,9,11,2,0.0
16381,8.0,6,14,4,0.0
16382,36.0,10,10,2,0.0
16383,40.0,11,9,3,0.0
16384,30.0,9,11,2,169343262392320.0
16385,42.0,11,9,2,0.0
16386,52.0,13,7,3,0.0
16387,60.0,14,6,2,0.0
16388,74.0,16,4,1,0.0
16389,60.0,14,6,2,0.0
16390,28.0,9,11,3,0.0
16391,28.0,8,12,0,0.0
16392,46.0,12,8,3,0.0
16393,38.0,10,10,1,0.0
16394,30.0,10,10,5,0.0
16395,50.0,12,8,1,0.0
16396,22.0,8,12,3,0.0
16397,52.0,13,7,3,0.0
16398,36.0,10,10,2,0.0
16399,56.0,13,7,1,0.0
16400,56.0,13,7,1,0.0
16401,68.0,15,5,1,0.0
16402,54.0,13,7,2,0.0
16403,56.0,14,6,4,0.0
16404,62.0,14,6,1,0.0
16405,50.0,13,7,4,0.0
16406,26.0,8,12,1,0.0
16407,28.0,9,11,3,0.0
16408,66.0,15,5,2,0.0
16409,40.0,11,9,3,0.0
16410,60.0,14,6,2,0.0
16411,48.0,12,8,2,0.0
16412,26.0,9,11,4,0.0
16413,26.0,10,10,7,0.0
16414,50.0,13,7,4,0.0
16415,56.0,13,7,1,0.0
16416,46.0,12,8,3,85330.17513020833
16417,44.0,12,8,4,0.0
16418,60.0,14,6,2,0.0
16419,20.0,8,12,4,0.0
16420,44.0,11,9,1,0.0
16421,38.0,10,10,1,0.0
16422,40.0,11,9,3,0.0
16423,40.0,11,9,3,0.0
16424,52.0,13,7,3,0.0
16425,46.0,12,8,3,0.0
16426,24.0,9,11,5,0.0
16427,74.0,16,4,1,0.0
16428,30.0,10,10,5,0.0
16429,46.0,12,8,3,0.0
16430,12.0,6,14,2,0.0
16431,32.0,10,10,4,0.0
16432,52.0,13,7,3,0.0
16433,46.0,12,8,3,0.0
16434,80.0,17,3,1,0.0
16435,46.0,12,8,3,0.0
16436,68.0,16,4,4,0.0
16437,50.0,12,8,1,0.0
16438,50.0,12,8,1,0.0
16439,42.0,11,9,2,0.0
16440,48.0,13,7,5,0.0
16441,60.0,14,6,2,0.0
16442,12.0,6,14,2,0.0
16443,20.0,8,12,4,0.0
16444,42.0,11,9,2,0.0
16445,54.0,14,6,5,0.0
16446,42.0,11,9,2,0.0
16447,28.0,9,11,3,0.0
16448,50.0,13,7,4,2708804.0
16449,34.0,10,10,3,0.0
16450,28.0,9,11,3,0.0
16451,56.0,13,7,1,0.0
16452,56.0,13,7,1,0.0
16453,54.0,13,7,2,0.0
16454,34.0,9,11,0,0.0
16455,24.0,9,11,5,0.0
16456,44.0,12,8,4,0.0
16457,36.0,10,10,2,0.0
16458,22.0,8,12,3,0.0
16459,52.0,13,7,3,0.0
16460,22.0,8,12,3,0.0
16461,58.0,14,6,3,0.0
16462,54.0,13,7,2,0.0
16463,32.0,9,11,1,0.0
16464,38.0,11,9,4,0.0
16465,42.0,11,9,2,0.0
16466,24.0,8,12,2,0.0
16467,26.0,9,11,4,0.0
16468,54.0,13,7,2,0.0
16469,42.0,11,9,2,0.0
16470,40.0,11,9,3,0.0
16471,46.0,12,8,3,0.0
16472,56.0,13,7,1,0.0
16473,20.0,8,12,4,0.0
16474,30.0,9,11,2,0.0
16475,50.0,13,7,4,0.0
16476,54.0,14,6,5,0.0
16477,74.0,17,3,4,0.0
16478,40.0,11,9,3,0.0
16479,28.0,9,11,3,0.0
16480,36.0,10,10,2,18984882176.0
16481,38.0,10,10,1,0.0
16482,54.0,13,7,2,0.0
16483,56.0,13,7,1,0.0
16484,52.0,13,7,3,0.0
16485,48.0,13,7,5,0.0
16486,18.0,7,13,2,0.0
16487,76.0,17,3,3,0.0
16488,48.0,13,7,5,0.0
16489,42.0,11,9,2,0.0
16490,32.0,10,10,4,0.0
16491,64.0,14,6,0,0.0
16492,60.0,14,6,2,0.0
16493,72.0,16,4,2,0.0
16494,36.0,11,9,5,0.0
16495,36.0,10,10,2,0.0
16496,32.0,10,10,4,0.0
16497,60.0,15,5,5,0.0
16498,56.0,14,6,4,0.0
16499,36.0,10,10,2,0.0
16500,54.0,13,7,2,0.0
16501,34.0,10,10,3,0.0
16502,34.0,10,10,3,0.0
16503,56.0,14,6,4,0.0
16504,36.0,11,9,5,0.0
16505,36.0,11,9,5,0.0
16506,26.0,9,11,4,0.0
16507,48.0,13,7,5,0.0
16508,56.0,13,7,1,0.0
16509,54.0,13,7,2,0.0
16510,48.0,12,8,2,0.0
16511,36.0,11,9,5,0.0
16512,46.0,12,8,3,9565813.0
16513,44.0,11,9,1,0.0
16514,44.0,12,8,4,0.0
16515,52.0,13,7,3,0.0
16516,36.0,10,10,2,0.0
16517,48.0,12,8,2,0.0
16518,76.0,16,4,0,0.0
16519,50.0,13,7,4,0.0
16520,42.0,11,9,2,0.0
16521,26.0,9,11,4,0.0
16522,58.0,14,6,3,0.0
16523,36.0,10,10,2,0.0
16524,38.0,11,9,4,0.0
16525,34.0,10,10,3,0.0
16526,62.0,15,5,4,0.0
16527,46.0,12,8,3,0.0
16528,36.0,11,9,5,0.0
16529,54.0,13,7,2,0.0
16530,40.0,11,9,3,0.0
16531,14.0,7,13,4,0.0
16532,56.0,14,6,4,0.0
16533,34.0,10,10,3,0.0
16534,34.0,11,9,6,0.0
16535,58.0,13,7,0,0.0
16536,56.0,13,7,1,0.0
16537,34.0,10,10,3,0.0
16538,58.0,13,7,0,0.0
16539,34.0,10,10,3,0.0
16540,30.0,11,9,8,0.0
16541,32.0,10,10,4,0.0
16542,18.0,8,12,5,0.0
16543,42.0,13,7,8,0.0
16544,64.0,15,5,3,160230244352.0
16545,32.0,9,11,1,0.0
16546,40.0,12,8,6,0.0
16547,58.0,14,6,3,0.0
16548,54.0,14,6,5,0.0
16549,36.0,10,10,2,0.0
16550,36.0,10,10,2,0.0
16551,60.0,14,6,2,0.0
16552,46.0,12,8,3,0.0
16553,30.0,10,10,5,0.0
16554,40.0,11,9,3,0.0
16555,26.0,8,12,1,0.0
16556,36.0,10,10,2,0.0
16557,38.0,11,9,4,0.0
16558,50.0,13,7,4,0.0
16559,52.0,13,7,3,0.0
16560,56.0,13,7,1,0.0
16561,36.0,10,10,2,0.0
16562,30.0,9,11,2,0.0
16563,34.0,10,10,3,0.0
16564,54.0,13,7,2,0.0
16565,18.0,8,12,5,0.0
16566,54.0,14,6,5,0.0
16567,40.0,12,8,6,0.0
16568,60.0,14,6,2,0.0
16569,56.0,14,6,4,0.0
16570,54.0,13,7,2,0.0
16571,22.0,8,12,3,0.0
16572,36.0,10,10,2,0.0
16573,42.0,11,9,2,0.0
16574,46.0,13,7,6,0.0
16575,42.0,11,9,2,0.0
16576,62.0,14,6,1,4868866572288.0
16577,54.0,13,7,2,0.0
16578,36.0,11,9,5,0.0
16579,46.0,11,9,0,0.0
16580,38.0,11,9,4,0.0
16581,72.0,16,4,2,0.0
16582,28.0,9,11,3,0.0
16583,54.0,13,7,2,0.0
16584,68.0,15,5,1,0.0
16585,46.0,12,8,3,0.0
16586,36.0,10,10,2,0.0
16587,48.0,13,7,5,0.0
16588,52.0,13,7,3,0.0
16589,36.0,10,10,2,0.0
16590,68.0,15,5,1,0.0
16591,66.0,15,5,2,0.0
16592,54.0,13,7,2,0.0
16593,58.0,14,6,3,0.0
16594,28.0,10,10,6,0.0
16595,40.0,11,9,3,0.0
16596,52.0,14,6,6,0.0
16597,32.0,9,11,1,0.0
16598,48.0,12,8,2,0.0
16599,54.0,14,6,5,0.0
16600,66.0,15,5,2,0.0
16601,32.0,10,10,4,0.0
16602,54.0,13,7,2,0.0
16603,64.0,14,6,0,0.0
16604,46.0,12,8,3,0.0
16605,52.0,13,7,3,0.0
16606,50.0,12,8,1,0.0
16607,66.0,15,5,2,0.0
16608,46.0,12,8,3,8727743.0
16609,18.0,7,13,2,0.0
16610,32.0,9,11,1,0.0
16611,44.0,11,9,1,0.0
16612,50.0,12,8,1,0.0
16613,58.0,13,7,0,0.0
16614,36.0,10,10,2,0.0
16615,48.0,12,8,2,0.0
16616,54.0,13,7,2,0.0
16617,30.0,10,10,5,0.0
16618,70.0,15,5,0,0.0
16619,46.0,11,9,0,0.0
16620,46.0,12,8,3,0.0
16621,36.0,10,10,2,0.0
16622,36.0,11,9,5,0.0
16623,46.0,12,8,3,0.0
16624,34.0,10,10,3,0.0
16625,38.0,10,10,1,0.0
16626,44.0,11,9,1,0.0
16627,44.0,12,8,4,0.0
16628,68.0,15,5,1,0.0
16629,48.0,12,8,2,0.0
16630,52.0,13,7,3,0.0
16631,38.0,10,10,1,0.0
16632,52.0,12,8,0,0.0
16633,46.0,13,7,6,0.0
16634,32.0,10,10,4,0.0
16635,42.0,11,9,2,0.0
16636,54.0,14,6,5,0.0
16637,52.0,13,7,3,0.0
16638,48.0,12,8,2,0.0
16639,50.0,12,8,1,0.0
16640,62.0,15,5,4,1296429.375
16641,44.0,12,8,4,0.0
16642,50.0,12,8,1,0.0
16643,26.0,8,12,1,0.0
16644,42.0,13,7,8,0.0
16645,48.0,12,8,2,0.0
16646,50.0,12,8,1,0.0
16647,38.0,10,10,1,0.0
16648,50.0,12,8,1,0.0
16649,36.0,10,10,2,0.0
16650,30.0,9,11,2,0.0
16651,54.0,14,6,5,0.0
16652,32.0,9,11,1,0.0
16653,54.0,13,7,2,0.0
16654,36.0,10,10,2,0.0
16655,48.0,12,8,2,0.0
16656,32.0,10,10,4,0.0
16657,74.0,16,4,1,0.0
16658,36.0,10,10,2,0.0
16659,54.0,14,6,5,0.0
16660,52.0,12,8,0,0.0
16661,48.0,12,8,2,0.0
16662,32.0,9,11,1,0.0
16663,50.0,12,8,1,0.0
16664,22.0,8,12,3,0.0
16665,46.0,12,8,3,0.0
16666,44.0,11,9,1,0.0
16667,34.0,11,9,6,0.0
16668,40.0,11,9,3,0.0
16669,74.0,16,4,1,0.0
16670,54.0,13,7,2,0.0
16671,62.0,15,5,4,0.0
16672,26.0,9,11,4,3189085044736.0
16673,60.0,15,5,5,0.0
16674,48.0,12,8,2,0.0
16675,42.0,11,9,2,0.0
16676,58.0,14,6,3,0.0
16677,58.0,14,6,3,0.0
16678,40.0,11,9,3,0.0
16679,42.0,11,9,2,0.0
16680,40.0,11,9,3,0.0
16681,38.0,11,9,4,0.0
16682,34.0,10,10,3,0.0
16683,46.0,11,9,0,0.0
16684,56.0,13,7,1,0.0
16685,44.0,12,8,4,0.0
16686,40.0,11,9,3,0.0
16687,80.0,18,2,4,0.0
16688,50.0,12,8,1,0.0
16689,48.0,12,8,2,0.0
16690,30.0,9,11,2,0.0
16691,42.0,11,9,2,0.0
16692,46.0,11,9,0,0.0
16693,74.0,16,4,1,0.0
16694,52.0,13,7,3,0.0
16695,26.0,9,11,4,0.0
16696,54.0,13,7,2,0.0
16697,54.0,13,7,2,0.0
16698,52.0,13,7,3,0.0
16699,66.0,15,5,2,0.0
16700,36.0,11,9,5,0.0
16701,62.0,15,5,4,0.0
16702,36.0,11,9,5,0.0
16703,38.0,11,9,4,0.0
16704,54.0,13,7,2,149427696.0
16705,58.0,14,6,3,0.0
16706,40.0,10,10,0,0.0
16707,64.0,15,5,3,0.0
16708,30.0,10,10,5,0.0
16709,44.0,12,8,4,0.0
16710,64.0,15,5,3,0.0
16711,48.0,12,8,2,0.0
16712,56.0,14,6,4,0.0
16713,20.0,8,12,4,0.0
16714,66.0,16,4,5,0.0
16715,42.0,11,9,2,0.0
16716,36.0,10,10,2,0.0
16717,38.0,11,9,4,0.0
16718,42.0,12,8,5,0.0
16719,20.0,7,13,1,0.0
16720,38.0,12,8,7,0.0
16721,18.0,8,12,5,0.0
16722,46.0,12,8,3,0.0
16723,42.0,11,9,2,0.0
16724,58.0,14,6,3,0.0
16725,56.0,13,7,1,0.0
16726,42.0,12,8,5,0.0
16727,48.0,13,7,5,0.0
16728,36.0,11,9,5,0.0
16729,36.0,10,10,2,0.0
16730,54.0,13,7,2,0.0
16731,56.0,15,5,7,0.0
16732,44.0,12,8,4,0.0
16733,54.0,13,7,2,0.0
16734,56.0,13,7,1,0.0
16735,42.0,12,8,5,0.0
16736,44.0,12,8,4,25096328.0
16737,62.0,14,6,1,0.0
16738,34.0,11,9,6,0.0
16739,34.0,10,10,3,0.0
16740,44.0,12,8,4,0.0
16741,60.0,14,6,2,0.0
16742,46.0,12,8,3,0.0
16743,60.0,15,5,5,0.0
16744,56.0,14,6,4,0.0
16745,70.0,16,4,3,0.0
16746,42.0,11,9,2,0.0
16747,24.0,9,11,5,0.0
16748,68.0,15,5,1,0.0
16749,58.0,13,7,0,0.0
16750,46.0,12,8,3,0.0
16751,42.0,11,9,2,0.0
16752,40.0,11,9,3,0.0
16753,64.0,15,5,3,0.0
16754,26.0,8,12,1,0.0
16755,36.0,11,9,5,0.0
16756,68.0,15,5,1,0.0
16757,52.0,14,6,6,0.0
16758,20.0,8,12,4,0.0
16759,46.0,12,8,3,0.0
16760,50.0,12,8,1,0.0
16761,30.0,10,10,5,0.0
16762,38.0,11,9,4,0.0
16763,56.0,14,6,4,0.0
16764,30.0,9,11,2,0.0
16765,54.0,13,7,2,0.0
16766,42.0,11,9,2,0.0
16767,42.0,12,8,5,0.0
16768,42.0,12,8,5,4081928960.0
16769,46.0,12,8,3,0.0
16770,40.0,11,9,3,0.0
16771,28.0,9,11,3,0.0
16772,30.0,10,10,5,0.0
16773,20.0,7,13,1,0.0
16774,54.0,13,7,2,0.0
16775,42.0,11,9,2,0.0
16776,6.0,5,15,2,0.0
16777,46.0,12,8,3,0.0
16778,50.0,13,7,4,0.0
16779,60.0,14,6,2,0.0
16780,28.0,9,11,3,0.0
16781,54.0,13,7,2,0.0
16782,16.0,7,13,3,0.0
16783,54.0,13,7,2,0.0
16784,64.0,15,5,3,0.0
16785,52.0,13,7,3,0.0
16786,52.0,13,7,3,0.0
16787,52.0,14,6,6,0.0
16788,62.0,15,5,4,0.0
16789,60.0,14,6,2,0.0
16790,40.0,11,9,3,0.0
16791,42.0,11,9,2,0.0
16792,58.0,14,6,3,0.0
16793,44.0,12,8,4,0.0
16794,48.0,12,8,2,0.0
16795,36.0,10,10,2,0.0
16796,28.0,9,11,3,0.0
16797,50.0,13,7,4,0.0
16798,38.0,11,9,4,0.0
16799,22.0,8,12,3,0.0
16800,42.0,11,9,2,150687904.0
16801,46.0,13,7,6,0.0
16802,62.0,15,5,4,0.0
16803,50.0,13,7,4,0.0
16804,34.0,11,9,6,0.0
16805,12.0,8,12,8,0.0
16806,54.0,14,6,5,0.0
16807,32.0,10,10,4,0.0
16808,64.0,15,5,3,0.0
16809,54.0,13,7,2,0.0
16810,44.0,12,8,4,0.0
16811,34.0,10,10,3,0.0
16812,50.0,12,8,1,0.0
16813,54.0,13,7,2,0.0
16814,32.0,10,10,4,0.0
16815,42.0,11,9,2,0.0
16816,40.0,10,10,0,0.0
16817,36.0,11,9,5,0.0
16818,34.0,10,10,3,0.0
16819,14.0,7,13,4,0.0
16820,48.0,12,8,2,0.0
16821,72.0,16,4,2,0.0
16822,30.0,10,10,5,0.0
16823,60.0,14,6,2,0.0
16824,50.0,12,8,1,0.0
16825,38.0,11,9,4,0.0
16826,42.0,12,8,5,0.0
16827,46.0,12,8,3,0.0
16828,36.0,10,10,2,0.0
16829,56.0,13,7,1,0.0
16830,64.0,15,5,3,0.0
16831,38.0,11,9,4,0.0
16832,40.0,11,9,3,2680695554048.0
16833,52.0,12,8,0,0.0
16834,52.0,13,7,3,0.0
16835,44.0,12,8,4,0.0
16836,38.0,11,9,4,0.0
16837,58.0,13,7,0,0.0
16838,58.0,13,7,0,0.0
16839,54.0,14,6,5,0.0
16840,48.0,12,8,2,0.0
16841,44.0,11,9,1,0.0
16842,38.0,10,10,1,0.0
16843,44.0,12,8,4,0.0
16844,52.0,13,7,3,0.0
16845,36.0,10,10,2,0.0
16846,14.0,7,13,4,0.0
16847,14.0,7,13,4,0.0
16848,24.0,9,11,5,0.0
16849,58.0,14,6,3,0.0
16850,48.0,12,8,2,0.0
16851,48.0,13,7,5,0.0
16852,70.0,15,5,0,0.0
16853,32.0,10,10,4,0.0
16854,26.0,9,11,4,0.0
16855,40.0,11,9,3,0.0
16856,58.0,14,6,3,0.0
16857,14.0,7,13,4,0.0
16858,60.0,15,5,5,0.0
16859,64.0,15,5,3,0.0
16860,38.0,11,9,4,0.0
16861,56.0,13,7,1,0.0
16862,50.0,12,8,1,0.0
16863,56.0,14,6,4,0.0
16864,48.0,12,8,2,647978304.0
16865,28.0,10,10,6,0.0
16866,60.0,14,6,2,0.0
16867,48.0,12,8,2,0.0
16868,56.0,13,7,1,0.0
16869,56.0,13,7,1,0.0
16870,50.0,13,7,4,0.0
16871,56.0,13,7,1,0.0
16872,42.0,11,9,2,0.0
16873,30.0,9,11,2,0.0
16874,52.0,13,7,3,0.0
16875,50.0,12,8,1,0.0
16876,46.0,12,8,3,0.0
16877,72.0,16,4,2,0.0
16878,48.0,13,7,5,0.0
16879,42.0,11,9,2,0.0
16880,36.0,10,10,2,0.0
16881,48.0,12,8,2,0.0
16882,46.0,12,8,3,0.0
16883,42.0,11,9,2,0.0
16884,56.0,13,7,1,0.0
16885,36.0,11,9,5,0.0
16886,58.0,15,5,6,0.0
16887,28.0,10,10,6,0.0
16888,42.0,11,9,2,0.0
16889,40.0,11,9,3,0.0
16890,48.0,12,8,2,0.0
16891,20.0,8,12,4,0.0
16892,40.0,11,9,3,0.0
16893,56.0,14,6,4,0.0
16894,38.0,11,9,4,0.0
16895,52.0,12,8,0,0.0
16896,50.0,12,8,1,6731455488.0
16897,32.0,10,10,4,0.0
16898,62.0,14,6,1,0.0
16899,60.0,14,6,2,0.0
16900,68.0,16,4,4,0.0
16901,46.0,12,8,3,0.0
16902,60.0,14,6,2,0.0
16903,44.0,12,8,4,0.0
16904,46.0,12,8,3,0.0
16905,44.0,11,9,1,0.0
16906,52.0,13,7,3,0.0
16907,40.0,10,10,0,0.0
16908,72.0,16,4,2,0.0
16909,70.0,16,4,3,0.0
16910,32.0,10,10,4,0.0
16911,30.0,9,11,2,0.0
16912,52.0,13,7,3,0.0
16913,70.0,16,4,3,0.0
16914,34.0,10,10,3,0.0
16915,52.0,13,7,3,0.0
16916,38.0,10,10,1,0.0
16917,56.0,13,7,1,0.0
16918,52.0,13,7,3,0.0
16919,54.0,13,7,2,0.0
16920,58.0,15,5,6,0.0
16921,40.0,11,9,3,0.0
16922,62.0,14,6,1,0.0
16923,56.0,13,7,1,0.0
16924,56.0,14,6,4,0.0
16925,54.0,13,7,2,0.0
16926,34.0,10,10,3,0.0
16927,26.0,9,11,4,0.0
16928,52.0,12,8,0,64475443200.0
16929,42.0,11,9,2,0.0
16930,72.0,16,4,2,0.0
16931,44.0,11,9,1,0.0
16932,68.0,15,5,1,0.0
16933,56.0,13,7,1,0.0
16934,46.0,12,8,3,0.0
16935,40.0,10,10,0,0.0
16936,40.0,10,10,0,0.0
16937,44.0,12,8,4,0.0
16938,40.0,12,8,6,0.0
16939,12.0,6,14,2,0.0
16940,54.0,13,7,2,0.0
16941,16.0,8,12,6,0.0
16942,28.0,10,10,6,0.0
16943,62.0,15,5,4,0.0
16944,48.0,12,8,2,0.0
16945,40.0,11,9,3,0.0
16946,34.0,10,10,3,0.0
16947,22.0,8,12,3,0.0
16948,62.0,15,5,4,0.0
16949,40.0,11,9,3,0.0
16950,62.0,14,6,1,0.0
16951,42.0,11,9,2,0.0
16952,72.0,16,4,2,0.0
16953,62.0,15,5,4,0.0
16954,50.0,12,8,1,0.0
16955,26.0,8,12,1,0.0
16956,44.0,12,8,4,0.0
16957,54.0,13,7,2,0.0
16958,46.0,12,8,3,0.0
16959,34.0,10,10,3,0.0
16960,54.0,13,7,2,1039.5253804524739
16961,42.0,11,9,2,0.0
16962,38.0,11,9,4,0.0
16963,48.0,12,8,2,0.0
16964,54.0,13,7,2,0.0
16965,48.0,12,8,2,0.0
16966,64.0,15,5,3,0.0
16967,54.0,13,7,2,0.0
16968,40.0,11,9,3,0.0
16969,22.0,8,12,3,0.0
16970,52.0,13,7,3,0.0
16971,40.0,11,9,3,0.0
16972,44.0,11,9,1,0.0
16973,42.0,11,9,2,0.0
16974,80.0,17,3,1,0.0
16975,72.0,16,4,2,0.0
16976,40.0,10,10,0,0.0
16977,46.0,12,8,3,0.0
16978,68.0,15,5,1,0.0
16979,46.0,12,8,3,0.0
16980,46.0,12,8,3,0.0
16981,32.0,11,9,7,0.0
16982,34.0,10,10,3,0.0
16983,32.0,9,11,1,0.0
16984,60.0,14,6,2,0.0
16985,44.0,11,9,1,0.0
16986,64.0,15,5,3,0.0
16987,22.0,9,11,6,0.0
16988,50.0,12,8,1,0.0
16989,20.0,8,12,4,0.0
16990,22.0,10,10,9,0.0
16991,54.0,13,7,2,0.0
16992,80.0,17,3,1,141948704.0
16993,62.0,15,5,4,0.0
16994,48.0,13,7,5,0.0
16995,14.0,7,13,4,0.0
16996,44.0,11,9,1,0.0
16997,40.0,11,9,3,0.0
16998,62.0,15,5,4,0.0
16999,52.0,12,8,0,0.0
17000,32.0,10,10,4,0.0
17001,48.0,12,8,2,0.0
17002,62.0,14,6,1,0.0
17003,30.0,10,10,5,0.0
17004,46.0,12,8,3,0.0
17005,48.0,12,8,2,0.0
17006,48.0,13,7,5,0.0
17007,46.0,13,7,6,0.0
17008,54.0,13,7,2,0.0
17009,62.0,14,6,1,0.0
17010,22.0,8,12,3,0.0
17011,70.0,16,4,3,0.0
17012,50.0,13,7,4,0.0
17013,76.0,17,3,3,0.0
17014,58.0,14,6,3,0.0
17015,62.0,15,5,4,0.0
17016,54.0,14,6,5,0.0
17017,26.0,8,12,1,0.0
17018,40.0,11,9,3,0.0
17019,42.0,11,9,2,0.0
17020,36.0,10,10,2,0.0
17021,38.0,10,10,1,0.0
17022,36.0,10,10,2,0.0
17023,60.0,14,6,2,0.0
17024,62.0,15,5,4,3170677504.0
17025,44.0,11,9,1,0.0
17026,24.0,9,11,5,0.0
17027,34.0,10,10,3,0.0
17028,70.0,16,4,3,0.0
17029,38.0,10,10,1,0.0
17030,22.0,8,12,3,0.0
17031,26.0,9,11,4,0.0
17032,46.0,12,8,3,0.0
17033,44.0,11,9,1,0.0
17034,58.0,14,6,3,0.0
17035,56.0,13,7,1,0.0
17036,36.0,10,10,2,0.0
17037,50.0,13,7,4,0.0
17038,22.0,8,12,3,0.0
17039,34.0,11,9,6,0.0
17040,74.0,16,4,1,0.0
17041,30.0,9,11,2,0.0
17042,46.0,11,9,0,0.0
17043,62.0,14,6,1,0.0
17044,66.0,15,5,2,0.0
17045,42.0,12,8,5,0.0
17046,46.0,12,8,3,0.0
17047,42.0,12,8,5,0.0
17048,24.0,8,12,2,0.0
17049,62.0,15,5,4,0.0
17050,60.0,14,6,2,0.0
17051,44.0,11,9,1,0.0
17052,56.0,14,6,4,0.0
17053,38.0,12,8,7,0.0
17054,16.0,7,13,3,0.0
17055,14.0,7,13,4,0.0
17056,68.0,15,5,1,498772836352.0
17057,24.0,9,11,5,0.0
17058,28.0,9,11,3,0.0
17059,50.0,13,7,4,0.0
17060,42.0,11,9,2,0.0
17061,10.0,6,14,3,0.0
17062,36.0,10,10,2,0.0
17063,42.0,11,9,2,0.0
17064,46.0,12,8,3,0.0
17065,42.0,11,9,2,0.0
17066,54.0,13,7,2,0.0
17067,54.0,14,6,5,0.0
17068,52.0,13,7,3,0.0
17069,20.0,8,12,4,0.0
17070,54.0,13,7,2,0.0
17071,54.0,14,6,5,0.0
17072,44.0,11,9,1,0.0
17073,48.0,13,7,5,0.0
17074,38.0,10,10,1,0.0
17075,56.0,13,7,1,0.0
17076,38.0,11,9,4,0.0
17077,60.0,14,6,2,0.0
17078,52.0,13,7,3,0.0
17079,24.0,9,11,5,0.0
17080,72.0,16,4,2,0.0
17081,58.0,13,7,0,0.0
17082,50.0,13,7,4,0.0
17083,44.0,11,9,1,0.0
17084,62.0,14,6,1,0.0
17085,70.0,16,4,3,0.0
17086,36.0,10,10,2,0.0
17087,42.0,11,9,2,0.0
17088,56.0,14,6,4,9390146977792.0
17089,44.0,12,8,4,0.0
17090,46.0,12,8,3,0.0
17091,48.0,13,7,5,0.0
17092,30.0,9,11,2,0.0
17093,34.0,10,10,3,0.0
17094,34.0,10,10,3,0.0
17095,44.0,12,8,4,0.0
17096,70.0,16,4,3,0.0
17097,34.0,10,10,3,0.0
17098,68.0,15,5,1,0.0
17099,50.0,13,7,4,0.0
17100,56.0,13,7,1,0.0
17101,44.0,12,8,4,0.0
17102,34.0,10,10,3,0.0
17103,56.0,14,6,4,0.0
17104,40.0,11,9,3,0.0
17105,14.0,6,14,1,0.0
17106,50.0,13,7,4,0.0
17107,54.0,13,7,2,0.0
17108,50.0,13,7,4,0.0
17109,34.0,10,10,3,0.0
17110,36.0,11,9,5,0.0
17111,72.0,16,4,2,0.0
17112,0.0,4,16,2,0.0
17113,54.0,13,7,2,0.0
17114,52.0,12,8,0,0.0
17115,22.0,8,12,3,0.0
17116,32.0,10,10,4,0.0
17117,40.0,12,8,6,0.0
17118,40.0,11,9,3,0.0
17119,26.0,9,11,4,0.0
17120,44.0,12,8,4,14384155852800.0
17121,42.0,11,9,2,0.0
17122,30.0,9,11,2,0.0
17123,68.0,16,4,4,0.0
17124,26.0,8,12,1,0.0
17125,76.0,16,4,0,0.0
17126,38.0,11,9,4,0.0
17127,56.0,15,5,7,0.0
17128,54.0,13,7,2,0.0
17129,36.0,12,8,8,0.0
17130,42.0,12,8,5,0.0
17131,44.0,11,9,1,0.0
17132,50.0,12,8,1,0.0
17133,18.0,7,13,2,0.0
17134,64.0,14,6,0,0.0
17135,66.0,15,5,2,0.0
17136,40.0,11,9,3,0.0
17137,66.0,15,5,2,0.0
17138,46.0,12,8,3,0.0
17139,28.0,10,10,6,0.0
17140,34.0,10,10,3,0.0
17141,32.0,9,11,1,0.0
17142,56.0,13,7,1,0.0
17143,58.0,14,6,3,0.0
17144,62.0,14,6,1,0.0
17145,40.0,10,10,0,0.0
17146,44.0,11,9,1,0.0
17147,38.0,10,10,1,0.0
17148,48.0,12,8,2,0.0
17149,44.0,11,9,1,0.0
17150,54.0,14,6,5,0.0
17151,42.0,11,9,2,0.0
17152,14.0,7,13,4,247264336.0
17153,58.0,14,6,3,0.0
17154,42.0,11,9,2,0.0
17155,46.0,12,8,3,0.0
17156,44.0,11,9,1,0.0
17157,46.0,12,8,3,0.0
17158,44.0,12,8,4,0.0
17159,54.0,13,7,2,0.0
17160,54.0,14,6,5,0.0
17161,54.0,14,6,5,0.0
17162,62.0,15,5,4,0.0
17163,68.0,15,5,1,0.0
17164,42.0,11,9,2,0.0
17165,60.0,14,6,2,0.0
17166,46.0,11,9,0,0.0
17167,72.0,16,4,2,0.0
17168,46.0,12,8,3,0.0
17169,36.0,10,10,2,0.0
17170,54.0,13,7,2,0.0
17171,62.0,14,6,1,0.0
17172,34.0,11,9,6,0.0
17173,26.0,10,10,7,0.0
17174,42.0,13,7,8,0.0
17175,34.0,10,10,3,0.0
17176,36.0,11,9,5,0.0
17177,44.0,13,7,7,0.0
17178,54.0,13,7,2,0.0
17179,54.0,14,6,5,0.0
17180,56.0,13,7,1,0.0
17181,24.0,8,12,2,0.0
17182,54.0,13,7,2,0.0
17183,76.0,17,3,3,0.0
17184,60.0,14,6,2,7576667648.0
17185,42.0,11,9,2,0.0
17186,30.0,10,10,5,0.0
17187,44.0,13,7,7,0.0
17188,78.0,17,3,2,0.0
17189,44.0,13,7,7,0.0
17190,50.0,12,8,1,0.0
17191,60.0,14,6,2,0.0
17192,14.0,7,13,4,0.0
17193,50.0,12,8,1,0.0
17194,46.0,11,9,0,0.0
17195,50.0,12,8,1,0.0
17196,50.0,12,8,1,0.0
17197,56.0,14,6,4,0.0
17198,38.0,10,10,1,0.0
17199,40.0,11,9,3,0.0
17200,74.0,16,4,1,0.0
17201,42.0,11,9,2,0.0
17202,36.0,10,10,2,0.0
17203,58.0,14,6,3,0.0
17204,44.0,12,8,4,0.0
17205,60.0,14,6,2,0.0
17206,50.0,12,8,1,0.0
17207,4.0,5,15,3,0.0
17208,28.0,9,11,3,0.0
17209,20.0,7,13,1,0.0
17210,56.0,13,7,1,0.0
17211,40.0,10,10,0,0.0
17212,54.0,13,7,2,0.0
17213,66.0,15,5,2,0.0
17214,36.0,10,10,2,0.0
17215,4.0,5,15,3,0.0
17216,40.0,12,8,6,3938902784.0
17217,38.0,11,9,4,0.0
17218,22.0,9,11,6,0.0
17219,48.0,13,7,5,0.0
17220,60.0,14,6,2,0.0
17221,60.0,14,6,2,0.0
17222,52.0,12,8,0,0.0
17223,52.0,13,7,3,0.0
17224,52.0,13,7,3,0.0
17225,70.0,16,4,3,0.0
17226,62.0,15,5,4,0.0
17227,56.0,13,7,1,0.0
17228,40.0,11,9,3,0.0
17229,52.0,13,7,3,0.0
17230,54.0,13,7,2,0.0
17231,50.0,12,8,1,0.0
17232,78.0,17,3,2,0.0
17233,54.0,14,6,5,0.0
17234,18.0,8,12,5,0.0
17235,34.0,10,10,3,0.0
17236,50.0,12,8,1,0.0
17237,40.0,10,10,0,0.0
17238,74.0,16,4,1,0.0
17239,58.0,14,6,3,0.0
17240,40.0,11,9,3,0.0
17241,28.0,10,10,6,0.0
17242,34.0,10,10,3,0.0
17243,38.0,11,9,4,0.0
17244,30.0,9,11,2,0.0
17245,38.0,10,10,1,0.0
17246,64.0,15,5,3,0.0
17247,34.0,10,10,3,0.0
17248,64.0,14,6,0,7797340110848.0
17249,64.0,15,5,3,0.0
17250,60.0,14,6,2,0.0
17251,54.0,13,7,2,0.0
17252,32.0,9,11,1,0.0
17253,54.0,13,7,2,0.0
17254,46.0,13,7,6,0.0
17255,42.0,11,9,2,0.0
17256,40.0,11,9,3,0.0
17257,52.0,13,7,3,0.0
17258,48.0,12,8,2,0.0
17259,60.0,15,5,5,0.0
17260,24.0,8,12,2,0.0
17261,58.0,14,6,3,0.0
17262,50.0,13,7,4,0.0
17263,46.0,13,7,6,0.0
17264,48.0,12,8,2,0.0
17265,38.0,12,8,7,0.0
17266,52.0,12,8,0,0.0
17267,36.0,11,9,5,0.0
17268,40.0,11,9,3,0.0
17269,36.0,10,10,2,0.0
17270,32.0,11,9,7,0.0
17271,32.0,10,10,4,0.0
17272,32.0,9,11,1,0.0
17273,36.0,10,10,2,0.0
17274,64.0,15,5,3,0.0
17275,48.0,12,8,2,0.0
17276,54.0,14,6,5,0.0
17277,52.0,13,7,3,0.0
17278,24.0,8,12,2,0.0
17279,36.0,10,10,2,0.0
17280,50.0,12,8,1,76808653373440.0
17281,54.0,15,5,8,0.0
17282,58.0,14,6,3,0.0
17283,66.0,15,5,2,0.0
17284,22.0,8,12,3,0.0
17285,66.0,15,5,2,0.0
17286,56.0,13,7,1,0.0
17287,56.0,14,6,4,0.0
17288,46.0,12,8,3,0.0
17289,8.0,6,14,4,0.0
17290,60.0,15,5,5,0.0
17291,64.0,15,5,3,0.0
17292,58.0,14,6,3,0.0
17293,30.0,9,11,2,0.0
17294,58.0,14,6,3,0.0
17295,58.0,13,7,0,0.0
17296,48.0,12,8,2,0.0
17297,48.0,12,8,2,0.0
17298,58.0,14,6,3,0.0
17299,44.0,12,8,4,0.0
17300,48.0,12,8,2,0.0
17301,24.0,9,11,5,0.0
17302,54.0,13,7,2,0.0
17303,48.0,12,8,2,0.0
17304,66.0,15,5,2,0.0
17305,50.0,13,7,4,0.0
17306,62.0,14,6,1,0.0
17307,66.0,15,5,2,0.0
17308,62.0,15,5,4,0.0
17309,40.0,11,9,3,0.0
17310,28.0,9,11,3,0.0
17311,54.0,13,7,2,0.0
17312,52.0,13,7,3,768514129920.0
17313,26.0,9,11,4,0.0
17314,28.0,10,10,6,0.0
17315,50.0,12,8,1,0.0
17316,46.0,13,7,6,0.0
17317,30.0,10,10,5,0.0
17318,42.0,12,8,5,0.0
17319,46.0,12,8,3,0.0
17320,20.0,7,13,1,0.0
17321,36.0,10,10,2,0.0
17322,66.0,15,5,2,0.0
17323,56.0,13,7,1,0.0
17324,58.0,13,7,0,0.0
17325,40.0,11,9,3,0.0
17326,64.0,15,5,3,0.0
17327,58.0,14,6,3,0.0
17328,52.0,12,8,0,0.0
17329,36.0,10,10,2,0.0
17330,30.0,9,11,2,0.0
17331,38.0,11,9,4,0.0
17332,28.0,9,11,3,0.0
17333,42.0,12,8,5,0.0
17334,68.0,15,5,1,0.0
17335,28.0,9,11,3,0.0
17336,34.0,10,10,3,0.0
17337,42.0,12,8,5,0.0
17338,38.0,11,9,4,0.0
17339,30.0,10,10,5,0.0
17340,38.0,10,10,1,0.0
17341,48.0,13,7,5,0.0
17342,62.0,15,5,4,0.0
17343,42.0,11,9,2,0.0
17344,56.0,13,7,1,271834251264.0
17345,48.0,12,8,2,0.0
17346,30.0,9,11,2,0.0
17347,18.0,7,13,2,0.0
17348,48.0,12,8,2,0.0
17349,36.0,10,10,2,0.0
17350,62.0,15,5,4,0.0
17351,36.0,10,10,2,0.0
17352,64.0,15,5,3,0.0
17353,44.0,13,7,7,0.0
17354,50.0,13,7,4,0.0
17355,68.0,17,3,7,0.0
17356,26.0,9,11,4,0.0
17357,54.0,13,7,2,0.0
17358,22.0,8,12,3,0.0
17359,24.0,8,12,2,0.0
17360,42.0,11,9,2,0.0
17361,30.0,10,10,5,0.0
17362,58.0,13,7,0,0.0
17363,34.0,10,10,3,0.0
17364,34.0,11,9,6,0.0
17365,44.0,11,9,1,0.0
17366,48.0,12,8,2,0.0
17367,40.0,11,9,3,0.0
17368,68.0,15,5,1,0.0
17369,50.0,12,8,1,0.0
17370,18.0,7,13,2,0.0
17371,62.0,15,5,4,0.0
17372,46.0,12,8,3,0.0
17373,70.0,16,4,3,0.0
17374,38.0,10,10,1,0.0
17375,46.0,13,7,6,0.0
17376,52.0,13,7,3,69166383104.0
17377,42.0,11,9,2,0.0
17378,74.0,16,4,1,0.0
17379,46.0,12,8,3,0.0
17380,32.0,11,9,7,0.0
17381,42.0,12,8,5,0.0
17382,58.0,14,6,3,0.0
17383,30.0,9,11,2,0.0
17384,56.0,13,7,1,0.0
17385,28.0,8,12,0,0.0
17386,42.0,12,8,5,0.0
17387,64.0,15,5,3,0.0
17388,60.0,14,6,2,0.0
17389,32.0,10,10,4,0.0
17390,48.0,12,8,2,0.0
17391,50.0,12,8,1,0.0
17392,66.0,16,4,5,0.0
17393,38.0,10,10,1,0.0
17394,40.0,11,9,3,0.0
17395,60.0,14,6,2,0.0
17396,44.0,12,8,4,0.0
17397,54.0,13,7,2,0.0
17398,30.0,10,10,5,0.0
17399,70.0,16,4,3,0.0
17400,22.0,8,12,3,0.0
17401,48.0,12,8,2,0.0
17402,14.0,7,13,4,0.0
17403,44.0,12,8,4,0.0
17404,54.0,13,7,2,0.0
17405,46.0,12,8,3,0.0
17406,42.0,12,8,5,0.0
17407,28.0,9,11,3,0.0
17408,72.0,16,4,2,39085711360.0
17409,52.0,12,8,0,0.0
17410,52.0,13,7,3,0.0
17411,50.0,13,7,4,0.0
17412,32.0,10,10,4,0.0
17413,56.0,13,7,1,0.0
17414,38.0,11,9,4,0.0
17415,38.0,12,8,7,0.0
17416,52.0,13,7,3,0.0
17417,50.0,13,7,4,0.0
17418,38.0,10,10,1,0.0
17419,52.0,13,7,3,0.0
17420,58.0,14,6,3,0.0
17421,40.0,12,8,6,0.0
17422,42.0,11,9,2,0.0
17423,44.0,13,7,7,0.0
17424,36.0,11,9,5,0.0
17425,46.0,12,8,3,0.0
17426,38.0,10,10,1,0.0
17427,66.0,15,5,2,0.0
17428,50.0,13,7,4,0.0
17429,68.0,15,5,1,0.0
17430,26.0,9,11,4,0.0
17431,54.0,13,7,2,0.0
17432,56.0,13,7,1,0.0
17433,32.0,10,10,4,0.0
17434,62.0,15,5,4,0.0
17435,42.0,11,9,2,0.0
17436,50.0,12,8,1,0.0
17437,30.0,9,11,2,0.0
17438,54.0,13,7,2,0.0
17439,48.0,13,7,5,0.0
17440,48.0,12,8,2,10892873728.0
17441,54.0,13,7,2,0.0
17442,54.0,13,7,2,0.0
17443,48.0,12,8,2,0.0
17444,38.0,10,10,1,0.0
17445,32.0,10,10,4,0.0
17446,32.0,10,10,4,0.0
17447,48.0,12,8,2,0.0
17448,32.0,9,11,1,0.0
17449,56.0,14,6,4,0.0
17450,44.0,11,9,1,0.0
17451,30.0,9,11,2,0.0
17452,52.0,12,8,0,0.0
17453,46.0,12,8,3,0.0
17454,60.0,15,5,5,0.0
17455,50.0,13,7,4,0.0
17456,46.0,12,8,3,0.0
17457,36.0,10,10,2,0.0
17458,42.0,11,9,2,0.0
17459,54.0,13,7,2,0.0
17460,72.0,16,4,2,0.0
17461,42.0,11,9,2,0.0
17462,34.0,11,9,6,0.0
17463,42.0,11,9,2,0.0
17464,34.0,10,10,3,0.0
17465,42.0,12,8,5,0.0
17466,48.0,12,8,2,0.0
17467,56.0,13,7,1,0.0
17468,18.0,8,12,5,0.0
17469,46.0,12,8,3,0.0
17470,48.0,13,7,5,0.0
17471,58.0,13,7,0,0.0
17472,44.0,12,8,4,1630257152.0
17473,62.0,15,5,4,0.0
17474,46.0,12,8,3,0.0
17475,56.0,13,7,1,0.0
17476,32.0,10,10,4,0.0
17477,32.0,9,11,1,0.0
17478,38.0,10,10,1,0.0
17479,44.0,12,8,4,0.0
17480,40.0,11,9,3,0.0
17481,40.0,11,9,3,0.0
17482,38.0,10,10,1,0.0
17483,60.0,14,6,2,0.0
17484,32.0,9,11,1,0.0
17485,42.0,12,8,5,0.0
17486,72.0,16,4,2,0.0
17487,44.0,11,9,1,0.0
17488,50.0,12,8,1,0.0
17489,28.0,8,12,0,0.0
17490,48.0,12,8,2,0.0
17491,38.0,10,10,1,0.0
17492,26.0,9,11,4,0.0
17493,54.0,13,7,2,0.0
17494,36.0,10,10,2,0.0
17495,64.0,15,5,3,0.0
17496,44.0,12,8,4,0.0
17497,42.0,11,9,2,0.0
17498,44.0,12,8,4,0.0
17499,26.0,8,12,1,0.0
17500,48.0,12,8,2,0.0
17501,50.0,12,8,1,0.0
17502,50.0,12,8,1,0.0
17503,30.0,11,9,8,0.0
17504,62.0,15,5,4,4086185.75
17505,62.0,15,5,4,0.0
17506,34.0,10,10,3,0.0
17507,38.0,11,9,4,0.0
17508,44.0,11,9,1,0.0
17509,58.0,14,6,3,0.0
17510,54.0,13,7,2,0.0
17511,56.0,14,6,4,0.0
17512,18.0,7,13,2,0.0
17513,20.0,7,13,1,0.0
17514,56.0,13,7,1,0.0
17515,42.0,11,9,2,0.0
17516,60.0,14,6,2,0.0
17517,38.0,11,9,4,0.0
17518,36.0,10,10,2,0.0
17519,50.0,13,7,4,0.0
17520,40.0,12,8,6,0.0
17521,70.0,17,3,6,0.0
17522,22.0,7,13,0,0.0
17523,68.0,15,5,1,0.0
17524,16.0,7,13,3,0.0
17525,42.0,11,9,2,0.0
17526,52.0,13,7,3,0.0
17527,48.0,13,7,5,0.0
17528,46.0,13,7,6,0.0
17529,34.0,10,10,3,0.0
17530,34.0,10,10,3,0.0
17531,46.0,12,8,3,0.0
17532,38.0,12,8,7,0.0
17533,68.0,15,5,1,0.0
17534,82.0,18,2,3,0.0
17535,70.0,16,4,3,0.0
17536,72.0,16,4,2,2533576146944.0
17537,62.0,15,5,4,0.0
17538,44.0,12,8,4,0.0
17539,54.0,13,7,2,0.0
17540,58.0,14,6,3,0.0
17541,54.0,14,6,5,0.0
17542,52.0,12,8,0,0.0
17543,62.0,14,6,1,0.0
17544,48.0,12,8,2,0.0
17545,44.0,12,8,4,0.0
17546,56.0,13,7,1,0.0
17547,38.0,10,10,1,0.0
17548,48.0,12,8,2,0.0
17549,64.0,14,6,0,0.0
17550,28.0,9,11,3,0.0
17551,52.0,13,7,3,0.0
17552,36.0,11,9,5,0.0
17553,42.0,11,9,2,0.0
17554,40.0,11,9,3,0.0
17555,20.0,8,12,4,0.0
17556,42.0,12,8,5,0.0
17557,44.0,12,8,4,0.0
17558,26.0,9,11,4,0.0
17559,58.0,14,6,3,0.0
17560,24.0,10,10,8,0.0
17561,48.0,13,7,5,0.0
17562,52.0,13,7,3,0.0
17563,42.0,12,8,5,0.0
17564,54.0,13,7,2,0.0
17565,50.0,12,8,1,0.0
17566,32.0,10,10,4,0.0
17567,70.0,16,4,3,0.0
17568,32.0,9,11,1,135647600.0
17569,34.0,10,10,3,0.0
17570,38.0,10,10,1,0.0
17571,66.0,15,5,2,0.0
17572,48.0,12,8,2,0.0
17573,48.0,12,8,2,0.0
17574,38.0,11,9,4,0.0
17575,70.0,16,4,3,0.0
17576,40.0,11,9,3,0.0
17577,60.0,14,6,2,0.0
17578,42.0,11,9,2,0.0
17579,64.0,14,6,0,0.0
17580,56.0,13,7,1,0.0
17581,58.0,14,6,3,0.0
17582,46.0,12,8,3,0.0
17583,68.0,16,4,4,0.0
17584,36.0,10,10,2,0.0
17585,52.0,13,7,3,0.0
17586,48.0,12,8,2,0.0
17587,52.0,13,7,3,0.0
17588,28.0,9,11,3,0.0
17589,30.0,10,10,5,0.0
17590,28.0,10,10,6,0.0
17591,52.0,12,8,0,0.0
17592,60.0,14,6,2,0.0
17593,32.0,9,11,1,0.0
17594,42.0,12,8,5,0.0
17595,64.0,15,5,3,0.0
17596,72.0,16,4,2,0.0
17597,60.0,14,6,2,0.0
17598,42.0,12,8,5,0.0
17599,24.0,10,10,8,0.0
17600,54.0,13,7,2,266507780096.0
17601,50.0,12,8,1,0.0
17602,30.0,10,10,5,0.0
17603,36.0,11,9,5,0.0
17604,64.0,15,5,3,0.0
17605,54.0,13,7,2,0.0
17606,52.0,13,7,3,0.0
17607,44.0,11,9,1,0.0
17608,46.0,12,8,3,0.0
17609,36.0,10,10,2,0.0
17610,52.0,13,7,3,0.0
17611,62.0,14,6,1,0.0
17612,48.0,12,8,2,0.0
17613,56.0,13,7,1,0.0
17614,48.0,12,8,2,0.0
17615,42.0,12,8,5,0.0
17616,40.0,11,9,3,0.0
17617,32.0,10,10,4,0.0
17618,32.0,11,9,7,0.0
17619,60.0,14,6,2,0.0
17620,68.0,15,5,1,0.0
17621,56.0,14,6,4,0.0
17622,30.0,9,11,2,0.0
17623,54.0,13,7,2,0.0
17624,24.0,8,12,2,0.0
17625,40.0,11,9,3,0.0
17626,50.0,13,7,4,0.0
17627,68.0,16,4,4,0.0
17628,48.0,13,7,5,0.0
17629,14.0,7,13,4,0.0
17630,36.0,10,10,2,0.0
17631,42.0,12,8,5,0.0
17632,48.0,12,8,2,206627127296.0
17633,48.0,12,8,2,0.0
17634,52.0,13,7,3,0.0
17635,38.0,10,10,1,0.0
17636,46.0,12,8,3,0.0
17637,40.0,11,9,3,0.0
17638,66.0,15,5,2,0.0
17639,72.0,16,4,2,0.0
17640,66.0,15,5,2,0.0
17641,38.0,12,8,7,0.0
17642,46.0,12,8,3,0.0
17643,60.0,14,6,2,0.0
17644,30.0,9,11,2,0.0
17645,0.0,5,15,5,0.0
17646,56.0,13,7,1,0.0
17647,56.0,13,7,1,0.0
17648,44.0,12,8,4,0.0
17649,52.0,12,8,0,0.0
17650,52.0,13,7,3,0.0
17651,40.0,11,9,3,0.0
17652,60.0,14,6,2,0.0
17653,36.0,10,10,2,0.0
17654,30.0,9,11,2,0.0
17655,44.0,12,8,4,0.0
17656,40.0,12,8,6,0.0
17657,50.0,13,7,4,0.0
17658,22.0,8,12,3,0.0
17659,60.0,14,6,2,0.0
17660,70.0,16,4,3,0.0
17661,44.0,12,8,4,0.0
17662,66.0,15,5,2,0.0
17663,54.0,13,7,2,0.0
17664,20.0,7,13,1,7020049957126144.0
17665,58.0,14,6,3,0.0
17666,58.0,13,7,0,0.0
17667,54.0,14,6,5,0.0
17668,64.0,14,6,0,0.0
17669,66.0,15,5,2,0.0
17670,54.0,13,7,2,0.0
17671,68.0,16,4,4,0.0
17672,58.0,14,6,3,0.0
17673,38.0,11,9,4,0.0
17674,40.0,12,8,6,0.0
17675,50.0,13,7,4,0.0
17676,42.0,11,9,2,0.0
17677,62.0,14,6,1,0.0
17678,28.0,10,10,6,0.0
17679,54.0,13,7,2,0.0
17680,44.0,11,9,1,0.0
17681,36.0,10,10,2,0.0
17682,60.0,14,6,2,0.0
17683,36.0,11,9,5,0.0
17684,62.0,14,6,1,0.0
17685,56.0,13,7,1,0.0
17686,66.0,15,5,2,0.0
17687,56.0,13,7,1,0.0
17688,46.0,12,8,3,0.0
17689,52.0,13,7,3,0.0
17690,22.0,8,12,3,0.0
17691,50.0,12,8,1,0.0
17692,72.0,16,4,2,0.0
17693,62.0,14,6,1,0.0
17694,20.0,8,12,4,0.0
17695,50.0,12,8,1,0.0
17696,18.0,7,13,2,1420076.0
17697,36.0,10,10,2,0.0
17698,50.0,13,7,4,0.0
17699,44.0,12,8,4,0.0
17700,56.0,14,6,4,0.0
17701,58.0,14,6,3,0.0
17702,52.0,13,7,3,0.0
17703,40.0,11,9,3,0.0
17704,0.0,4,16,2,0.0
17705,60.0,14,6,2,0.0
17706,52.0,12,8,0,0.0
17707,58.0,14,6,3,0.0
17708,30.0,9,11,2,0.0
17709,58.0,14,6,3,0.0
17710,46.0,11,9,0,0.0
17711,36.0,10,10,2,0.0
17712,44.0,11,9,1,0.0
17713,64.0,15,5,3,0.0
17714,44.0,12,8,4,0.0
17715,50.0,13,7,4,0.0
17716,88.0,19,1,3,0.0
17717,50.0,12,8,1,0.0
17718,38.0,11,9,4,0.0
17719,44.0,12,8,4,0.0
17720,60.0,15,5,5,0.0
17721,54.0,13,7,2,0.0
17722,34.0,10,10,3,0.0
17723,38.0,12,8,7,0.0
17724,14.0,6,14,1,0.0
17725,46.0,11,9,0,0.0
17726,66.0,15,5,2,0.0
17727,42.0,12,8,5,0.0
17728,24.0,9,11,5,31942688768.0
17729,38.0,11,9,4,0.0
17730,48.0,12,8,2,0.0
17731,44.0,11,9,1,0.0
17732,52.0,13,7,3,0.0
17733,32.0,9,11,1,0.0
17734,48.0,12,8,2,0.0
17735,42.0,11,9,2,0.0
17736,36.0,10,10,2,0.0
17737,36.0,10,10,2,0.0
17738,50.0,13,7,4,0.0
17739,36.0,11,9,5,0.0
17740,36.0,11,9,5,0.0
17741,66.0,15,5,2,0.0
17742,66.0,15,5,2,0.0
17743,30.0,9,11,2,0.0
17744,46.0,12,8,3,0.0
17745,34.0,11,9,6,0.0
17746,74.0,16,4,1,0.0
17747,44.0,11,9,1,0.0
17748,50.0,13,7,4,0.0
17749,52.0,14,6,6,0.0
17750,46.0,12,8,3,0.0
17751,48.0,12,8,2,0.0
17752,44.0,11,9,1,0.0
17753,32.0,10,10,4,0.0
17754,34.0,11,9,6,0.0
17755,34.0,9,11,0,0.0
17756,36.0,11,9,5,0.0
17757,80.0,17,3,1,0.0
17758,42.0,11,9,2,0.0
17759,30.0,9,11,2,0.0
17760,44.0,12,8,4,45987032.0
17761,64.0,15,5,3,0.0
17762,54.0,13,7,2,0.0
17763,62.0,15,5,4,0.0
17764,56.0,13,7,1,0.0
17765,40.0,11,9,3,0.0
17766,28.0,9,11,3,0.0
17767,62.0,14,6,1,0.0
17768,46.0,12,8,3,0.0
17769,40.0,11,9,3,0.0
17770,42.0,11,9,2,0.0
17771,34.0,10,10,3,0.0
17772,20.0,9,11,7,0.0
17773,32.0,10,10,4,0.0
17774,28.0,9,11,3,0.0
17775,40.0,11,9,3,0.0
17776,50.0,13,7,4,0.0
17777,48.0,12,8,2,0.0
17778,34.0,9,11,0,0.0
17779,56.0,13,7,1,0.0
17780,44.0,12,8,4,0.0
17781,60.0,14,6,2,0.0
17782,18.0,8,12,5,0.0
17783,32.0,10,10,4,0.0
17784,52.0,13,7,3,0.0
17785,40.0,11,9,3,0.0
17786,48.0,12,8,2,0.0
17787,16.0,8,12,6,0.0
17788,56.0,14,6,4,0.0
17789,44.0,13,7,7,0.0
17790,52.0,13,7,3,0.0
17791,36.0,10,10,2,0.0
17792,46.0,12,8,3,120524304.0
17793,36.0,10,10,2,0.0
17794,48.0,13,7,5,0.0
17795,50.0,12,8,1,0.0
17796,52.0,12,8,0,0.0
17797,50.0,12,8,1,0.0
17798,42.0,12,8,5,0.0
17799,54.0,13,7,2,0.0
17800,52.0,13,7,3,0.0
17801,38.0,11,9,4,0.0
17802,52.0,12,8,0,0.0
17803,30.0,11,9,8,0.0
17804,50.0,13,7,4,0.0
17805,50.0,13,7,4,0.0
17806,52.0,13,7,3,0.0
17807,46.0,12,8,3,0.0
17808,30.0,9,11,2,0.0
17809,44.0,12,8,4,0.0
17810,40.0,11,9,3,0.0
17811,28.0,10,10,6,0.0
17812,30.0,9,11,2,0.0
17813,50.0,13,7,4,0.0
17814,44.0,11,9,1,0.0
17815,54.0,13,7,2,0.0
17816,50.0,13,7,4,0.0
17817,64.0,15,5,3,0.0
17818,56.0,13,7,1,0.0
17819,56.0,14,6,4,0.0
17820,64.0,15,5,3,0.0
17821,36.0,10,10,2,0.0
17822,36.0,10,10,2,0.0
17823,70.0,16,4,3,0.0
17824,58.0,14,6,3,4545338933248.0
17825,66.0,15,5,2,0.0
17826,58.0,13,7,0,0.0
17827,58.0,14,6,3,0.0
17828,62.0,14,6,1,0.0
17829,50.0,12,8,1,0.0
17830,34.0,10,10,3,0.0
17831,54.0,14,6,5,0.0
17832,62.0,14,6,1,0.0
17833,26.0,9,11,4,0.0
17834,32.0,11,9,7,0.0
17835,38.0,10,10,1,0.0
17836,40.0,11,9,3,0.0
17837,48.0,13,7,5,0.0
17838,14.0,8,12,7,0.0
17839,42.0,11,9,2,0.0
17840,32.0,9,11,1,0.0
17841,58.0,13,7,0,0.0
17842,42.0,12,8,5,0.0
17843,42.0,11,9,2,0.0
17844,68.0,15,5,1,0.0
17845,36.0,10,10,2,0.0
17846,58.0,14,6,3,0.0
17847,52.0,12,8,0,0.0
17848,32.0,9,11,1,0.0
17849,62.0,14,6,1,0.0
17850,48.0,12,8,2,0.0
17851,46.0,12,8,3,0.0
17852,62.0,15,5,4,0.0
17853,58.0,13,7,0,0.0
17854,50.0,13,7,4,0.0
17855,46.0,13,7,6,0.0
17856,28.0,10,10,6,597372567552.0
17857,70.0,16,4,3,0.0
17858,68.0,15,5,1,0.0
17859,44.0,12,8,4,0.0
17860,46.0,12,8,3,0.0
17861,34.0,10,10,3,0.0
17862,16.0,7,13,3,0.0
17863,62.0,15,5,4,0.0
17864,42.0,11,9,2,0.0
17865,34.0,10,10,3,0.0
17866,54.0,13,7,2,0.0
17867,40.0,11,9,3,0.0
17868,54.0,13,7,2,0.0
17869,50.0,13,7,4,0.0
17870,36.0,11,9,5,0.0
17871,46.0,12,8,3,0.0
17872,50.0,13,7,4,0.0
17873,46.0,12,8,3,0.0
17874,46.0,12,8,3,0.0
17875,26.0,9,11,4,0.0
17876,26.0,8,12,1,0.0
17877,44.0,12,8,4,0.0
17878,52.0,12,8,0,0.0
17879,56.0,14,6,4,0.0
17880,22.0,7,13,0,0.0
17881,44.0,11,9,1,0.0
17882,54.0,14,6,5,0.0
17883,44.0,11,9,1,0.0
17884,34.0,10,10,3,0.0
17885,46.0,12,8,3,0.0
17886,46.0,12,8,3,0.0
17887,38.0,10,10,1,0.0
17888,42.0,11,9,2,25343295488000.0
17889,40.0,11,9,3,0.0
17890,48.0,12,8,2,0.0
17891,42.0,11,9,2,0.0
17892,18.0,7,13,2,0.0
17893,42.0,11,9,2,0.0
17894,30.0,10,10,5,0.0
17895,58.0,14,6,3,0.0
17896,58.0,14,6,3,0.0
17897,56.0,14,6,4,0.0
17898,30.0,10,10,5,0.0
17899,42.0,11,9,2,0.0
17900,36.0,10,10,2,0.0
17901,64.0,14,6,0,0.0
17902,36.0,10,10,2,0.0
17903,44.0,11,9,1,0.0
17904,32.0,10,10,4,0.0
17905,70.0,16,4,3,0.0
17906,38.0,11,9,4,0.0
17907,60.0,14,6,2,0.0
17908,42.0,11,9,2,0.0
17909,44.0,13,7,7,0.0
17910,60.0,14,6,2,0.0
17911,36.0,10,10,2,0.0
17912,44.0,12,8,4,0.0
17913,26.0,9,11,4,0.0
17914,60.0,14,6,2,0.0
17915,28.0,9,11,3,0.0
17916,62.0,14,6,1,0.0
17917,24.0,8,12,2,0.0
17918,38.0,10,10,1,0.0
17919,52.0,13,7,3,0.0
17920,36.0,11,9,5,18407483392.0
17921,58.0,13,7,0,0.0
17922,30.0,10,10,5,0.0
17923,72.0,16,4,2,0.0
17924,54.0,13,7,2,0.0
17925,36.0,11,9,5,0.0
17926,42.0,13,7,8,0.0
17927,24.0,8,12,2,0.0
17928,52.0,13,7,3,0.0
17929,48.0,13,7,5,0.0
17930,46.0,12,8,3,0.0
17931,32.0,10,10,4,0.0
17932,34.0,10,10,3,0.0
17933,16.0,7,13,3,0.0
17934,40.0,11,9,3,0.0
17935,44.0,12,8,4,0.0
17936,50.0,12,8,1,0.0
17937,54.0,14,6,5,0.0
17938,64.0,14,6,0,0.0
17939,60.0,14,6,2,0.0
17940,52.0,13,7,3,0.0
17941,40.0,12,8,6,0.0
17942,52.0,14,6,6,0.0
17943,44.0,12,8,4,0.0
17944,74.0,17,3,4,0.0
17945,40.0,11,9,3,0.0
17946,38.0,11,9,4,0.0
17947,66.0,15,5,2,0.0
17948,66.0,15,5,2,0.0
17949,38.0,11,9,4,0.0
17950,24.0,8,12,2,0.0
17951,56.0,13,7,1,0.0
17952,46.0,12,8,3,12637446340608.0
17953,72.0,16,4,2,0.0
17954,36.0,11,9,5,0.0
17955,56.0,13,7,1,0.0
17956,20.0,8,12,4,0.0
17957,0.0,5,15,5,0.0
17958,26.0,8,12,1,0.0
17959,58.0,15,5,6,0.0
17960,50.0,13,7,4,0.0
17961,56.0,13,7,1,0.0
17962,62.0,14,6,1,0.0
17963,16.0,8,12,6,0.0
17964,30.0,9,11,2,0.0
17965,42.0,11,9,2,0.0
17966,38.0,11,9,4,0.0
17967,22.0,9,11,6,0.0
17968,44.0,13,7,7,0.0
17969,16.0,7,13,3,0.0
17970,54.0,13,7,2,0.0
17971,42.0,11,9,2,0.0
17972,46.0,12,8,3,0.0
17973,40.0,11,9,3,0.0
17974,62.0,14,6,1,0.0
17975,50.0,12,8,1,0.0
17976,54.0,14,6,5,0.0
17977,48.0,12,8,2,0.0
17978,66.0,15,5,2,0.0
17979,28.0,9,11,3,0.0
17980,26.0,9,11,4,0.0
17981,36.0,10,10,2,0.0
17982,54.0,14,6,5,0.0
17983,50.0,13,7,4,0.0
17984,42.0,11,9,2,355340.96875
17985,74.0,16,4,1,0.0
17986,46.0,12,8,3,0.0
17987,50.0,13,7,4,0.0
17988,48.0,12,8,2,0.0
17989,70.0,16,4,3,0.0
17990,42.0,12,8,5,0.0
17991,60.0,14,6,2,0.0
17992,38.0,10,10,1,0.0
17993,68.0,16,4,4,0.0
17994,56.0,14,6,4,0.0
17995,30.0,10,10,5,0.0
17996,38.0,11,9,4,0.0
17997,58.0,14,6,3,0.0
17998,28.0,9,11,3,0.0
17999,46.0,12,8,3,0.0
18000,48.0,12,8,2,0.0
18001,46.0,12,8,3,0.0
18002,56.0,14,6,4,0.0
18003,58.0,13,7,0,0.0
18004,54.0,13,7,2,0.0
18005,58.0,14,6,3,0.0
18006,52.0,12,8,0,0.0
18007,58.0,14,6,3,0.0
18008,40.0,11,9,3,0.0
18009,48.0,12,8,2,0.0
18010,58.0,14,6,3,0.0
18011,26.0,9,11,4,0.0
18012,52.0,13,7,3,0.0
18013,34.0,9,11,0,0.0
18014,46.0,12,8,3,0.0
18015,42.0,12,8,5,0.0
18016,40.0,11,9,3,62049452.0
18017,56.0,13,7,1,0.0
18018,70.0,16,4,3,0.0
18019,50.0,12,8,1,0.0
18020,62.0,16,4,7,0.0
18021,54.0,13,7,2,0.0
18022,30.0,10,10,5,0.0
18023,44.0,11,9,1,0.0
18024,40.0,11,9,3,0.0
18025,60.0,14,6,2,0.0
18026,56.0,13,7,1,0.0
18027,38.0,10,10,1,0.0
18028,44.0,11,9,1,0.0
18029,40.0,11,9,3,0.0
18030,40.0,11,9,3,0.0
18031,48.0,12,8,2,0.0
18032,48.0,13,7,5,0.0
18033,48.0,12,8,2,0.0
18034,26.0,8,12,1,0.0
18035,42.0,11,9,2,0.0
18036,44.0,13,7,7,0.0
18037,36.0,11,9,5,0.0
18038,48.0,12,8,2,0.0
18039,52.0,13,7,3,0.0
18040,48.0,12,8,2,0.0
18041,26.0,8,12,1,0.0
18042,44.0,12,8,4,0.0
18043,58.0,13,7,0,0.0
18044,62.0,15,5,4,0.0
18045,58.0,13,7,0,0.0
18046,44.0,12,8,4,0.0
18047,32.0,9,11,1,0.0
18048,60.0,14,6,2,38052306944.0
18049,40.0,11,9,3,0.0
18050,44.0,12,8,4,0.0
18051,46.0,11,9,0,0.0
18052,36.0,11,9,5,0.0
18053,54.0,13,7,2,0.0
18054,24.0,8,12,2,0.0
18055,42.0,11,9,2,0.0
18056,18.0,7,13,2,0.0
18057,36.0,10,10,2,0.0
18058,48.0,12,8,2,0.0
18059,68.0,15,5,1,0.0
18060,70.0,15,5,0,0.0
18061,74.0,17,3,4,0.0
18062,44.0,11,9,1,0.0
18063,58.0,14,6,3,0.0
18064,68.0,15,5,1,0.0
18065,32.0,10,10,4,0.0
18066,52.0,13,7,3,0.0
18067,54.0,13,7,2,0.0
18068,30.0,10,10,5,0.0
18069,48.0,12,8,2,0.0
18070,20.0,7,13,1,0.0
18071,52.0,13,7,3,0.0
18072,40.0,10,10,0,0.0
18073,54.0,13,7,2,0.0
18074,18.0,8,12,5,0.0
18075,62.0,14,6,1,0.0
18076,40.0,11,9,3,0.0
18077,56.0,13,7,1,0.0
18078,62.0,15,5,4,0.0
18079,54.0,13,7,2,0.0
18080,40.0,11,9,3,5465551.5
18081,38.0,11,9,4,0.0
18082,48.0,13,7,5,0.0
18083,66.0,15,5,2,0.0
18084,58.0,14,6,3,0.0
18085,22.0,9,11,6,0.0
18086,56.0,14,6,4,0.0
18087,30.0,9,11,2,0.0
18088,58.0,15,5,6,0.0
18089,16.0,7,13,3,0.0
18090,54.0,13,7,2,0.0
18091,24.0,9,11,5,0.0
18092,52.0,12,8,0,0.0
18093,36.0,11,9,5,0.0
18094,10.0,6,14,3,0.0
18095,56.0,14,6,4,0.0
18096,54.0,13,7,2,0.0
18097,32.0,10,10,4,0.0
18098,50.0,13,7,4,0.0
18099,38.0,11,9,4,0.0
18100,34.0,10,10,3,0.0
18101,42.0,11,9,2,0.0
18102,46.0,12,8,3,0.0
18103,18.0,7,13,2,0.0
18104,36.0,11,9,5,0.0
18105,62.0,14,6,1,0.0
18106,64.0,14,6,0,0.0
18107,46.0,12,8,3,0.0
18108,80.0,17,3,1,0.0
18109,56.0,13,7,1,0.0
18110,36.0,10,10,2,0.0
18111,36.0,10,10,2,0.0
18112,50.0,13,7,4,3122970624.0
18113,52.0,13,7,3,0.0
18114,42.0,11,9,2,0.0
18115,46.0,11,9,0,0.0
18116,62.0,15,5,4,0.0
18117,56.0,14,6,4,0.0
18118,56.0,14,6,4,0.0
18119,52.0,13,7,3,0.0
18120,66.0,15,5,2,0.0
18121,60.0,14,6,2,0.0
18122,66.0,16,4,5,0.0
18123,32.0,10,10,4,0.0
18124,58.0,14,6,3,0.0
18125,20.0,8,12,4,0.0
18126,34.0,10,10,3,0.0
18127,56.0,13,7,1,0.0
18128,58.0,14,6,3,0.0
18129,52.0,13,7,3,0.0
18130,40.0,10,10,0,0.0
18131,36.0,10,10,2,0.0
18132,48.0,12,8,2,0.0
18133,42.0,12,8,5,0.0
18134,58.0,14,6,3,0.0
18135,38.0,11,9,4,0.0
18136,56.0,13,7,1,0.0
18137,76.0,16,4,0,0.0
18138,34.0,10,10,3,0.0
18139,50.0,13,7,4,0.0
18140,44.0,11,9,1,0.0
18141,56.0,14,6,4,0.0
18142,64.0,14,6,0,0.0
18143,50.0,13,7,4,0.0
18144,70.0,16,4,3,122075560.0
18145,44.0,11,9,1,0.0
18146,56.0,14,6,4,0.0
18147,76.0,17,3,3,0.0
18148,52.0,12,8,0,0.0
18149,50.0,12,8,1,0.0
18150,58.0,14,6,3,0.0
18151,44.0,11,9,1,0.0
18152,40.0,11,9,3,0.0
18153,46.0,13,7,6,0.0
18154,42.0,12,8,5,0.0
18155,50.0,13,7,4,0.0
18156,34.0,10,10,3,0.0
18157,60.0,15,5,5,0.0
18158,48.0,13,7,5,0.0
18159,16.0,7,13,3,0.0
18160,18.0,8,12,5,0.0
18161,48.0,12,8,2,0.0
18162,22.0,8,12,3,0.0
18163,42.0,11,9,2,0.0
18164,40.0,11,9,3,0.0
18165,36.0,11,9,5,0.0
18166,32.0,10,10,4,0.0
18167,54.0,13,7,2,0.0
18168,70.0,16,4,3,0.0
18169,52.0,13,7,3,0.0
18170,46.0,12,8,3,0.0
18171,52.0,13,7,3,0.0
18172,32.0,9,11,1,0.0
18173,34.0,9,11,0,0.0
18174,34.0,9,11,0,0.0
18175,26.0,10,10,7,0.0
18176,40.0,10,10,0,177075355648.0
18177,38.0,11,9,4,0.0
18178,52.0,13,7,3,0.0
18179,50.0,13,7,4,0.0
18180,56.0,13,7,1,0.0
18181,56.0,13,7,1,0.0
18182,36.0,11,9,5,0.0
18183,60.0,15,5,5,0.0
18184,56.0,13,7,1,0.0
18185,38.0,11,9,4,0.0
18186,62.0,14,6,1,0.0
18187,54.0,14,6,5,0.0
18188,64.0,15,5,3,0.0
18189,48.0,12,8,2,0.0
18190,44.0,11,9,1,0.0
18191,60.0,15,5,5,0.0
18192,56.0,13,7,1,0.0
18193,36.0,10,10,2,0.0
18194,42.0,11,9,2,0.0
18195,36.0,10,10,2,0.0
18196,12.0,6,14,2,0.0
18197,30.0,11,9,8,0.0
18198,56.0,13,7,1,0.0
18199,68.0,16,4,4,0.0
18200,60.0,14,6,2,0.0
18201,46.0,12,8,3,0.0
18202,42.0,11,9,2,0.0
18203,46.0,12,8,3,0.0
18204,64.0,16,4,6,0.0
18205,62.0,15,5,4,0.0
18206,58.0,13,7,0,0.0
18207,64.0,15,5,3,0.0
18208,60.0,14,6,2,53746344.0
18209,58.0,13,7,0,0.0
18210,56.0,13,7,1,0.0
18211,42.0,11,9,2,0.0
18212,38.0,11,9,4,0.0
18213,36.0,11,9,5,0.0
18214,40.0,11,9,3,0.0
18215,36.0,10,10,2,0.0
18216,60.0,14,6,2,0.0
18217,36.0,10,10,2,0.0
18218,32.0,9,11,1,0.0
18219,46.0,12,8,3,0.0
18220,58.0,14,6,3,0.0
18221,52.0,13,7,3,0.0
18222,52.0,13,7,3,0.0
18223,34.0,10,10,3,0.0
18224,50.0,12,8,1,0.0
18225,48.0,12,8,2,0.0
18226,20.0,8,12,4,0.0
18227,66.0,15,5,2,0.0
18228,24.0,10,10,8,0.0
18229,62.0,15,5,4,0.0
18230,22.0,8,12,3,0.0
18231,36.0,10,10,2,0.0
18232,42.0,11,9,2,0.0
18233,34.0,9,11,0,0.0
18234,44.0,13,7,7,0.0
18235,54.0,14,6,5,0.0
18236,76.0,17,3,3,0.0
18237,52.0,12,8,0,0.0
18238,36.0,10,10,2,0.0
18239,32.0,10,10,4,0.0
18240,66.0,15,5,2,68885376.0
18241,52.0,13,7,3,0.0
18242,48.0,12,8,2,0.0
18243,42.0,11,9,2,0.0
18244,54.0,13,7,2,0.0
18245,34.0,9,11,0,0.0
18246,52.0,13,7,3,0.0
18247,62.0,14,6,1,0.0
18248,60.0,15,5,5,0.0
18249,46.0,12,8,3,0.0
18250,30.0,9,11,2,0.0
18251,58.0,13,7,0,0.0
18252,26.0,10,10,7,0.0
18253,38.0,11,9,4,0.0
18254,52.0,14,6,6,0.0
18255,66.0,15,5,2,0.0
18256,38.0,11,9,4,0.0
18257,62.0,14,6,1,0.0
18258,46.0,12,8,3,0.0
18259,42.0,11,9,2,0.0
18260,48.0,12,8,2,0.0
18261,58.0,13,7,0,0.0
18262,40.0,11,9,3,0.0
18263,28.0,9,11,3,0.0
18264,32.0,11,9,7,0.0
18265,46.0,11,9,0,0.0
18266,50.0,12,8,1,0.0
18267,56.0,13,7,1,0.0
18268,52.0,13,7,3,0.0
18269,32.0,10,10,4,0.0
18270,40.0,10,10,0,0.0
18271,30.0,9,11,2,0.0
18272,48.0,12,8,2,7580770.0
18273,26.0,9,11,4,0.0
18274,46.0,11,9,0,0.0
18275,68.0,15,5,1,0.0
18276,56.0,13,7,1,0.0
18277,34.0,10,10,3,0.0
18278,52.0,13,7,3,0.0
18279,44.0,12,8,4,0.0
18280,48.0,12,8,2,0.0
18281,58.0,15,5,6,0.0
18282,28.0,11,9,9,0.0
18283,46.0,12,8,3,0.0
18284,42.0,12,8,5,0.0
18285,48.0,12,8,2,0.0
18286,62.0,15,5,4,0.0
18287,64.0,14,6,0,0.0
18288,34.0,9,11,0,0.0
18289,26.0,9,11,4,0.0
18290,42.0,11,9,2,0.0
18291,62.0,16,4,7,0.0
18292,56.0,15,5,7,0.0
18293,58.0,14,6,3,0.0
18294,48.0,12,8,2,0.0
18295,50.0,13,7,4,0.0
18296,26.0,9,11,4,0.0
18297,58.0,14,6,3,0.0
18298,58.0,15,5,6,0.0
18299,64.0,16,4,6,0.0
18300,78.0,17,3,2,0.0
18301,58.0,14,6,3,0.0
18302,66.0,15,5,2,0.0
18303,50.0,12,8,1,0.0
18304,38.0,11,9,4,6312098.0
18305,26.0,8,12,1,0.0
18306,50.0,13,7,4,0.0
18307,60.0,14,6,2,0.0
18308,32.0,9,11,1,0.0
18309,50.0,12,8,1,0.0
18310,12.0,7,13,5,0.0
18311,36.0,10,10,2,0.0
18312,46.0,11,9,0,0.0
18313,48.0,12,8,2,0.0
18314,54.0,13,7,2,0.0
18315,44.0,11,9,1,0.0
18316,48.0,12,8,2,0.0
18317,44.0,12,8,4,0.0
18318,36.0,11,9,5,0.0
18319,46.0,13,7,6,0.0
18320,50.0,13,7,4,0.0
18321,38.0,11,9,4,0.0
18322,44.0,11,9,1,0.0
18323,38.0,11,9,4,0.0
18324,34.0,10,10,3,0.0
18325,40.0,11,9,3,0.0
18326,42.0,11,9,2,0.0
18327,42.0,12,8,5,0.0
18328,40.0,11,9,3,0.0
18329,52.0,13,7,3,0.0
18330,46.0,11,9,0,0.0
18331,56.0,13,7,1,0.0
18332,40.0,10,10,0,0.0
18333,34.0,10,10,3,0.0
18334,44.0,11,9,1,0.0
18335,54.0,13,7,2,0.0
18336,42.0,12,8,5,31550117888.0
18337,40.0,11,9,3,0.0
18338,32.0,11,9,7,0.0
18339,40.0,11,9,3,0.0
18340,42.0,12,8,5,0.0
18341,30.0,9,11,2,0.0
18342,42.0,12,8,5,0.0
18343,68.0,15,5,1,0.0
18344,84.0,18,2,2,0.0
18345,62.0,14,6,1,0.0
18346,78.0,17,3,2,0.0
18347,48.0,12,8,2,0.0
18348,50.0,12,8,1,0.0
18349,56.0,13,7,1,0.0
18350,48.0,12,8,2,0.0
18351,64.0,14,6,0,0.0
18352,42.0,11,9,2,0.0
18353,46.0,13,7,6,0.0
18354,56.0,13,7,1,0.0
18355,52.0,13,7,3,0.0
18356,32.0,9,11,1,0.0
18357,28.0,9,11,3,0.0
18358,34.0,10,10,3,0.0
18359,54.0,13,7,2,0.0
18360,42.0,11,9,2,0.0
18361,60.0,14,6,2,0.0
18362,44.0,11,9,1,0.0
18363,58.0,14,6,3,0.0
18364,56.0,14,6,4,0.0
18365,32.0,10,10,4,0.0
18366,32.0,10,10,4,0.0
18367,54.0,14,6,5,0.0
18368,62.0,14,6,1,284484000.0
18369,62.0,14,6,1,0.0
18370,58.0,14,6,3,0.0
18371,60.0,14,6,2,0.0
18372,28.0,9,11,3,0.0
18373,46.0,12,8,3,0.0
18374,28.0,9,11,3,0.0
18375,34.0,10,10,3,0.0
18376,50.0,13,7,4,0.0
18377,52.0,12,8,0,0.0
18378,60.0,14,6,2,0.0
18379,52.0,13,7,3,0.0
18380,38.0,10,10,1,0.0
18381,48.0,12,8,2,0.0
18382,60.0,14,6,2,0.0
18383,46.0,12,8,3,0.0
18384,36.0,11,9,5,0.0
18385,54.0,14,6,5,0.0
18386,52.0,13,7,3,0.0
18387,38.0,11,9,4,0.0
18388,52.0,12,8,0,0.0
18389,40.0,10,10,0,0.0
18390,42.0,11,9,2,0.0
18391,36.0,11,9,5,0.0
18392,18.0,8,12,5,0.0
18393,34.0,10,10,3,0.0
18394,56.0,14,6,4,0.0
18395,38.0,11,9,4,0.0
18396,46.0,11,9,0,0.0
18397,50.0,12,8,1,0.0
18398,64.0,15,5,3,0.0
18399,32.0,10,10,4,0.0
18400,48.0,12,8,2,20.881497065226238
18401,42.0,11,9,2,0.0
18402,58.0,14,6,3,0.0
18403,50.0,12,8,1,0.0
18404,36.0,11,9,5,0.0
18405,34.0,10,10,3,0.0
18406,54.0,14,6,5,0.0
18407,58.0,14,6,3,0.0
18408,50.0,13,7,4,0.0
18409,56.0,14,6,4,0.0
18410,48.0,12,8,2,0.0
18411,14.0,8,12,7,0.0
18412,22.0,9,11,6,0.0
18413,32.0,11,9,7,0.0
18414,50.0,13,7,4,0.0
18415,36.0,10,10,2,0.0
18416,50.0,12,8,1,0.0
18417,68.0,16,4,4,0.0
18418,18.0,8,12,5,0.0
18419,38.0,10,10,1,0.0
18420,40.0,10,10,0,0.0
18421,52.0,13,7,3,0.0
18422,70.0,16,4,3,0.0
18423,68.0,15,5,1,0.0
18424,42.0,11,9,2,0.0
18425,48.0,12,8,2,0.0
18426,50.0,13,7,4,0.0
18427,44.0,12,8,4,0.0
18428,48.0,12,8,2,0.0
18429,50.0,13,7,4,0.0
18430,36.0,11,9,5,0.0
18431,42.0,13,7,8,0.0
18432,50.0,13,7,4,187351712.0
18433,78.0,17,3,2,0.0
18434,54.0,13,7,2,0.0
18435,50.0,12,8,1,0.0
18436,40.0,10,10,0,0.0
18437,42.0,11,9,2,0.0
18438,46.0,12,8,3,0.0
18439,44.0,12,8,4,0.0
18440,52.0,13,7,3,0.0
18441,16.0,8,12,6,0.0
18442,66.0,15,5,2,0.0
18443,48.0,13,7,5,0.0
18444,40.0,10,10,0,0.0
18445,48.0,13,7,5,0.0
18446,46.0,11,9,0,0.0
18447,52.0,13,7,3,0.0
18448,54.0,13,7,2,0.0
18449,46.0,12,8,3,0.0
18450,62.0,14,6,1,0.0
18451,50.0,13,7,4,0.0
18452,56.0,13,7,1,0.0
18453,34.0,10,10,3,0.0
18454,38.0,11,9,4,0.0
18455,52.0,13,7,3,0.0
18456,56.0,14,6,4,0.0
18457,30.0,9,11,2,0.0
18458,62.0,15,5,4,0.0
18459,56.0,14,6,4,0.0
18460,42.0,12,8,5,0.0
18461,46.0,13,7,6,0.0
18462,32.0,10,10,4,0.0
18463,38.0,11,9,4,0.0
18464,44.0,12,8,4,410151.2552083333
18465,38.0,11,9,4,0.0
18466,28.0,8,12,0,0.0
18467,74.0,16,4,1,0.0
18468,34.0,10,10,3,0.0
18469,40.0,11,9,3,0.0
18470,32.0,9,11,1,0.0
18471,26.0,8,12,1,0.0
18472,46.0,12,8,3,0.0
18473,28.0,10,10,6,0.0
18474,60.0,14,6,2,0.0
18475,52.0,13,7,3,0.0
18476,58.0,14,6,3,0.0
18477,32.0,10,10,4,0.0
18478,36.0,11,9,5,0.0
18479,68.0,16,4,4,0.0
18480,34.0,10,10,3,0.0
18481,38.0,11,9,4,0.0
18482,52.0,13,7,3,0.0
18483,40.0,12,8,6,0.0
18484,34.0,10,10,3,0.0
18485,34.0,10,10,3,0.0
18486,60.0,15,5,5,0.0
18487,30.0,11,9,8,0.0
18488,56.0,14,6,4,0.0
18489,56.0,13,7,1,0.0
18490,50.0,13,7,4,0.0
18491,56.0,13,7,1,0.0
18492,34.0,10,10,3,0.0
18493,42.0,11,9,2,0.0
18494,48.0,12,8,2,0.0
18495,32.0,11,9,7,0.0
18496,36.0,10,10,2,7017530368.0
18497,34.0,11,9,6,0.0
18498,58.0,14,6,3,0.0
18499,56.0,13,7,1,0.0
18500,66.0,15,5,2,0.0
18501,44.0,11,9,1,0.0
18502,50.0,12,8,1,0.0
18503,36.0,10,10,2,0.0
18504,54.0,13,7,2,0.0
18505,48.0,12,8,2,0.0
18506,50.0,13,7,4,0.0
18507,58.0,14,6,3,0.0
18508,60.0,15,5,5,0.0
18509,38.0,11,9,4,0.0
18510,28.0,9,11,3,0.0
18511,40.0,10,10,0,0.0
18512,38.0,10,10,1,0.0
18513,60.0,14,6,2,0.0
18514,66.0,15,5,2,0.0
18515,50.0,12,8,1,0.0
18516,66.0,15,5,2,0.0
18517,48.0,12,8,2,0.0
18518,64.0,15,5,3,0.0
18519,36.0,10,10,2,0.0
18520,52.0,13,7,3,0.0
18521,70.0,16,4,3,0.0
18522,54.0,13,7,2,0.0
18523,30.0,9,11,2,0.0
18524,34.0,10,10,3,0.0
18525,44.0,11,9,1,0.0
18526,68.0,15,5,1,0.0
18527,66.0,15,5,2,0.0
18528,48.0,13,7,5,497.49214426676434
18529,50.0,13,7,4,0.0
18530,30.0,9,11,2,0.0
18531,60.0,14,6,2,0.0
18532,46.0,12,8,3,0.0
18533,54.0,14,6,5,0.0
18534,60.0,15,5,5,0.0
18535,48.0,13,7,5,0.0
18536,50.0,13,7,4,0.0
18537,44.0,11,9,1,0.0
18538,48.0,12,8,2,0.0
18539,46.0,12,8,3,0.0
18540,72.0,16,4,2,0.0
18541,52.0,13,7,3,0.0
18542,64.0,15,5,3,0.0
18543,42.0,11,9,2,0.0
18544,22.0,8,12,3,0.0
18545,78.0,17,3,2,0.0
18546,64.0,16,4,6,0.0
18547,44.0,12,8,4,0.0
18548,48.0,12,8,2,0.0
18549,36.0,10,10,2,0.0
18550,54.0,13,7,2,0.0
18551,22.0,8,12,3,0.0
18552,56.0,14,6,4,0.0
18553,50.0,13,7,4,0.0
18554,48.0,12,8,2,0.0
18555,52.0,14,6,6,0.0
18556,62.0,14,6,1,0.0
18557,40.0,11,9,3,0.0
18558,52.0,12,8,0,0.0
18559,48.0,12,8,2,0.0
18560,44.0,11,9,1,4487764992.0
18561,42.0,11,9,2,0.0
18562,32.0,10,10,4,0.0
18563,48.0,12,8,2,0.0
18564,36.0,10,10,2,0.0
18565,60.0,15,5,5,0.0
18566,44.0,12,8,4,0.0
18567,46.0,12,8,3,0.0
18568,62.0,15,5,4,0.0
18569,56.0,13,7,1,0.0
18570,66.0,15,5,2,0.0
18571,52.0,13,7,3,0.0
18572,50.0,12,8,1,0.0
18573,30.0,9,11,2,0.0
18574,34.0,10,10,3,0.0
18575,32.0,10,10,4,0.0
18576,44.0,13,7,7,0.0
18577,44.0,12,8,4,0.0
18578,66.0,15,5,2,0.0
18579,60.0,14,6,2,0.0
18580,50.0,13,7,4,0.0
18581,54.0,13,7,2,0.0
18582,64.0,14,6,0,0.0
18583,48.0,12,8,2,0.0
18584,56.0,14,6,4,0.0
18585,36.0,11,9,5,0.0
18586,46.0,12,8,3,0.0
18587,46.0,12,8,3,0.0
18588,66.0,15,5,2,0.0
18589,58.0,13,7,0,0.0
18590,50.0,13,7,4,0.0
18591,40.0,11,9,3,0.0
18592,44.0,12,8,4,3913953.0
18593,66.0,15,5,2,0.0
18594,40.0,11,9,3,0.0
18595,54.0,14,6,5,0.0
18596,64.0,14,6,0,0.0
18597,44.0,12,8,4,0.0
18598,68.0,15,5,1,0.0
18599,48.0,14,6,8,0.0
18600,58.0,14,6,3,0.0
18601,52.0,12,8,0,0.0
18602,54.0,14,6,5,0.0
18603,44.0,11,9,1,0.0
18604,28.0,9,11,3,0.0
18605,62.0,14,6,1,0.0
18606,44.0,11,9,1,0.0
18607,26.0,9,11,4,0.0
18608,44.0,12,8,4,0.0
18609,44.0,11,9,1,0.0
18610,68.0,15,5,1,0.0
18611,52.0,14,6,6,0.0
18612,44.0,12,8,4,0.0
18613,64.0,15,5,3,0.0
18614,36.0,10,10,2,0.0
18615,46.0,11,9,0,0.0
18616,62.0,14,6,1,0.0
18617,40.0,12,8,6,0.0
18618,38.0,11,9,4,0.0
18619,48.0,12,8,2,0.0
18620,24.0,8,12,2,0.0
18621,50.0,13,7,4,0.0
18622,38.0,11,9,4,0.0
18623,72.0,16,4,2,0.0
18624,38.0,11,9,4,4724823.5
18625,38.0,12,8,7,0.0
18626,46.0,12,8,3,0.0
18627,42.0,11,9,2,0.0
18628,56.0,13,7,1,0.0
18629,42.0,12,8,5,0.0
18630,68.0,16,4,4,0.0
18631,36.0,11,9,5,0.0
18632,56.0,14,6,4,0.0
18633,30.0,10,10,5,0.0
18634,50.0,12,8,1,0.0
18635,42.0,11,9,2,0.0
18636,50.0,13,7,4,0.0
18637,38.0,10,10,1,0.0
18638,40.0,12,8,6,0.0
18639,64.0,14,6,0,0.0
18640,22.0,7,13,0,0.0
18641,46.0,12,8,3,0.0
18642,56.0,14,6,4,0.0
18643,48.0,13,7,5,0.0
18644,42.0,11,9,2,0.0
18645,58.0,13,7,0,0.0
18646,70.0,16,4,3,0.0
18647,50.0,12,8,1,0.0
18648,20.0,8,12,4,0.0
18649,46.0,12,8,3,0.0
18650,32.0,10,10,4,0.0
18651,56.0,13,7,1,0.0
18652,24.0,9,11,5,0.0
18653,54.0,13,7,2,0.0
18654,30.0,9,11,2,0.0
18655,50.0,13,7,4,0.0
18656,50.0,13,7,4,4624751.0
18657,56.0,14,6,4,0.0
18658,58.0,14,6,3,0.0
18659,62.0,14,6,1,0.0
18660,54.0,13,7,2,0.0
18661,38.0,10,10,1,0.0
18662,54.0,13,7,2,0.0
18663,52.0,13,7,3,0.0
18664,42.0,12,8,5,0.0
18665,40.0,10,10,0,0.0
18666,70.0,16,4,3,0.0
18667,60.0,15,5,5,0.0
18668,46.0,11,9,0,0.0
18669,56.0,14,6,4,0.0
18670,38.0,11,9,4,0.0
18671,46.0,12,8,3,0.0
18672,48.0,12,8,2,0.0
18673,20.0,9,11,7,0.0
18674,44.0,11,9,1,0.0
18675,50.0,12,8,1,0.0
18676,28.0,9,11,3,0.0
18677,48.0,13,7,5,0.0
18678,52.0,13,7,3,0.0
18679,54.0,14,6,5,0.0
18680,40.0,10,10,0,0.0
18681,58.0,14,6,3,0.0
18682,20.0,8,12,4,0.0
18683,56.0,14,6,4,0.0
18684,32.0,10,10,4,0.0
18685,42.0,12,8,5,0.0
18686,56.0,13,7,1,0.0
18687,42.0,12,8,5,0.0
18688,46.0,12,8,3,55946.736653645836
18689,30.0,10,10,5,0.0
18690,48.0,13,7,5,0.0
18691,38.0,11,9,4,0.0
18692,50.0,12,8,1,0.0
18693,58.0,13,7,0,0.0
18694,36.0,10,10,2,0.0
18695,66.0,15,5,2,0.0
18696,50.0,13,7,4,0.0
18697,48.0,13,7,5,0.0
18698,56.0,14,6,4,0.0
18699,62.0,14,6,1,0.0
18700,60.0,14,6,2,0.0
18701,82.0,17,3,0,0.0
18702,60.0,15,5,5,0.0
18703,36.0,10,10,2,0.0
18704,32.0,10,10,4,0.0
18705,58.0,15,5,6,0.0
18706,40.0,11,9,3,0.0
18707,42.0,11,9,2,0.0
18708,64.0,15,5,3,0.0
18709,44.0,11,9,1,0.0
18710,2.0,5,15,4,0.0
18711,48.0,12,8,2,0.0
18712,74.0,16,4,1,0.0
18713,36.0,10,10,2,0.0
18714,54.0,13,7,2,0.0
18715,44.0,12,8,4,0.0
18716,52.0,13,7,3,0.0
18717,52.0,13,7,3,0.0
18718,38.0,11,9,4,0.0
18719,60.0,14,6,2,0.0
18720,56.0,14,6,4,152934383616.0
18721,36.0,11,9,5,0.0
18722,64.0,15,5,3,0.0
18723,32.0,10,10,4,0.0
18724,58.0,14,6,3,0.0
18725,46.0,13,7,6,0.0
18726,60.0,14,6,2,0.0
18727,44.0,11,9,1,0.0
18728,44.0,12,8,4,0.0
18729,34.0,9,11,0,0.0
18730,46.0,12,8,3,0.0
18731,34.0,10,10,3,0.0
18732,64.0,15,5,3,0.0
18733,78.0,17,3,2,0.0
18734,42.0,11,9,2,0.0
18735,58.0,14,6,3,0.0
18736,46.0,12,8,3,0.0
18737,62.0,14,6,1,0.0
18738,56.0,14,6,4,0.0
18739,76.0,17,3,3,0.0
18740,54.0,13,7,2,0.0
18741,34.0,10,10,3,0.0
18742,20.0,7,13,1,0.0
18743,46.0,12,8,3,0.0
18744,56.0,13,7,1,0.0
18745,40.0,11,9,3,0.0
18746,46.0,12,8,3,0.0
18747,64.0,14,6,0,0.0
18748,58.0,14,6,3,0.0
18749,52.0,13,7,3,0.0
18750,18.0,7,13,2,0.0
18751,54.0,13,7,2,0.0
18752,48.0,12,8,2,2099083008.0
18753,56.0,13,7,1,0.0
18754,34.0,9,11,0,0.0
18755,50.0,12,8,1,0.0
18756,70.0,15,5,0,0.0
18757,46.0,11,9,0,0.0
18758,24.0,8,12,2,0.0
18759,76.0,16,4,0,0.0
18760,42.0,11,9,2,0.0
18761,54.0,13,7,2,0.0
18762,46.0,11,9,0,0.0
18763,36.0,10,10,2,0.0
18764,68.0,16,4,4,0.0
18765,54.0,13,7,2,0.0
18766,40.0,11,9,3,0.0
18767,46.0,12,8,3,0.0
18768,28.0,10,10,6,0.0
18769,38.0,11,9,4,0.0
18770,30.0,9,11,2,0.0
18771,38.0,10,10,1,0.0
18772,52.0,13,7,3,0.0
18773,38.0,10,10,1,0.0
18774,64.0,14,6,0,0.0
18775,38.0,11,9,4,0.0
18776,46.0,13,7,6,0.0
18777,46.0,12,8,3,0.0
18778,40.0,11,9,3,0.0
18779,58.0,15,5,6,0.0
18780,58.0,14,6,3,0.0
18781,44.0,12,8,4,0.0
18782,44.0,11,9,1,0.0
18783,60.0,14,6,2,0.0
18784,62.0,14,6,1,1048611.75
18785,52.0,13,7,3,0.0
18786,38.0,11,9,4,0.0
18787,68.0,15,5,1,0.0
18788,24.0,8,12,2,0.0
18789,52.0,13,7,3,0.0
18790,52.0,13,7,3,0.0
18791,42.0,12,8,5,0.0
18792,14.0,7,13,4,0.0
18793,38.0,10,10,1,0.0
18794,14.0,7,13,4,0.0
18795,46.0,11,9,0,0.0
18796,62.0,14,6,1,0.0
18797,46.0,13,7,6,0.0
18798,28.0,10,10,6,0.0
18799,30.0,9,11,2,0.0
18800,24.0,9,11,5,0.0
18801,76.0,17,3,3,0.0
18802,60.0,14,6,2,0.0
18803,48.0,13,7,5,0.0
18804,48.0,12,8,2,0.0
18805,44.0,12,8,4,0.0
18806,50.0,13,7,4,0.0
18807,44.0,11,9,1,0.0
18808,34.0,10,10,3,0.0
18809,38.0,10,10,1,0.0
18810,64.0,14,6,0,0.0
18811,52.0,13,7,3,0.0
18812,44.0,11,9,1,0.0
18813,60.0,15,5,5,0.0
18814,68.0,15,5,1,0.0
18815,60.0,14,6,2,0.0
18816,56.0,14,6,4,1331866.25
18817,44.0,12,8,4,0.0
18818,38.0,11,9,4,0.0
18819,66.0,15,5,2,0.0
18820,54.0,13,7,2,0.0
18821,18.0,7,13,2,0.0
18822,40.0,10,10,0,0.0
18823,56.0,15,5,7,0.0
18824,26.0,9,11,4,0.0
18825,62.0,15,5,4,0.0
18826,56.0,15,5,7,0.0
18827,38.0,12,8,7,0.0
18828,66.0,15,5,2,0.0
18829,52.0,13,7,3,0.0
18830,46.0,12,8,3,0.0
18831,62.0,15,5,4,0.0
18832,42.0,11,9,2,0.0
18833,40.0,10,10,0,0.0
18834,62.0,14,6,1,0.0
18835,50.0,12,8,1,0.0
18836,38.0,11,9,4,0.0
18837,70.0,16,4,3,0.0
18838,44.0,12,8,4,0.0
18839,42.0,12,8,5,0.0
18840,58.0,15,5,6,0.0
18841,50.0,12,8,1,0.0
18842,40.0,11,9,3,0.0
18843,44.0,12,8,4,0.0
18844,58.0,14,6,3,0.0
18845,42.0,12,8,5,0.0
18846,48.0,12,8,2,0.0
18847,42.0,11,9,2,0.0
18848,36.0,10,10,2,603363.3125
18849,54.0,13,7,2,0.0
18850,36.0,11,9,5,0.0
18851,36.0,10,10,2,0.0
18852,66.0,15,5,2,0.0
18853,36.0,10,10,2,0.0
18854,50.0,14,6,7,0.0
18855,72.0,16,4,2,0.0
18856,36.0,10,10,2,0.0
18857,30.0,9,11,2,0.0
18858,62.0,14,6,1,0.0
18859,54.0,13,7,2,0.0
18860,30.0,10,10,5,0.0
18861,34.0,10,10,3,0.0
18862,48.0,12,8,2,0.0
18863,38.0,10,10,1,0.0
18864,68.0,16,4,4,0.0
18865,22.0,8,12,3,0.0
18866,60.0,15,5,5,0.0
18867,44.0,11,9,1,0.0
18868,52.0,13,7,3,0.0
18869,50.0,12,8,1,0.0
18870,32.0,9,11,1,0.0
18871,56.0,14,6,4,0.0
18872,56.0,14,6,4,0.0
18873,28.0,9,11,3,0.0
18874,48.0,12,8,2,0.0
18875,54.0,13,7,2,0.0
18876,62.0,15,5,4,0.0
18877,62.0,15,5,4,0.0
18878,44.0,12,8,4,0.0
18879,54.0,13,7,2,0.0
18880,34.0,10,10,3,78171.20442708333
18881,48.0,12,8,2,0.0
18882,56.0,14,6,4,0.0
18883,66.0,16,4,5,0.0
18884,46.0,11,9,0,0.0
18885,62.0,14,6,1,0.0
18886,24.0,9,11,5,0.0
18887,38.0,11,9,4,0.0
18888,24.0,9,11,5,0.0
18889,46.0,12,8,3,0.0
18890,72.0,16,4,2,0.0
18891,56.0,14,6,4,0.0
18892,54.0,13,7,2,0.0
18893,36.0,10,10,2,0.0
18894,70.0,16,4,3,0.0
18895,40.0,11,9,3,0.0
18896,20.0,7,13,1,0.0
18897,16.0,8,12,6,0.0
18898,22.0,7,13,0,0.0
18899,42.0,11,9,2,0.0
18900,68.0,15,5,1,0.0
18901,54.0,13,7,2,0.0
18902,76.0,16,4,0,0.0
18903,58.0,14,6,3,0.0
18904,42.0,12,8,5,0.0
18905,32.0,10,10,4,0.0
18906,50.0,12,8,1,0.0
18907,42.0,12,8,5,0.0
18908,34.0,10,10,3,0.0
18909,50.0,12,8,1,0.0
18910,32.0,10,10,4,0.0
18911,54.0,14,6,5,0.0
18912,48.0,12,8,2,2878098387238912.0
18913,66.0,15,5,2,0.0
18914,38.0,12,8,7,0.0
18915,50.0,13,7,4,0.0
18916,70.0,15,5,0,0.0
18917,42.0,11,9,2,0.0
18918,54.0,14,6,5,0.0
18919,30.0,10,10,5,0.0
18920,48.0,14,6,8,0.0
18921,44.0,12,8,4,0.0
18922,44.0,11,9,1,0.0
18923,44.0,11,9,1,0.0
18924,72.0,16,4,2,0.0
18925,32.0,10,10,4,0.0
18926,24.0,10,10,8,0.0
18927,32.0,9,11,1,0.0
18928,40.0,11,9,3,0.0
18929,58.0,14,6,3,0.0
18930,34.0,10,10,3,0.0
18931,60.0,14,6,2,0.0
18932,34.0,11,9,6,0.0
18933,58.0,15,5,6,0.0
18934,48.0,12,8,2,0.0
18935,26.0,9,11,4,0.0
18936,40.0,11,9,3,0.0
18937,30.0,9,11,2,0.0
18938,52.0,13,7,3,0.0
18939,44.0,12,8,4,0.0
18940,42.0,11,9,2,0.0
18941,44.0,12,8,4,0.0
18942,30.0,10,10,5,0.0
18943,38.0,10,10,1,0.0
18944,70.0,15,5,0,16689121280.0
18945,56.0,14,6,4,0.0
18946,42.0,11,9,2,0.0
18947,28.0,9,11,3,0.0
18948,44.0,12,8,4,0.0
18949,32.0,10,10,4,0.0
18950,56.0,14,6,4,0.0
18951,74.0,16,4,1,0.0
18952,38.0,11,9,4,0.0
18953,68.0,15,5,1,0.0
18954,56.0,14,6,4,0.0
18955,50.0,13,7,4,0.0
18956,52.0,13,7,3,0.0
18957,72.0,17,3,5,0.0
18958,60.0,14,6,2,0.0
18959,46.0,12,8,3,0.0
18960,64.0,15,5,3,0.0
18961,58.0,14,6,3,0.0
18962,60.0,14,6,2,0.0
18963,22.0,8,12,3,0.0
18964,52.0,13,7,3,0.0
18965,34.0,11,9,6,0.0
18966,56.0,14,6,4,0.0
18967,66.0,15,5,2,0.0
18968,34.0,10,10,3,0.0
18969,34.0,10,10,3,0.0
18970,44.0,12,8,4,0.0
18971,64.0,15,5,3,0.0
18972,52.0,12,8,0,0.0
18973,70.0,15,5,0,0.0
18974,30.0,9,11,2,0.0
18975,60.0,14,6,2,0.0
18976,50.0,13,7,4,46772199424.0
18977,54.0,13,7,2,0.0
18978,64.0,15,5,3,0.0
18979,32.0,10,10,4,0.0
18980,56.0,13,7,1,0.0
18981,46.0,13,7,6,0.0
18982,66.0,15,5,2,0.0
18983,62.0,14,6,1,0.0
18984,64.0,15,5,3,0.0
18985,54.0,13,7,2,0.0
18986,48.0,13,7,5,0.0
18987,44.0,12,8,4,0.0
18988,46.0,12,8,3,0.0
18989,60.0,15,5,5,0.0
18990,50.0,12,8,1,0.0
18991,38.0,11,9,4,0.0
18992,58.0,13,7,0,0.0
18993,74.0,16,4,1,0.0
18994,36.0,11,9,5,0.0
18995,48.0,13,7,5,0.0
18996,58.0,14,6,3,0.0
18997,30.0,10,10,5,0.0
18998,30.0,10,10,5,0.0
18999,72.0,16,4,2,0.0
19000,58.0,14,6,3,0.0
19001,56.0,13,7,1,0.0
19002,56.0,14,6,4,0.0
19003,40.0,11,9,3,0.0
19004,56.0,14,6,4,0.0
19005,44.0,12,8,4,0.0
19006,62.0,14,6,1,0.0
19007,32.0,10,10,4,0.0
19008,50.0,12,8,1,1514065.0
19009,48.0,12,8,2,0.0
19010,40.0,11,9,3,0.0
19011,50.0,14,6,7,0.0
19012,60.0,14,6,2,0.0
19013,52.0,14,6,6,0.0
19014,60.0,14,6,2,0.0
19015,46.0,11,9,0,0.0
19016,50.0,13,7,4,0.0
19017,20.0,7,13,1,0.0
19018,38.0,10,10,1,0.0
19019,28.0,9,11,3,0.0
19020,52.0,13,7,3,0.0
19021,46.0,12,8,3,0.0
19022,38.0,11,9,4,0.0
19023,54.0,13,7,2,0.0
19024,50.0,13,7,4,0.0
19025,68.0,15,5,1,0.0
19026,30.0,9,11,2,0.0
19027,52.0,13,7,3,0.0
19028,60.0,15,5,5,0.0
19029,42.0,12,8,5,0.0
19030,46.0,12,8,3,0.0
19031,38.0,11,9,4,0.0
19032,32.0,9,11,1,0.0
19033,60.0,14,6,2,0.0
19034,50.0,13,7,4,0.0
19035,44.0,11,9,1,0.0
19036,74.0,16,4,1,0.0
19037,16.0,7,13,3,0.0
19038,46.0,12,8,3,0.0
19039,50.0,13,7,4,0.0
19040,26.0,8,12,1,279679.59375
19041,48.0,12,8,2,0.0
19042,58.0,14,6,3,0.0
19043,50.0,12,8,1,0.0
19044,62.0,14,6,1,0.0
19045,68.0,15,5,1,0.0
19046,26.0,11,9,10,0.0
19047,58.0,14,6,3,0.0
19048,60.0,14,6,2,0.0
19049,52.0,13,7,3,0.0
19050,36.0,10,10,2,0.0
19051,26.0,9,11,4,0.0
19052,40.0,12,8,6,0.0
19053,56.0,13,7,1,0.0
19054,66.0,15,5,2,0.0
19055,48.0,12,8,2,0.0
19056,26.0,9,11,4,0.0
19057,46.0,12,8,3,0.0
19058,62.0,15,5,4,0.0
19059,46.0,12,8,3,0.0
19060,50.0,13,7,4,0.0
19061,32.0,10,10,4,0.0
19062,46.0,12,8,3,0.0
19063,48.0,12,8,2,0.0
19064,52.0,13,7,3,0.0
19065,26.0,8,12,1,0.0
19066,36.0,10,10,2,0.0
19067,32.0,10,10,4,0.0
19068,26.0,8,12,1,0.0
19069,36.0,11,9,5,0.0
19070,40.0,11,9,3,0.0
19071,52.0,13,7,3,0.0
19072,20.0,7,13,1,54211.416341145836
19073,66.0,15,5,2,0.0
19074,60.0,14,6,2,0.0
19075,62.0,15,5,4,0.0
19076,50.0,12,8,1,0.0
19077,40.0,11,9,3,0.0
19078,38.0,10,10,1,0.0
19079,50.0,13,7,4,0.0
19080,34.0,11,9,6,0.0
19081,42.0,11,9,2,0.0
19082,48.0,12,8,2,0.0
19083,24.0,8,12,2,0.0
19084,62.0,15,5,4,0.0
19085,42.0,11,9,2,0.0
19086,52.0,13,7,3,0.0
19087,48.0,12,8,2,0.0
19088,64.0,14,6,0,0.0
19089,6.0,5,15,2,0.0
19090,30.0,9,11,2,0.0
19091,52.0,13,7,3,0.0
19092,36.0,11,9,5,0.0
19093,54.0,13,7,2,0.0
19094,52.0,12,8,0,0.0
19095,42.0,11,9,2,0.0
19096,56.0,13,7,1,0.0
19097,44.0,12,8,4,0.0
19098,36.0,10,10,2,0.0
19099,46.0,12,8,3,0.0
19100,46.0,11,9,0,0.0
19101,58.0,14,6,3,0.0
19102,34.0,12,8,9,0.0
19103,34.0,10,10,3,0.0
19104,46.0,12,8,3,1768993456128.0
19105,56.0,14,6,4,0.0
19106,50.0,13,7,4,0.0
19107,48.0,12,8,2,0.0
19108,60.0,14,6,2,0.0
19109,60.0,15,5,5,0.0
19110,48.0,12,8,2,0.0
19111,58.0,14,6,3,0.0
19112,54.0,14,6,5,0.0
19113,64.0,14,6,0,0.0
19114,74.0,16,4,1,0.0
19115,62.0,15,5,4,0.0
19116,40.0,11,9,3,0.0
19117,40.0,11,9,3,0.0
19118,44.0,12,8,4,0.0
19119,56.0,14,6,4,0.0
19120,42.0,11,9,2,0.0
19121,44.0,12,8,4,0.0
19122,34.0,10,10,3,0.0
19123,58.0,14,6,3,0.0
19124,16.0,7,13,3,0.0
19125,60.0,14,6,2,0.0
19126,50.0,14,6,7,0.0
19127,40.0,11,9,3,0.0
19128,46.0,12,8,3,0.0
19129,40.0,11,9,3,0.0
19130,40.0,11,9,3,0.0
19131,70.0,16,4,3,0.0
19132,68.0,16,4,4,0.0
19133,68.0,15,5,1,0.0
19134,68.0,16,4,4,0.0
19135,66.0,16,4,5,0.0
19136,24.0,9,11,5,1798950.25
19137,58.0,14,6,3,0.0
19138,38.0,12,8,7,0.0
19139,54.0,14,6,5,0.0
19140,34.0,10,10,3,0.0
19141,44.0,11,9,1,0.0
19142,50.0,13,7,4,0.0
19143,30.0,10,10,5,0.0
19144,30.0,10,10,5,0.0
19145,50.0,12,8,1,0.0
19146,54.0,13,7,2,0.0
19147,42.0,12,8,5,0.0
19148,60.0,14,6,2,0.0
19149,38.0,11,9,4,0.0
19150,54.0,13,7,2,0.0
19151,42.0,11,9,2,0.0
19152,68.0,16,4,4,0.0
19153,60.0,14,6,2,0.0
19154,46.0,13,7,6,0.0
19155,46.0,12,8,3,0.0
19156,50.0,13,7,4,0.0
19157,32.0,10,10,4,0.0
19158,42.0,11,9,2,0.0
19159,36.0,10,10,2,0.0
19160,44.0,11,9,1,0.0
19161,30.0,10,10,5,0.0
19162,18.0,7,13,2,0.0
19163,74.0,16,4,1,0.0
19164,26.0,9,11,4,0.0
19165,68.0,15,5,1,0.0
19166,16.0,8,12,6,0.0
19167,50.0,13,7,4,0.0
19168,58.0,14,6,3,124125672.0
19169,62.0,15,5,4,0.0
19170,56.0,14,6,4,0.0
19171,66.0,15,5,2,0.0
19172,54.0,14,6,5,0.0
19173,38.0,11,9,4,0.0
19174,64.0,16,4,6,0.0
19175,64.0,14,6,0,0.0
19176,46.0,12,8,3,0.0
19177,52.0,12,8,0,0.0
19178,50.0,13,7,4,0.0
19179,52.0,13,7,3,0.0
19180,44.0,12,8,4,0.0
19181,44.0,12,8,4,0.0
19182,46.0,12,8,3,0.0
19183,40.0,11,9,3,0.0
19184,64.0,15,5,3,0.0
19185,64.0,15,5,3,0.0
19186,48.0,13,7,5,0.0
19187,46.0,12,8,3,0.0
19188,42.0,11,9,2,0.0
19189,38.0,11,9,4,0.0
19190,36.0,11,9,5,0.0
19191,40.0,11,9,3,0.0
19192,56.0,13,7,1,0.0
19193,68.0,15,5,1,0.0
19194,52.0,13,7,3,0.0
19195,56.0,13,7,1,0.0
19196,54.0,14,6,5,0.0
19197,68.0,15,5,1,0.0
19198,42.0,12,8,5,0.0
19199,44.0,11,9,1,0.0
19200,56.0,14,6,4,50.52545611063639
19201,48.0,12,8,2,0.0
19202,56.0,13,7,1,0.0
19203,52.0,13,7,3,0.0
19204,52.0,13,7,3,0.0
19205,54.0,13,7,2,0.0
19206,42.0,11,9,2,0.0
19207,60.0,15,5,5,0.0
19208,40.0,10,10,0,0.0
19209,36.0,10,10,2,0.0
19210,66.0,16,4,5,0.0
19211,60.0,15,5,5,0.0
19212,42.0,11,9,2,0.0
19213,46.0,12,8,3,0.0
19214,62.0,15,5,4,0.0
19215,58.0,14,6,3,0.0
19216,58.0,14,6,3,0.0
19217,54.0,13,7,2,0.0
19218,40.0,11,9,3,0.0
19219,64.0,15,5,3,0.0
19220,36.0,10,10,2,0.0
19221,52.0,14,6,6,0.0
19222,50.0,13,7,4,0.0
19223,22.0,8,12,3,0.0
19224,60.0,14,6,2,0.0
19225,58.0,14,6,3,0.0
19226,36.0,10,10,2,0.0
19227,66.0,16,4,5,0.0
19228,56.0,13,7,1,0.0
19229,38.0,11,9,4,0.0
19230,74.0,16,4,1,0.0
19231,48.0,13,7,5,0.0
19232,62.0,14,6,1,17.82741626103719
19233,58.0,15,5,6,0.0
19234,46.0,12,8,3,0.0
19235,56.0,13,7,1,0.0
19236,28.0,9,11,3,0.0
19237,40.0,11,9,3,0.0
19238,72.0,16,4,2,0.0
19239,68.0,16,4,4,0.0
19240,52.0,13,7,3,0.0
19241,54.0,14,6,5,0.0
19242,52.0,13,7,3,0.0
19243,52.0,13,7,3,0.0
19244,36.0,11,9,5,0.0
19245,44.0,11,9,1,0.0
19246,58.0,14,6,3,0.0
19247,56.0,13,7,1,0.0
19248,54.0,13,7,2,0.0
19249,68.0,16,4,4,0.0
19250,32.0,9,11,1,0.0
19251,46.0,12,8,3,0.0
19252,58.0,13,7,0,0.0
19253,54.0,13,7,2,0.0
19254,38.0,10,10,1,0.0
19255,42.0,12,8,5,0.0
19256,46.0,12,8,3,0.0
19257,56.0,15,5,7,0.0
19258,62.0,15,5,4,0.0
19259,50.0,13,7,4,0.0
19260,32.0,9,11,1,0.0
19261,44.0,11,9,1,0.0
19262,64.0,14,6,0,0.0
19263,54.0,13,7,2,0.0
19264,36.0,10,10,2,2322631.5
19265,68.0,16,4,4,0.0
19266,40.0,11,9,3,0.0
19267,38.0,11,9,4,0.0
19268,58.0,14,6,3,0.0
19269,58.0,14,6,3,0.0
19270,46.0,12,8,3,0.0
19271,54.0,13,7,2,0.0
19272,54.0,14,6,5,0.0
19273,44.0,11,9,1,0.0
19274,48.0,12,8,2,0.0
19275,40.0,11,9,3,0.0
19276,50.0,12,8,1,0.0
19277,52.0,13,7,3,0.0
19278,56.0,13,7,1,0.0
19279,72.0,16,4,2,0.0
19280,22.0,8,12,3,0.0
19281,56.0,14,6,4,0.0
19282,60.0,14,6,2,0.0
19283,46.0,12,8,3,0.0
19284,74.0,16,4,1,0.0
19285,68.0,15,5,1,0.0
19286,40.0,11,9,3,0.0
19287,62.0,15,5,4,0.0
19288,22.0,8,12,3,0.0
19289,38.0,10,10,1,0.0
19290,60.0,15,5,5,0.0
19291,58.0,14,6,3,0.0
19292,28.0,8,12,0,0.0
19293,72.0,16,4,2,0.0
19294,48.0,13,7,5,0.0
19295,28.0,10,10,6,0.0
19296,38.0,11,9,4,7686609.5
19297,46.0,12,8,3,0.0
19298,36.0,11,9,5,0.0
19299,70.0,16,4,3,0.0
19300,54.0,13,7,2,0.0
19301,26.0,9,11,4,0.0
19302,52.0,13,7,3,0.0
19303,70.0,16,4,3,0.0
19304,36.0,11,9,5,0.0
19305,54.0,13,7,2,0.0
19306,44.0,12,8,4,0.0
19307,44.0,11,9,1,0.0
19308,60.0,14,6,2,0.0
19309,48.0,12,8,2,0.0
19310,54.0,13,7,2,0.0
19311,22.0,8,12,3,0.0
19312,26.0,9,11,4,0.0
19313,58.0,14,6,3,0.0
19314,54.0,13,7,2,0.0
19315,34.0,11,9,6,0.0
19316,56.0,14,6,4,0.0
19317,24.0,8,12,2,0.0
19318,56.0,13,7,1,0.0
19319,58.0,14,6,3,0.0
19320,52.0,13,7,3,0.0
19321,70.0,16,4,3,0.0
19322,48.0,12,8,2,0.0
19323,58.0,14,6,3,0.0
19324,34.0,10,10,3,0.0
19325,60.0,14,6,2,0.0
19326,36.0,10,10,2,0.0
19327,52.0,13,7,3,0.0
19328,54.0,13,7,2,441719.0
19329,14.0,7,13,4,0.0
19330,48.0,12,8,2,0.0
19331,42.0,11,9,2,0.0
19332,54.0,13,7,2,0.0
19333,48.0,12,8,2,0.0
19334,60.0,14,6,2,0.0
19335,36.0,11,9,5,0.0
19336,52.0,13,7,3,0.0
19337,38.0,10,10,1,0.0
19338,68.0,16,4,4,0.0
19339,48.0,12,8,2,0.0
19340,34.0,9,11,0,0.0
19341,38.0,11,9,4,0.0
19342,70.0,16,4,3,0.0
19343,62.0,15,5,4,0.0
19344,42.0,12,8,5,0.0
19345,36.0,10,10,2,0.0
19346,58.0,13,7,0,0.0
19347,32.0,11,9,7,0.0
19348,44.0,12,8,4,0.0
19349,56.0,14,6,4,0.0
19350,50.0,13,7,4,0.0
19351,46.0,12,8,3,0.0
19352,44.0,13,7,7,0.0
19353,44.0,11,9,1,0.0
19354,40.0,11,9,3,0.0
19355,40.0,11,9,3,0.0
19356,68.0,16,4,4,0.0
19357,40.0,11,9,3,0.0
19358,52.0,14,6,6,0.0
19359,46.0,12,8,3,0.0
19360,40.0,11,9,3,4067.0217488606772
19361,26.0,9,11,4,0.0
19362,64.0,15,5,3,0.0
19363,58.0,14,6,3,0.0
19364,64.0,15,5,3,0.0
19365,28.0,9,11,3,0.0
19366,38.0,10,10,1,0.0
19367,44.0,11,9,1,0.0
19368,38.0,11,9,4,0.0
19369,40.0,11,9,3,0.0
19370,64.0,15,5,3,0.0
19371,66.0,15,5,2,0.0
19372,40.0,11,9,3,0.0
19373,58.0,15,5,6,0.0
19374,22.0,9,11,6,0.0
19375,52.0,13,7,3,0.0
19376,52.0,13,7,3,0.0
19377,42.0,11,9,2,0.0
19378,34.0,10,10,3,0.0
19379,60.0,14,6,2,0.0
19380,54.0,13,7,2,0.0
19381,42.0,11,9,2,0.0
19382,56.0,13,7,1,0.0
19383,44.0,12,8,4,0.0
19384,18.0,8,12,5,0.0
19385,64.0,15,5,3,0.0
19386,38.0,11,9,4,0.0
19387,60.0,14,6,2,0.0
19388,68.0,15,5,1,0.0
19389,46.0,12,8,3,0.0
19390,62.0,15,5,4,0.0
19391,36.0,10,10,2,0.0
19392,58.0,14,6,3,24428984320.0
19393,52.0,13,7,3,0.0
19394,48.0,12,8,2,0.0
19395,40.0,11,9,3,0.0
19396,58.0,14,6,3,0.0
19397,58.0,14,6,3,0.0
19398,68.0,16,4,4,0.0
19399,34.0,10,10,3,0.0
19400,42.0,11,9,2,0.0
19401,42.0,12,8,5,0.0
19402,60.0,14,6,2,0.0
19403,34.0,11,9,6,0.0
19404,66.0,16,4,5,0.0
19405,42.0,11,9,2,0.0
19406,64.0,15,5,3,0.0
19407,62.0,15,5,4,0.0
19408,36.0,11,9,5,0.0
19409,30.0,9,11,2,0.0
19410,38.0,10,10,1,0.0
19411,54.0,13,7,2,0.0
19412,62.0,14,6,1,0.0
19413,42.0,11,9,2,0.0
19414,60.0,14,6,2,0.0
19415,44.0,13,7,7,0.0
19416,46.0,12,8,3,0.0
19417,26.0,9,11,4,0.0
19418,66.0,15,5,2,0.0
19419,58.0,14,6,3,0.0
19420,58.0,14,6,3,0.0
19421,60.0,14,6,2,0.0
19422,56.0,13,7,1,0.0
19423,56.0,14,6,4,0.0
19424,38.0,11,9,4,627383232.0
19425,30.0,9,11,2,0.0
19426,44.0,11,9,1,0.0
19427,48.0,12,8,2,0.0
19428,40.0,11,9,3,0.0
19429,40.0,11,9,3,0.0
19430,54.0,13,7,2,0.0
19431,18.0,7,13,2,0.0
19432,46.0,12,8,3,0.0
19433,46.0,11,9,0,0.0
19434,82.0,17,3,0,0.0
19435,44.0,12,8,4,0.0
19436,62.0,15,5,4,0.0
19437,52.0,13,7,3,0.0
19438,38.0,11,9,4,0.0
19439,18.0,7,13,2,0.0
19440,40.0,11,9,3,0.0
19441,64.0,15,5,3,0.0
19442,50.0,13,7,4,0.0
19443,30.0,10,10,5,0.0
19444,44.0,11,9,1,0.0
19445,34.0,11,9,6,0.0
19446,74.0,17,3,4,0.0
19447,52.0,14,6,6,0.0
19448,42.0,11,9,2,0.0
19449,54.0,15,5,8,0.0
19450,40.0,11,9,3,0.0
19451,48.0,12,8,2,0.0
19452,46.0,12,8,3,0.0
19453,52.0,13,7,3,0.0
19454,38.0,11,9,4,0.0
19455,44.0,11,9,1,0.0
19456,46.0,12,8,3,293155.1875
19457,42.0,12,8,5,0.0
19458,50.0,12,8,1,0.0
19459,42.0,11,9,2,0.0
19460,46.0,12,8,3,0.0
19461,44.0,11,9,1,0.0
19462,46.0,12,8,3,0.0
19463,72.0,17,3,5,0.0
19464,52.0,13,7,3,0.0
19465,46.0,12,8,3,0.0
19466,44.0,12,8,4,0.0
19467,36.0,10,10,2,0.0
19468,48.0,12,8,2,0.0
19469,34.0,10,10,3,0.0
19470,40.0,11,9,3,0.0
19471,64.0,15,5,3,0.0
19472,34.0,10,10,3,0.0
19473,50.0,13,7,4,0.0
19474,34.0,10,10,3,0.0
19475,38.0,11,9,4,0.0
19476,30.0,10,10,5,0.0
19477,78.0,17,3,2,0.0
19478,66.0,15,5,2,0.0
19479,38.0,11,9,4,0.0
19480,46.0,12,8,3,0.0
19481,44.0,12,8,4,0.0
19482,44.0,11,9,1,0.0
19483,36.0,10,10,2,0.0
19484,54.0,13,7,2,0.0
19485,42.0,12,8,5,0.0
19486,44.0,11,9,1,0.0
19487,58.0,14,6,3,0.0
19488,54.0,14,6,5,4521.1936442057295
19489,66.0,15,5,2,0.0
19490,38.0,11,9,4,0.0
19491,64.0,15,5,3,0.0
19492,50.0,12,8,1,0.0
19493,10.0,6,14,3,0.0
19494,56.0,13,7,1,0.0
19495,44.0,11,9,1,0.0
19496,46.0,12,8,3,0.0
19497,40.0,11,9,3,0.0
19498,50.0,12,8,1,0.0
19499,52.0,12,8,0,0.0
19500,38.0,10,10,1,0.0
19501,46.0,11,9,0,0.0
19502,36.0,11,9,5,0.0
19503,34.0,11,9,6,0.0
19504,52.0,12,8,0,0.0
19505,42.0,11,9,2,0.0
19506,70.0,16,4,3,0.0
19507,70.0,16,4,3,0.0
19508,64.0,14,6,0,0.0
19509,70.0,16,4,3,0.0
19510,50.0,13,7,4,0.0
19511,64.0,15,5,3,0.0
19512,38.0,12,8,7,0.0
19513,70.0,16,4,3,0.0
19514,40.0,12,8,6,0.0
19515,58.0,14,6,3,0.0
19516,56.0,13,7,1,0.0
19517,52.0,13,7,3,0.0
19518,70.0,16,4,3,0.0
19519,42.0,11,9,2,0.0
19520,46.0,12,8,3,22168886837248.0
19521,42.0,11,9,2,0.0
19522,50.0,13,7,4,0.0
19523,76.0,17,3,3,0.0
19524,60.0,15,5,5,0.0
19525,56.0,13,7,1,0.0
19526,46.0,13,7,6,0.0
19527,46.0,12,8,3,0.0
19528,50.0,13,7,4,0.0
19529,46.0,12,8,3,0.0
19530,40.0,10,10,0,0.0
19531,48.0,12,8,2,0.0
19532,26.0,8,12,1,0.0
19533,68.0,16,4,4,0.0
19534,42.0,11,9,2,0.0
19535,40.0,11,9,3,0.0
19536,58.0,15,5,6,0.0
19537,42.0,12,8,5,0.0
19538,52.0,13,7,3,0.0
19539,38.0,11,9,4,0.0
19540,54.0,13,7,2,0.0
19541,42.0,11,9,2,0.0
19542,66.0,15,5,2,0.0
19543,44.0,11,9,1,0.0
19544,50.0,12,8,1,0.0
19545,54.0,13,7,2,0.0
19546,44.0,13,7,7,0.0
19547,52.0,13,7,3,0.0
19548,60.0,14,6,2,0.0
19549,84.0,18,2,2,0.0
19550,34.0,10,10,3,0.0
19551,58.0,14,6,3,0.0
19552,32.0,10,10,4,3312691712.0
19553,58.0,14,6,3,0.0
19554,64.0,15,5,3,0.0
19555,44.0,12,8,4,0.0
19556,66.0,15,5,2,0.0
19557,38.0,11,9,4,0.0
19558,56.0,13,7,1,0.0
19559,42.0,11,9,2,0.0
19560,58.0,13,7,0,0.0
19561,62.0,14,6,1,0.0
19562,42.0,11,9,2,0.0
19563,32.0,9,11,1,0.0
19564,48.0,12,8,2,0.0
19565,64.0,14,6,0,0.0
19566,70.0,15,5,0,0.0
19567,44.0,12,8,4,0.0
19568,52.0,13,7,3,0.0
19569,30.0,10,10,5,0.0
19570,52.0,13,7,3,0.0
19571,44.0,11,9,1,0.0
19572,52.0,13,7,3,0.0
19573,38.0,11,9,4,0.0
19574,36.0,10,10,2,0.0
19575,72.0,16,4,2,0.0
19576,50.0,13,7,4,0.0
19577,72.0,16,4,2,0.0
19578,50.0,13,7,4,0.0
19579,36.0,10,10,2,0.0
19580,74.0,17,3,4,0.0
19581,48.0,13,7,5,0.0
19582,54.0,14,6,5,0.0
19583,58.0,14,6,3,0.0
19584,18.0,8,12,5,1028.5481363932292
19585,42.0,11,9,2,0.0
19586,34.0,10,10,3,0.0
19587,26.0,9,11,4,0.0
19588,74.0,16,4,1,0.0
19589,44.0,12,8,4,0.0
19590,64.0,15,5,3,0.0
19591,64.0,14,6,0,0.0
19592,54.0,13,7,2,0.0
19593,40.0,12,8,6,0.0
19594,48.0,12,8,2,0.0
19595,58.0,14,6,3,0.0
19596,64.0,14,6,0,0.0
19597,54.0,13,7,2,0.0
19598,50.0,12,8,1,0.0
19599,18.0,7,13,2,0.0
19600,50.0,13,7,4,0.0
19601,36.0,10,10,2,0.0
19602,52.0,13,7,3,0.0
19603,42.0,11,9,2,0.0
19604,48.0,13,7,5,0.0
19605,54.0,13,7,2,0.0
19606,36.0,11,9,5,0.0
19607,10.0,7,13,6,0.0
19608,68.0,15,5,1,0.0
19609,44.0,12,8,4,0.0
19610,24.0,8,12,2,0.0
19611,40.0,12,8,6,0.0
19612,36.0,11,9,5,0.0
19613,56.0,14,6,4,0.0
19614,32.0,10,10,4,0.0
19615,52.0,14,6,6,0.0
19616,50.0,13,7,4,137.9642677307129
19617,42.0,12,8,5,0.0
19618,44.0,12,8,4,0.0
19619,38.0,10,10,1,0.0
19620,38.0,10,10,1,0.0
19621,56.0,13,7,1,0.0
19622,78.0,17,3,2,0.0
19623,56.0,14,6,4,0.0
19624,66.0,15,5,2,0.0
19625,44.0,11,9,1,0.0
19626,76.0,17,3,3,0.0
19627,66.0,15,5,2,0.0
19628,66.0,15,5,2,0.0
19629,46.0,12,8,3,0.0
19630,58.0,14,6,3,0.0
19631,52.0,13,7,3,0.0
19632,54.0,13,7,2,0.0
19633,56.0,15,5,7,0.0
19634,58.0,15,5,6,0.0
19635,50.0,12,8,1,0.0
19636,50.0,12,8,1,0.0
19637,82.0,18,2,3,0.0
19638,52.0,13,7,3,0.0
19639,42.0,11,9,2,0.0
19640,24.0,8,12,2,0.0
19641,32.0,10,10,4,0.0
19642,54.0,13,7,2,0.0
19643,64.0,14,6,0,0.0
19644,64.0,15,5,3,0.0
19645,24.0,8,12,2,0.0
19646,66.0,15,5,2,0.0
19647,54.0,13,7,2,0.0
19648,40.0,10,10,0,3878137.75
19649,50.0,13,7,4,0.0
19650,14.0,8,12,7,0.0
19651,52.0,13,7,3,0.0
19652,50.0,13,7,4,0.0
19653,24.0,9,11,5,0.0
19654,52.0,13,7,3,0.0
19655,30.0,10,10,5,0.0
19656,52.0,14,6,6,0.0
19657,56.0,13,7,1,0.0
19658,48.0,12,8,2,0.0
19659,64.0,16,4,6,0.0
19660,62.0,14,6,1,0.0
19661,52.0,13,7,3,0.0
19662,78.0,18,2,5,0.0
19663,42.0,11,9,2,0.0
19664,60.0,14,6,2,0.0
19665,48.0,13,7,5,0.0
19666,66.0,16,4,5,0.0
19667,28.0,9,11,3,0.0
19668,42.0,12,8,5,0.0
19669,58.0,14,6,3,0.0
19670,56.0,13,7,1,0.0
19671,44.0,11,9,1,0.0
19672,62.0,15,5,4,0.0
19673,76.0,17,3,3,0.0
19674,50.0,13,7,4,0.0
19675,56.0,13,7,1,0.0
19676,64.0,16,4,6,0.0
19677,50.0,13,7,4,0.0
19678,66.0,16,4,5,0.0
19679,32.0,9,11,1,0.0
19680,44.0,12,8,4,11866015744.0
19681,48.0,12,8,2,0.0
19682,44.0,12,8,4,0.0
19683,52.0,13,7,3,0.0
19684,44.0,11,9,1,0.0
19685,74.0,17,3,4,0.0
19686,44.0,12,8,4,0.0
19687,52.0,13,7,3,0.0
19688,36.0,11,9,5,0.0
19689,54.0,13,7,2,0.0
19690,84.0,18,2,2,0.0
19691,58.0,14,6,3,0.0
19692,48.0,13,7,5,0.0
19693,38.0,10,10,1,0.0
19694,50.0,12,8,1,0.0
19695,42.0,11,9,2,0.0
19696,34.0,10,10,3,0.0
19697,44.0,12,8,4,0.0
19698,54.0,13,7,2,0.0
19699,26.0,9,11,4,0.0
19700,32.0,11,9,7,0.0
19701,62.0,14,6,1,0.0
19702,54.0,14,6,5,0.0
19703,24.0,10,10,8,0.0
19704,50.0,12,8,1,0.0
19705,22.0,8,12,3,0.0
19706,50.0,13,7,4,0.0
19707,70.0,15,5,0,0.0
19708,50.0,12,8,1,0.0
19709,64.0,15,5,3,0.0
19710,68.0,15,5,1,0.0
19711,44.0,13,7,7,0.0
19712,46.0,12,8,3,46120792.0
19713,50.0,13,7,4,0.0
19714,66.0,15,5,2,0.0
19715,56.0,14,6,4,0.0
19716,64.0,14,6,0,0.0
19717,68.0,16,4,4,0.0
19718,48.0,12,8,2,0.0
19719,66.0,15,5,2,0.0
19720,44.0,13,7,7,0.0
19721,50.0,13,7,4,0.0
19722,62.0,15,5,4,0.0
19723,50.0,13,7,4,0.0
19724,64.0,14,6,0,0.0
19725,62.0,14,6,1,0.0
19726,60.0,14,6,2,0.0
19727,36.0,11,9,5,0.0
19728,50.0,12,8,1,0.0
19729,40.0,11,9,3,0.0
19730,28.0,9,11,3,0.0
19731,38.0,10,10,1,0.0
19732,66.0,15,5,2,0.0
19733,62.0,14,6,1,0.0
19734,50.0,13,7,4,0.0
19735,66.0,15,5,2,0.0
19736,32.0,10,10,4,0.0
19737,70.0,15,5,0,0.0
19738,72.0,16,4,2,0.0
19739,46.0,12,8,3,0.0
19740,48.0,12,8,2,0.0
19741,64.0,15,5,3,0.0
19742,42.0,11,9,2,0.0
19743,74.0,17,3,4,0.0
19744,46.0,12,8,3,214383.62630208334
19745,36.0,10,10,2,0.0
19746,20.0,8,12,4,0.0
19747,38.0,10,10,1,0.0
19748,54.0,13,7,2,0.0
19749,32.0,10,10,4,0.0
19750,44.0,12,8,4,0.0
19751,48.0,12,8,2,0.0
19752,56.0,14,6,4,0.0
19753,40.0,11,9,3,0.0
19754,50.0,13,7,4,0.0
19755,42.0,11,9,2,0.0
19756,70.0,15,5,0,0.0
19757,54.0,14,6,5,0.0
19758,26.0,9,11,4,0.0
19759,44.0,12,8,4,0.0
19760,64.0,15,5,3,0.0
19761,42.0,11,9,2,0.0
19762,70.0,15,5,0,0.0
19763,24.0,9,11,5,0.0
19764,72.0,16,4,2,0.0
19765,62.0,14,6,1,0.0
19766,52.0,13,7,3,0.0
19767,40.0,11,9,3,0.0
19768,42.0,12,8,5,0.0
19769,42.0,11,9,2,0.0
19770,32.0,11,9,7,0.0
19771,28.0,9,11,3,0.0
19772,48.0,13,7,5,0.0
19773,42.0,12,8,5,0.0
19774,52.0,13,7,3,0.0
19775,58.0,15,5,6,0.0
19776,58.0,14,6,3,70238952.0
19777,46.0,11,9,0,0.0
19778,26.0,9,11,4,0.0
19779,56.0,13,7,1,0.0
19780,56.0,13,7,1,0.0
19781,68.0,15,5,1,0.0
19782,46.0,12,8,3,0.0
19783,50.0,14,6,7,0.0
19784,62.0,15,5,4,0.0
19785,66.0,15,5,2,0.0
19786,68.0,16,4,4,0.0
19787,46.0,13,7,6,0.0
19788,42.0,11,9,2,0.0
19789,52.0,13,7,3,0.0
19790,46.0,13,7,6,0.0
19791,46.0,12,8,3,0.0
19792,26.0,9,11,4,0.0
19793,66.0,15,5,2,0.0
19794,52.0,12,8,0,0.0
19795,34.0,10,10,3,0.0
19796,32.0,10,10,4,0.0
19797,80.0,17,3,1,0.0
19798,72.0,16,4,2,0.0
19799,42.0,11,9,2,0.0
19800,42.0,12,8,5,0.0
19801,50.0,13,7,4,0.0
19802,38.0,11,9,4,0.0
19803,68.0,15,5,1,0.0
19804,46.0,12,8,3,0.0
19805,60.0,14,6,2,0.0
19806,50.0,13,7,4,0.0
19807,50.0,12,8,1,0.0
19808,66.0,15,5,2,21.87191931406657
19809,56.0,13,7,1,0.0
19810,-2.0,4,16,3,0.0
19811,44.0,11,9,1,0.0
19812,30.0,10,10,5,0.0
19813,28.0,9,11,3,0.0
19814,54.0,14,6,5,0.0
19815,74.0,16,4,1,0.0
19816,40.0,11,9,3,0.0
19817,66.0,15,5,2,0.0
19818,36.0,11,9,5,0.0
19819,46.0,12,8,3,0.0
19820,54.0,13,7,2,0.0
19821,32.0,10,10,4,0.0
19822,46.0,12,8,3,0.0
19823,48.0,13,7,5,0.0
19824,50.0,13,7,4,0.0
19825,64.0,14,6,0,0.0
19826,60.0,14,6,2,0.0
19827,44.0,12,8,4,0.0
19828,50.0,12,8,1,0.0
19829,24.0,8,12,2,0.0
19830,48.0,12,8,2,0.0
19831,54.0,13,7,2,0.0
19832,68.0,17,3,7,0.0
19833,54.0,13,7,2,0.0
19834,64.0,15,5,3,0.0
19835,28.0,9,11,3,0.0
19836,56.0,14,6,4,0.0
19837,86.0,18,2,1,0.0
19838,32.0,10,10,4,0.0
19839,36.0,11,9,5,0.0
19840,42.0,12,8,5,297.2049916585286
19841,48.0,13,7,5,0.0
19842,50.0,12,8,1,0.0
19843,62.0,14,6,1,0.0
19844,34.0,10,10,3,0.0
19845,24.0,9,11,5,0.0
19846,58.0,14,6,3,0.0
19847,64.0,15,5,3,0.0
19848,50.0,12,8,1,0.0
19849,20.0,8,12,4,0.0
19850,58.0,15,5,6,0.0
19851,60.0,14,6,2,0.0
19852,54.0,13,7,2,0.0
19853,64.0,14,6,0,0.0
19854,44.0,12,8,4,0.0
19855,30.0,9,11,2,0.0
19856,44.0,12,8,4,0.0
19857,48.0,12,8,2,0.0
19858,50.0,13,7,4,0.0
19859,38.0,11,9,4,0.0
19860,46.0,13,7,6,0.0
19861,46.0,13,7,6,0.0
19862,56.0,13,7,1,0.0
19863,56.0,14,6,4,0.0
19864,58.0,14,6,3,0.0
19865,38.0,10,10,1,0.0
19866,42.0,11,9,2,0.0
19867,56.0,13,7,1,0.0
19868,28.0,9,11,3,0.0
19869,62.0,14,6,1,0.0
19870,44.0,12,8,4,0.0
19871,58.0,14,6,3,0.0
19872,36.0,11,9,5,2.8402786254882812
19873,38.0,11,9,4,0.0
19874,52.0,12,8,0,0.0
19875,54.0,13,7,2,0.0
19876,28.0,9,11,3,0.0
19877,50.0,13,7,4,0.0
19878,76.0,16,4,0,0.0
19879,36.0,11,9,5,0.0
19880,46.0,12,8,3,0.0
19881,48.0,13,7,5,0.0
19882,56.0,14,6,4,0.0
19883,44.0,12,8,4,0.0
19884,52.0,13,7,3,0.0
19885,50.0,13,7,4,0.0
19886,70.0,16,4,3,0.0
19887,66.0,16,4,5,0.0
19888,56.0,13,7,1,0.0
19889,60.0,14,6,2,0.0
19890,26.0,9,11,4,0.0
19891,36.0,11,9,5,0.0
19892,50.0,12,8,1,0.0
19893,56.0,13,7,1,0.0
19894,58.0,14,6,3,0.0
19895,44.0,12,8,4,0.0
19896,38.0,10,10,1,0.0
19897,76.0,16,4,0,0.0
19898,58.0,14,6,3,0.0
19899,38.0,10,10,1,0.0
19900,50.0,13,7,4,0.0
19901,60.0,15,5,5,0.0
19902,44.0,11,9,1,0.0
19903,50.0,13,7,4,0.0
19904,50.0,13,7,4,36541.897135416664
19905,54.0,13,7,2,0.0
19906,46.0,11,9,0,0.0
19907,24.0,9,11,5,0.0
19908,76.0,16,4,0,0.0
19909,50.0,12,8,1,0.0
19910,48.0,12,8,2,0.0
19911,58.0,14,6,3,0.0
19912,58.0,14,6,3,0.0
19913,86.0,18,2,1,0.0
19914,66.0,15,5,2,0.0
19915,38.0,10,10,1,0.0
19916,66.0,16,4,5,0.0
19917,52.0,13,7,3,0.0
19918,54.0,13,7,2,0.0
19919,52.0,13,7,3,0.0
19920,62.0,14,6,1,0.0
19921,38.0,10,10,1,0.0
19922,46.0,12,8,3,0.0
19923,46.0,12,8,3,0.0
19924,70.0,15,5,0,0.0
19925,34.0,9,11,0,0.0
19926,44.0,12,8,4,0.0
19927,62.0,15,5,4,0.0
19928,48.0,12,8,2,0.0
19929,46.0,12,8,3,0.0
19930,58.0,14,6,3,0.0
19931,58.0,13,7,0,0.0
19932,50.0,13,7,4,0.0
19933,34.0,11,9,6,0.0
19934,48.0,12,8,2,0.0
19935,46.0,11,9,0,0.0
19936,62.0,15,5,4,150209839104.0
19937,58.0,14,6,3,0.0
19938,52.0,13,7,3,0.0
19939,64.0,15,5,3,0.0
19940,38.0,10,10,1,0.0
19941,46.0,12,8,3,0.0
19942,60.0,14,6,2,0.0
19943,66.0,15,5,2,0.0
19944,34.0,9,11,0,0.0
19945,62.0,14,6,1,0.0
19946,66.0,15,5,2,0.0
19947,38.0,11,9,4,0.0
19948,56.0,13,7,1,0.0
19949,50.0,12,8,1,0.0
19950,24.0,8,12,2,0.0
19951,18.0,7,13,2,0.0
19952,64.0,15,5,3,0.0
19953,38.0,10,10,1,0.0
19954,50.0,13,7,4,0.0
19955,38.0,11,9,4,0.0
19956,52.0,13,7,3,0.0
19957,26.0,9,11,4,0.0
19958,68.0,16,4,4,0.0
19959,44.0,12,8,4,0.0
19960,54.0,13,7,2,0.0
19961,42.0,11,9,2,0.0
19962,62.0,14,6,1,0.0
19963,40.0,11,9,3,0.0
19964,64.0,15,5,3,0.0
19965,40.0,10,10,0,0.0
19966,66.0,15,5,2,0.0
19967,38.0,11,9,4,0.0
19968,66.0,15,5,2,318215.1875
19969,44.0,12,8,4,0.0
19970,28.0,9,11,3,0.0
19971,36.0,10,10,2,0.0
19972,42.0,12,8,5,0.0
19973,44.0,13,7,7,0.0
19974,52.0,13,7,3,0.0
19975,38.0,11,9,4,0.0
19976,24.0,8,12,2,0.0
19977,80.0,18,2,4,0.0
19978,38.0,12,8,7,0.0
19979,64.0,15,5,3,0.0
19980,40.0,11,9,3,0.0
19981,50.0,13,7,4,0.0
19982,72.0,16,4,2,0.0
19983,44.0,11,9,1,0.0
19984,46.0,11,9,0,0.0
19985,36.0,10,10,2,0.0
19986,58.0,14,6,3,0.0
19987,30.0,10,10,5,0.0
19988,54.0,13,7,2,0.0
19989,44.0,12,8,4,0.0
19990,16.0,7,13,3,0.0
19991,34.0,10,10,3,0.0
19992,46.0,12,8,3,0.0
19993,56.0,13,7,1,0.0
19994,56.0,13,7,1,0.0
19995,42.0,11,9,2,0.0
19996,48.0,12,8,2,0.0
19997,64.0,15,5,3,0.0
19998,74.0,17,3,4,0.0
19999,56.0,14,6,4,0.0
20000,40.0,11,9,3,32.997135162353516
20001,58.0,13,7,0,0.0
20002,28.0,9,11,3,0.0
1,-4.0,3,17,1,0.0
2,-6.0,3,17,2,0.0
3,0.0,4,16,2,0.0
4,-10.0,3,17,4,0.0
5,-22.0,1,19,4,0.0
6,-2.0,3,17,0,0.0
7,-10.0,2,18,1,0.0
8,-6.0,3,17,2,0.0
9,2.0,4,16,1,0.0
10,-18.0,1,19,2,0.0
11,-20.0,1,19,3,0.0
12,-8.0,3,17,3,0.0
13,-2.0,4,16,3,0.0
14,-20.0,1,19,3,0.0
1,-4.0,3,17,1,0.0
2,-12.0,2,18,2,0.0
3,2.0,4,16,1,0.0
4,-2.0,4,16,3,0.0
5,-10.0,2,18,1,0.0
6,8.0,5,15,1,0.0
7,-16.0,2,18,4,0.0
8,-8.0,2,18,0,0.0
9,-2.0,4,16,3,0.0
10,-4.0,3,17,1,0.0
11,4.0,4,16,0,0.0
12,-8.0,2,18,0,0.0
13,-18.0,1,19,2,0.0
14,-14.0,1,19,0,0.0
15,-22.0,1,19,4,0.0
16,-4.0,3,17,1,0.0
